estacao_id,estacao_nome,data,mm
2320,Imbituva Bela Vista,2015-08-31,0.2
2320,Imbituva Bela Vista,2015-09-01,0.2
2320,Imbituva Bela Vista,2015-09-02,0.0
2320,Imbituva Bela Vista,2015-09-03,0.2
2320,Imbituva Bela Vista,2015-09-04,7.6
2320,Imbituva Bela Vista,2015-09-05,0.0
2320,Imbituva Bela Vista,2015-09-06,0.0
2320,Imbituva Bela Vista,2015-09-07,1.6
2320,Imbituva Bela Vista,2015-09-08,64.2
2320,Imbituva Bela Vista,2015-09-09,0.2
2320,Imbituva Bela Vista,2015-09-10,6.2
2320,Imbituva Bela Vista,2015-09-11,0.2
2320,Imbituva Bela Vista,2015-09-12,0.0
2320,Imbituva Bela Vista,2015-09-13,0.2
2320,Imbituva Bela Vista,2015-09-14,0.2
2320,Imbituva Bela Vista,2015-09-15,0.0
2320,Imbituva Bela Vista,2015-09-16,0.2
2320,Imbituva Bela Vista,2015-09-17,0.0
2320,Imbituva Bela Vista,2015-09-18,0.0
2320,Imbituva Bela Vista,2015-09-19,0.0
2320,Imbituva Bela Vista,2015-09-20,0.0
2320,Imbituva Bela Vista,2015-09-21,0.2
2320,Imbituva Bela Vista,2015-09-22,0.0
2320,Imbituva Bela Vista,2015-09-23,0.0
2320,Imbituva Bela Vista,2015-09-24,0.0
2320,Imbituva Bela Vista,2015-09-25,16.4
2320,Imbituva Bela Vista,2015-09-26,9.0
2320,Imbituva Bela Vista,2015-09-27,40.6
2320,Imbituva Bela Vista,2015-09-28,0.0
2320,Imbituva Bela Vista,2015-09-29,0.2
2320,Imbituva Bela Vista,2015-09-30,4.4
2320,Imbituva Bela Vista,2015-10-01,0.0
2320,Imbituva Bela Vista,2015-10-02,10.4
2320,Imbituva Bela Vista,2015-10-03,2.4
2320,Imbituva Bela Vista,2015-10-04,0.4
2320,Imbituva Bela Vista,2015-10-05,0.0
2320,Imbituva Bela Vista,2015-10-06,0.0
2320,Imbituva Bela Vista,2015-10-07,0.0
2320,Imbituva Bela Vista,2015-10-08,0.6
2320,Imbituva Bela Vista,2015-10-09,28.4
2320,Imbituva Bela Vista,2015-10-10,25.8
2320,Imbituva Bela Vista,2015-10-11,50.4
2320,Imbituva Bela Vista,2015-10-12,8.6
2320,Imbituva Bela Vista,2015-10-13,0.2
2320,Imbituva Bela Vista,2015-10-14,0.2
2320,Imbituva Bela Vista,2015-10-15,0.2
2320,Imbituva Bela Vista,2015-10-16,0.2
2320,Imbituva Bela Vista,2015-10-17,0.0
2320,Imbituva Bela Vista,2015-10-18,0.0
2320,Imbituva Bela Vista,2015-10-19,0.0
2320,Imbituva Bela Vista,2015-10-20,0.2
2320,Imbituva Bela Vista,2015-10-21,0.0
2320,Imbituva Bela Vista,2015-10-22,0.0
2320,Imbituva Bela Vista,2015-10-23,0.0
2320,Imbituva Bela Vista,2015-10-24,0.0
2320,Imbituva Bela Vista,2015-10-25,0.0
2320,Imbituva Bela Vista,2015-10-26,0.0
2320,Imbituva Bela Vista,2015-10-27,1.0
2320,Imbituva Bela Vista,2015-10-28,0.0
2320,Imbituva Bela Vista,2015-10-29,0.0
2320,Imbituva Bela Vista,2015-10-30,4.0
2320,Imbituva Bela Vista,2015-10-31,9.0
2320,Imbituva Bela Vista,2017-05-01,0.2
2320,Imbituva Bela Vista,2017-05-02,0.07
2320,Imbituva Bela Vista,2017-05-03,0.14
2320,Imbituva Bela Vista,2017-05-04,9.65
2320,Imbituva Bela Vista,2017-05-05,0.97
2320,Imbituva Bela Vista,2017-05-06,0.16
2320,Imbituva Bela Vista,2017-05-07,0.17
2320,Imbituva Bela Vista,2017-05-08,0.35
2320,Imbituva Bela Vista,2017-05-09,0.2
2320,Imbituva Bela Vista,2017-05-10,3.4
2320,Imbituva Bela Vista,2017-05-11,0.0
2320,Imbituva Bela Vista,2017-05-12,0.0
2320,Imbituva Bela Vista,2017-05-13,3.8
2320,Imbituva Bela Vista,2017-05-14,12.4
2320,Imbituva Bela Vista,2017-05-15,0.4
2320,Imbituva Bela Vista,2017-05-16,0.2
2320,Imbituva Bela Vista,2017-05-17,0.2
2320,Imbituva Bela Vista,2017-05-18,57.2
2320,Imbituva Bela Vista,2017-05-19,43.2
2320,Imbituva Bela Vista,2017-05-20,0.6
2320,Imbituva Bela Vista,2017-05-21,15.0
2320,Imbituva Bela Vista,2017-05-22,0.2
2320,Imbituva Bela Vista,2017-05-23,1.0
2320,Imbituva Bela Vista,2017-05-24,0.6
2320,Imbituva Bela Vista,2017-05-25,0.4
2320,Imbituva Bela Vista,2017-05-26,0.2
2320,Imbituva Bela Vista,2017-05-27,0.6
2320,Imbituva Bela Vista,2017-05-28,1.0
2320,Imbituva Bela Vista,2017-05-29,1.6
2320,Imbituva Bela Vista,2017-05-30,7.0
2320,Imbituva Bela Vista,2017-05-31,31.8
2320,Imbituva Bela Vista,2017-05-31,31.8
2320,Imbituva Bela Vista,2017-06-01,0.8
2320,Imbituva Bela Vista,2017-06-02,0.0
2320,Imbituva Bela Vista,2017-06-03,0.0
2320,Imbituva Bela Vista,2017-06-04,1.0
2320,Imbituva Bela Vista,2017-06-05,43.6
2320,Imbituva Bela Vista,2017-06-06,38.4
2320,Imbituva Bela Vista,2017-06-07,0.2
2320,Imbituva Bela Vista,2017-06-08,13.4
2320,Imbituva Bela Vista,2017-06-09,0.2
2320,Imbituva Bela Vista,2017-06-10,0.2
2320,Imbituva Bela Vista,2017-06-11,0.4
2320,Imbituva Bela Vista,2017-06-12,0.2
2320,Imbituva Bela Vista,2017-06-13,0.0
2320,Imbituva Bela Vista,2017-06-14,0.0
2320,Imbituva Bela Vista,2017-06-15,0.4
2320,Imbituva Bela Vista,2017-06-16,0.4
2320,Imbituva Bela Vista,2017-06-17,0.2
2320,Imbituva Bela Vista,2017-06-18,0.4
2320,Imbituva Bela Vista,2017-06-19,3.2
2320,Imbituva Bela Vista,2017-06-20,9.2
2320,Imbituva Bela Vista,2017-06-21,0.0
2320,Imbituva Bela Vista,2017-06-22,0.2
2320,Imbituva Bela Vista,2017-06-23,0.4
2320,Imbituva Bela Vista,2017-06-24,0.4
2320,Imbituva Bela Vista,2017-06-25,0.6
2320,Imbituva Bela Vista,2017-06-26,0.4
2320,Imbituva Bela Vista,2017-06-27,0.2
2320,Imbituva Bela Vista,2017-06-28,0.4
2320,Imbituva Bela Vista,2017-06-29,0.0
2320,Imbituva Bela Vista,2017-06-30,0.2
2320,Imbituva Bela Vista,2019-03-31,0.2
2320,Imbituva Bela Vista,2019-04-01,0.0
2320,Imbituva Bela Vista,2019-04-02,0.2
2320,Imbituva Bela Vista,2019-04-03,0.4
2320,Imbituva Bela Vista,2019-04-04,0.0
2320,Imbituva Bela Vista,2019-04-05,8.8
2320,Imbituva Bela Vista,2019-04-06,47.4
2320,Imbituva Bela Vista,2019-04-07,12.0
2320,Imbituva Bela Vista,2019-04-08,2.2
2320,Imbituva Bela Vista,2019-04-09,0.0
2320,Imbituva Bela Vista,2019-04-10,0.0
2320,Imbituva Bela Vista,2019-04-11,0.0
2320,Imbituva Bela Vista,2019-04-12,0.4
2320,Imbituva Bela Vista,2019-04-13,0.2
2320,Imbituva Bela Vista,2019-04-14,0.0
2320,Imbituva Bela Vista,2019-04-15,0.0
2320,Imbituva Bela Vista,2019-04-16,7.0
2320,Imbituva Bela Vista,2019-04-17,0.6
2320,Imbituva Bela Vista,2019-04-18,0.4
2320,Imbituva Bela Vista,2019-04-19,0.4
2320,Imbituva Bela Vista,2019-04-20,0.2
2320,Imbituva Bela Vista,2019-04-21,6.0
2320,Imbituva Bela Vista,2019-04-22,6.2
2320,Imbituva Bela Vista,2019-04-23,1.4
2320,Imbituva Bela Vista,2019-04-24,0.0
2320,Imbituva Bela Vista,2019-04-25,0.2
2320,Imbituva Bela Vista,2019-04-26,0.2
2320,Imbituva Bela Vista,2019-04-27,28.6
2320,Imbituva Bela Vista,2019-04-28,27.2
2320,Imbituva Bela Vista,2019-04-29,0.4
2320,Imbituva Bela Vista,2019-04-30,0.2
2320,Imbituva Bela Vista,2019-05-01,0.6
2320,Imbituva Bela Vista,2019-05-02,0.0
2320,Imbituva Bela Vista,2019-05-03,0.2
2320,Imbituva Bela Vista,2019-05-04,0.2
2320,Imbituva Bela Vista,2019-05-05,0.2
2320,Imbituva Bela Vista,2019-05-06,40.8
2320,Imbituva Bela Vista,2019-05-07,0.0
2320,Imbituva Bela Vista,2019-05-08,0.0
2320,Imbituva Bela Vista,2019-05-09,0.0
2320,Imbituva Bela Vista,2019-05-10,0.0
2320,Imbituva Bela Vista,2019-05-11,15.2
2320,Imbituva Bela Vista,2019-05-12,3.6
2320,Imbituva Bela Vista,2019-05-13,19.0
2320,Imbituva Bela Vista,2019-05-14,0.0
2320,Imbituva Bela Vista,2019-05-15,0.0
2320,Imbituva Bela Vista,2019-05-16,0.2
2320,Imbituva Bela Vista,2019-05-17,0.8
2320,Imbituva Bela Vista,2019-05-18,0.6
2320,Imbituva Bela Vista,2019-05-19,0.0
2320,Imbituva Bela Vista,2019-05-20,0.4
2320,Imbituva Bela Vista,2019-05-21,0.4
2320,Imbituva Bela Vista,2019-05-22,0.2
2320,Imbituva Bela Vista,2019-05-23,93.8
2320,Imbituva Bela Vista,2019-05-24,20.8
2320,Imbituva Bela Vista,2019-05-25,0.0
2320,Imbituva Bela Vista,2019-05-26,0.4
2320,Imbituva Bela Vista,2019-05-27,0.2
2320,Imbituva Bela Vista,2019-05-28,69.2
2320,Imbituva Bela Vista,2019-05-29,0.0
2320,Imbituva Bela Vista,2019-05-30,27.8
2320,Imbituva Bela Vista,2019-05-31,47.4
2320,Imbituva Bela Vista,2019-05-31,47.4
2320,Imbituva Bela Vista,2019-06-01,9.8
2320,Imbituva Bela Vista,2019-06-02,28.0
2320,Imbituva Bela Vista,2019-06-03,0.2
2320,Imbituva Bela Vista,2019-06-04,0.2
2320,Imbituva Bela Vista,2019-06-05,0.4
2320,Imbituva Bela Vista,2019-06-06,0.0
2320,Imbituva Bela Vista,2019-06-07,0.2
2320,Imbituva Bela Vista,2019-06-08,0.4
2320,Imbituva Bela Vista,2019-06-09,0.2
2320,Imbituva Bela Vista,2019-06-10,0.2
2320,Imbituva Bela Vista,2019-06-11,0.2
2320,Imbituva Bela Vista,2019-06-12,0.2
2320,Imbituva Bela Vista,2019-06-13,0.4
2320,Imbituva Bela Vista,2019-06-14,0.2
2320,Imbituva Bela Vista,2019-06-15,0.4
2320,Imbituva Bela Vista,2019-06-16,0.2
2320,Imbituva Bela Vista,2019-06-17,0.2
2320,Imbituva Bela Vista,2019-06-18,0.2
2320,Imbituva Bela Vista,2019-06-19,0.4
2320,Imbituva Bela Vista,2019-06-20,0.0
2320,Imbituva Bela Vista,2019-06-21,0.0
2320,Imbituva Bela Vista,2019-06-22,0.32
2320,Imbituva Bela Vista,2019-06-23,0.4
2320,Imbituva Bela Vista,2019-06-24,0.4
2320,Imbituva Bela Vista,2019-06-25,0.4
2320,Imbituva Bela Vista,2019-06-26,79.6
2320,Imbituva Bela Vista,2019-06-27,0.6
2320,Imbituva Bela Vista,2019-06-28,0.0
2320,Imbituva Bela Vista,2019-06-29,0.4
2320,Imbituva Bela Vista,2019-06-30,0.4
2320,Imbituva Bela Vista,2020-12-01,31.8
2320,Imbituva Bela Vista,2020-12-02,0.0
2320,Imbituva Bela Vista,2020-12-03,19.0
2320,Imbituva Bela Vista,2020-12-04,0.4
2320,Imbituva Bela Vista,2020-12-05,47.4
2320,Imbituva Bela Vista,2020-12-06,17.6
2320,Imbituva Bela Vista,2020-12-07,0.4
2320,Imbituva Bela Vista,2020-12-08,0.0
2320,Imbituva Bela Vista,2020-12-09,0.2
2320,Imbituva Bela Vista,2020-12-10,0.0
2320,Imbituva Bela Vista,2020-12-11,0.6
2320,Imbituva Bela Vista,2020-12-12,0.0
2320,Imbituva Bela Vista,2020-12-13,0.0
2320,Imbituva Bela Vista,2020-12-14,1.0
2320,Imbituva Bela Vista,2020-12-15,10.4
2320,Imbituva Bela Vista,2020-12-16,2.8
2320,Imbituva Bela Vista,2020-12-17,19.4
2320,Imbituva Bela Vista,2020-12-18,0.2
2320,Imbituva Bela Vista,2020-12-19,14.2
2320,Imbituva Bela Vista,2020-12-20,11.8
2320,Imbituva Bela Vista,2020-12-21,0.2
2320,Imbituva Bela Vista,2020-12-22,0.0
2320,Imbituva Bela Vista,2020-12-23,0.0
2320,Imbituva Bela Vista,2020-12-24,0.0
2320,Imbituva Bela Vista,2020-12-25,0.0
2320,Imbituva Bela Vista,2020-12-26,0.0
2320,Imbituva Bela Vista,2020-12-27,0.0
2320,Imbituva Bela Vista,2020-12-28,0.0
2320,Imbituva Bela Vista,2020-12-29,3.8
2320,Imbituva Bela Vista,2020-12-30,0.0
2320,Imbituva Bela Vista,2020-12-31,17.8
2320,Imbituva Bela Vista,2021-01-01,6.6
2320,Imbituva Bela Vista,2021-01-02,0.4
2320,Imbituva Bela Vista,2021-01-03,20.8
2320,Imbituva Bela Vista,2021-01-04,26.0
2320,Imbituva Bela Vista,2021-01-05,10.6
2320,Imbituva Bela Vista,2021-01-06,2.4
2320,Imbituva Bela Vista,2021-01-07,1.6
2320,Imbituva Bela Vista,2021-01-08,9.2
2320,Imbituva Bela Vista,2021-01-09,1.2
2320,Imbituva Bela Vista,2021-01-10,1.0
2320,Imbituva Bela Vista,2021-01-11,0.0
2320,Imbituva Bela Vista,2021-01-12,0.0
2320,Imbituva Bela Vista,2021-01-13,1.6
2320,Imbituva Bela Vista,2021-01-14,0.0
2320,Imbituva Bela Vista,2021-01-15,0.4
2320,Imbituva Bela Vista,2021-01-16,1.0
2320,Imbituva Bela Vista,2021-01-17,6.6
2320,Imbituva Bela Vista,2021-01-18,60.2
2320,Imbituva Bela Vista,2021-01-19,79.0
2320,Imbituva Bela Vista,2021-01-20,39.8
2320,Imbituva Bela Vista,2021-01-21,1.4
2320,Imbituva Bela Vista,2021-01-22,9.8
2320,Imbituva Bela Vista,2021-01-23,0.6
2320,Imbituva Bela Vista,2021-01-24,1.8
2320,Imbituva Bela Vista,2021-01-25,21.4
2320,Imbituva Bela Vista,2021-01-26,9.4
2320,Imbituva Bela Vista,2021-01-27,18.4
2320,Imbituva Bela Vista,2021-01-28,9.4
2320,Imbituva Bela Vista,2021-01-29,3.4
2320,Imbituva Bela Vista,2021-01-30,12.4
2320,Imbituva Bela Vista,2021-01-31,6.8
2320,Imbituva Bela Vista,2022-05-01,0.4
2320,Imbituva Bela Vista,2022-05-02,0.2
2320,Imbituva Bela Vista,2022-05-03,46.4
2320,Imbituva Bela Vista,2022-05-04,4.6
2320,Imbituva Bela Vista,2022-05-05,0.4
2320,Imbituva Bela Vista,2022-05-06,0.4
2320,Imbituva Bela Vista,2022-05-07,0.0
2320,Imbituva Bela Vista,2022-05-08,0.4
2320,Imbituva Bela Vista,2022-05-09,0.4
2320,Imbituva Bela Vista,2022-05-10,3.4
2320,Imbituva Bela Vista,2022-05-11,2.0
2320,Imbituva Bela Vista,2022-05-12,0.4
2320,Imbituva Bela Vista,2022-05-13,0.4
2320,Imbituva Bela Vista,2022-05-14,0.2
2320,Imbituva Bela Vista,2022-05-15,0.2
2320,Imbituva Bela Vista,2022-05-16,0.4
2320,Imbituva Bela Vista,2022-05-17,0.0
2320,Imbituva Bela Vista,2022-05-18,0.0
2320,Imbituva Bela Vista,2022-05-19,0.4
2320,Imbituva Bela Vista,2022-05-20,0.4
2320,Imbituva Bela Vista,2022-05-21,0.4
2320,Imbituva Bela Vista,2022-05-22,0.4
2320,Imbituva Bela Vista,2022-05-23,0.0
2320,Imbituva Bela Vista,2022-05-24,0.4
2320,Imbituva Bela Vista,2022-05-25,0.2
2320,Imbituva Bela Vista,2022-05-26,0.2
2320,Imbituva Bela Vista,2022-05-27,0.2
2320,Imbituva Bela Vista,2022-05-28,0.2
2320,Imbituva Bela Vista,2022-05-29,25.6
2320,Imbituva Bela Vista,2022-05-30,11.6
2320,Imbituva Bela Vista,2022-05-31,4.6
2320,Imbituva Bela Vista,2022-05-31,4.6
2320,Imbituva Bela Vista,2022-06-01,49.8
2320,Imbituva Bela Vista,2022-06-02,94.4
2320,Imbituva Bela Vista,2022-06-03,0.2
2320,Imbituva Bela Vista,2022-06-04,0.0
2320,Imbituva Bela Vista,2022-06-05,0.0
2320,Imbituva Bela Vista,2022-06-06,8.4
2320,Imbituva Bela Vista,2022-06-07,35.0
2320,Imbituva Bela Vista,2022-06-08,0.0
2320,Imbituva Bela Vista,2022-06-09,25.0
2320,Imbituva Bela Vista,2022-06-10,0.2
2320,Imbituva Bela Vista,2022-06-11,0.4
2320,Imbituva Bela Vista,2022-06-12,0.4
2320,Imbituva Bela Vista,2022-06-13,0.4
2320,Imbituva Bela Vista,2022-06-14,0.4
2320,Imbituva Bela Vista,2022-06-15,0.2
2320,Imbituva Bela Vista,2022-06-16,0.4
2320,Imbituva Bela Vista,2022-06-17,35.6
2320,Imbituva Bela Vista,2022-06-18,0.2
2320,Imbituva Bela Vista,2022-06-19,0.4
2320,Imbituva Bela Vista,2022-06-20,0.2
2320,Imbituva Bela Vista,2022-06-21,0.2
2320,Imbituva Bela Vista,2022-06-22,0.4
2320,Imbituva Bela Vista,2022-06-23,0.2
2320,Imbituva Bela Vista,2022-06-24,0.4
2320,Imbituva Bela Vista,2022-06-25,0.4
2320,Imbituva Bela Vista,2022-06-26,0.0
2320,Imbituva Bela Vista,2022-06-27,0.2
2320,Imbituva Bela Vista,2022-06-28,0.4
2320,Imbituva Bela Vista,2022-06-29,0.2
2320,Imbituva Bela Vista,2022-06-30,0.4
2320,Imbituva Bela Vista,2022-08-31,0.0
2320,Imbituva Bela Vista,2022-09-01,0.0
2320,Imbituva Bela Vista,2022-09-02,3.4
2320,Imbituva Bela Vista,2022-09-03,17.0
2320,Imbituva Bela Vista,2022-09-04,1.0
2320,Imbituva Bela Vista,2022-09-05,7.4
2320,Imbituva Bela Vista,2022-09-06,28.0
2320,Imbituva Bela Vista,2022-09-07,24.2
2320,Imbituva Bela Vista,2022-09-08,0.2
2320,Imbituva Bela Vista,2022-09-09,0.0
2320,Imbituva Bela Vista,2022-09-10,1.4
2320,Imbituva Bela Vista,2022-09-11,0.0
2320,Imbituva Bela Vista,2022-09-12,42.8
2320,Imbituva Bela Vista,2022-09-13,23.0
2320,Imbituva Bela Vista,2022-09-14,13.2
2320,Imbituva Bela Vista,2022-09-15,2.6
2320,Imbituva Bela Vista,2022-09-16,0.0
2320,Imbituva Bela Vista,2022-09-17,0.0
2320,Imbituva Bela Vista,2022-09-18,0.0
2320,Imbituva Bela Vista,2022-09-19,14.2
2320,Imbituva Bela Vista,2022-09-20,0.0
2320,Imbituva Bela Vista,2022-09-21,16.4
2320,Imbituva Bela Vista,2022-09-22,0.2
2320,Imbituva Bela Vista,2022-09-23,0.0
2320,Imbituva Bela Vista,2022-09-24,0.0
2320,Imbituva Bela Vista,2022-09-25,22.0
2320,Imbituva Bela Vista,2022-09-26,46.8
2320,Imbituva Bela Vista,2022-09-27,3.8
2320,Imbituva Bela Vista,2022-09-28,1.4
2320,Imbituva Bela Vista,2022-09-29,0.2
2320,Imbituva Bela Vista,2022-09-30,0.0
2320,Imbituva Bela Vista,2022-10-01,3.0
2320,Imbituva Bela Vista,2022-10-02,0.2
2320,Imbituva Bela Vista,2022-10-03,0.2
2320,Imbituva Bela Vista,2022-10-04,0.0
2320,Imbituva Bela Vista,2022-10-05,0.4
2320,Imbituva Bela Vista,2022-10-06,45.4
2320,Imbituva Bela Vista,2022-10-07,1.4
2320,Imbituva Bela Vista,2022-10-08,0.2
2320,Imbituva Bela Vista,2022-10-09,0.2
2320,Imbituva Bela Vista,2022-10-10,10.0
2320,Imbituva Bela Vista,2022-10-11,7.6
2320,Imbituva Bela Vista,2022-10-12,4.4
2320,Imbituva Bela Vista,2022-10-13,3.2
2320,Imbituva Bela Vista,2022-10-14,24.6
2320,Imbituva Bela Vista,2022-10-15,2.2
2320,Imbituva Bela Vista,2022-10-16,15.4
2320,Imbituva Bela Vista,2022-10-17,0.4
2320,Imbituva Bela Vista,2022-10-18,1.8
2320,Imbituva Bela Vista,2022-10-19,0.0
2320,Imbituva Bela Vista,2022-10-20,51.0
2320,Imbituva Bela Vista,2022-10-21,9.6
2320,Imbituva Bela Vista,2022-10-22,0.2
2320,Imbituva Bela Vista,2022-10-23,0.0
2320,Imbituva Bela Vista,2022-10-24,2.6
2320,Imbituva Bela Vista,2022-10-25,0.0
2320,Imbituva Bela Vista,2022-10-26,0.0
2320,Imbituva Bela Vista,2022-10-27,0.2
2320,Imbituva Bela Vista,2022-10-28,0.0
2320,Imbituva Bela Vista,2022-10-29,36.4
2320,Imbituva Bela Vista,2022-10-30,27.6
2320,Imbituva Bela Vista,2022-10-31,20.2
2320,Imbituva Bela Vista,2022-10-31,20.2
2320,Imbituva Bela Vista,2022-11-01,4.4
2320,Imbituva Bela Vista,2022-11-02,0.0
2320,Imbituva Bela Vista,2022-11-03,0.0
2320,Imbituva Bela Vista,2022-11-04,0.0
2320,Imbituva Bela Vista,2022-11-05,0.0
2320,Imbituva Bela Vista,2022-11-06,0.0
2320,Imbituva Bela Vista,2022-11-07,0.0
2320,Imbituva Bela Vista,2022-11-08,0.2
2320,Imbituva Bela Vista,2022-11-09,0.2
2320,Imbituva Bela Vista,2022-11-10,0.0
2320,Imbituva Bela Vista,2022-11-11,15.0
2320,Imbituva Bela Vista,2022-11-12,7.8
2320,Imbituva Bela Vista,2022-11-13,11.0
2320,Imbituva Bela Vista,2022-11-14,5.0
2320,Imbituva Bela Vista,2022-11-15,0.2
2320,Imbituva Bela Vista,2022-11-16,0.0
2320,Imbituva Bela Vista,2022-11-17,0.0
2320,Imbituva Bela Vista,2022-11-18,0.0
2320,Imbituva Bela Vista,2022-11-19,0.0
2320,Imbituva Bela Vista,2022-11-20,0.0
2320,Imbituva Bela Vista,2022-11-21,0.0
2320,Imbituva Bela Vista,2022-11-22,15.2
2320,Imbituva Bela Vista,2022-11-23,2.4
2320,Imbituva Bela Vista,2022-11-24,0.0
2320,Imbituva Bela Vista,2022-11-25,0.0
2320,Imbituva Bela Vista,2022-11-26,2.0
2320,Imbituva Bela Vista,2022-11-27,1.8
2320,Imbituva Bela Vista,2022-11-28,0.8
2320,Imbituva Bela Vista,2022-11-29,18.4
2320,Imbituva Bela Vista,2022-11-30,15.0
2320,Imbituva Bela Vista,2023-08-31,0.0
2320,Imbituva Bela Vista,2023-09-01,0.2
2320,Imbituva Bela Vista,2023-09-02,75.6
2320,Imbituva Bela Vista,2023-09-03,0.2
2320,Imbituva Bela Vista,2023-09-04,24.0
2320,Imbituva Bela Vista,2023-09-05,0.0
2320,Imbituva Bela Vista,2023-09-06,0.0
2320,Imbituva Bela Vista,2023-09-07,0.0
2320,Imbituva Bela Vista,2023-09-08,11.4
2320,Imbituva Bela Vista,2023-09-09,5.2
2320,Imbituva Bela Vista,2023-09-10,0.4
2320,Imbituva Bela Vista,2023-09-11,0.0
2320,Imbituva Bela Vista,2023-09-12,0.2
2320,Imbituva Bela Vista,2023-09-13,6.2
2320,Imbituva Bela Vista,2023-09-14,0.0
2320,Imbituva Bela Vista,2023-09-15,0.0
2320,Imbituva Bela Vista,2023-09-16,0.0
2320,Imbituva Bela Vista,2023-09-17,0.0
2320,Imbituva Bela Vista,2023-09-18,0.0
2320,Imbituva Bela Vista,2023-09-19,3.6
2320,Imbituva Bela Vista,2023-09-20,0.2
2320,Imbituva Bela Vista,2023-09-21,0.2
2320,Imbituva Bela Vista,2023-09-22,0.0
2320,Imbituva Bela Vista,2023-09-23,0.0
2320,Imbituva Bela Vista,2023-09-24,17.8
2320,Imbituva Bela Vista,2023-09-25,4.0
2320,Imbituva Bela Vista,2023-09-26,0.2
2320,Imbituva Bela Vista,2023-09-27,0.0
2320,Imbituva Bela Vista,2023-09-28,0.0
2320,Imbituva Bela Vista,2023-09-29,0.0
2320,Imbituva Bela Vista,2023-09-30,5.6
2320,Imbituva Bela Vista,2023-10-01,12.2
2320,Imbituva Bela Vista,2023-10-02,0.2
2320,Imbituva Bela Vista,2023-10-03,0.2
2320,Imbituva Bela Vista,2023-10-04,50.4
2320,Imbituva Bela Vista,2023-10-05,36.9
2320,Imbituva Bela Vista,2023-10-06,0.0
2320,Imbituva Bela Vista,2023-10-07,4.6
2320,Imbituva Bela Vista,2023-10-08,91.4
2320,Imbituva Bela Vista,2023-10-09,0.0
2320,Imbituva Bela Vista,2023-10-10,0.0
2320,Imbituva Bela Vista,2023-10-11,0.0
2320,Imbituva Bela Vista,2023-10-12,57.8
2320,Imbituva Bela Vista,2023-10-13,23.0
2320,Imbituva Bela Vista,2023-10-14,0.0
2320,Imbituva Bela Vista,2023-10-15,0.0
2320,Imbituva Bela Vista,2023-10-16,8.4
2320,Imbituva Bela Vista,2023-10-17,30.8
2320,Imbituva Bela Vista,2023-10-18,0.2
2320,Imbituva Bela Vista,2023-10-19,1.6
2320,Imbituva Bela Vista,2023-10-20,0.2
2320,Imbituva Bela Vista,2023-10-21,0.0
2320,Imbituva Bela Vista,2023-10-22,0.0
2320,Imbituva Bela Vista,2023-10-23,0.0
2320,Imbituva Bela Vista,2023-10-24,5.6
2320,Imbituva Bela Vista,2023-10-25,0.2
2320,Imbituva Bela Vista,2023-10-26,0.6
2320,Imbituva Bela Vista,2023-10-27,77.8
2320,Imbituva Bela Vista,2023-10-28,84.0
2320,Imbituva Bela Vista,2023-10-29,26.8
2320,Imbituva Bela Vista,2023-10-30,63.0
2320,Imbituva Bela Vista,2023-10-31,22.8
2320,Imbituva Bela Vista,2023-10-31,22.8
2320,Imbituva Bela Vista,2023-11-01,0.2
2320,Imbituva Bela Vista,2023-11-02,1.0
2320,Imbituva Bela Vista,2023-11-03,67.0
2320,Imbituva Bela Vista,2023-11-04,0.0
2320,Imbituva Bela Vista,2023-11-05,0.0
2320,Imbituva Bela Vista,2023-11-06,0.2
2320,Imbituva Bela Vista,2023-11-07,0.0
2320,Imbituva Bela Vista,2023-11-08,0.0
2320,Imbituva Bela Vista,2023-11-09,7.8
2320,Imbituva Bela Vista,2023-11-10,0.0
2320,Imbituva Bela Vista,2023-11-11,0.0
2320,Imbituva Bela Vista,2023-11-12,0.0
2320,Imbituva Bela Vista,2023-11-13,5.6
2320,Imbituva Bela Vista,2023-11-14,17.4
2320,Imbituva Bela Vista,2023-11-15,2.6
2320,Imbituva Bela Vista,2023-11-16,0.2
2320,Imbituva Bela Vista,2023-11-17,0.0
2320,Imbituva Bela Vista,2023-11-18,2.8
2320,Imbituva Bela Vista,2023-11-19,1.0
2320,Imbituva Bela Vista,2023-11-20,0.0
2320,Imbituva Bela Vista,2023-11-21,0.0
2320,Imbituva Bela Vista,2023-11-22,17.2
2320,Imbituva Bela Vista,2023-11-23,30.4
2320,Imbituva Bela Vista,2023-11-24,0.2
2320,Imbituva Bela Vista,2023-11-25,0.2
2320,Imbituva Bela Vista,2023-11-26,0.0
2320,Imbituva Bela Vista,2023-11-27,6.0
2320,Imbituva Bela Vista,2023-11-28,26.0
2320,Imbituva Bela Vista,2023-11-29,3.0
2320,Imbituva Bela Vista,2023-11-30,0.2
2320,Imbituva Bela Vista,2024-10-31,0.0
2320,Imbituva Bela Vista,2024-11-01,3.2
2320,Imbituva Bela Vista,2024-11-02,28.4
2320,Imbituva Bela Vista,2024-11-03,95.2
2320,Imbituva Bela Vista,2024-11-04,0.0
2320,Imbituva Bela Vista,2024-11-05,12.0
2320,Imbituva Bela Vista,2024-11-06,2.4
2320,Imbituva Bela Vista,2024-11-07,22.4
2320,Imbituva Bela Vista,2024-11-08,2.8
2320,Imbituva Bela Vista,2024-11-09,0.2
2320,Imbituva Bela Vista,2024-11-10,0.0
2320,Imbituva Bela Vista,2024-11-11,0.0
2320,Imbituva Bela Vista,2024-11-12,4.2
2320,Imbituva Bela Vista,2024-11-13,0.2
2320,Imbituva Bela Vista,2024-11-14,0.0
2320,Imbituva Bela Vista,2024-11-15,0.0
2320,Imbituva Bela Vista,2024-11-16,0.0
2320,Imbituva Bela Vista,2024-11-17,0.0
2320,Imbituva Bela Vista,2024-11-18,0.0
2320,Imbituva Bela Vista,2024-11-19,5.0
2320,Imbituva Bela Vista,2024-11-20,0.0
2320,Imbituva Bela Vista,2024-11-21,8.8
2320,Imbituva Bela Vista,2024-11-22,0.2
2320,Imbituva Bela Vista,2024-11-23,0.0
2320,Imbituva Bela Vista,2024-11-24,0.0
2320,Imbituva Bela Vista,2024-11-25,0.0
2320,Imbituva Bela Vista,2024-11-26,0.0
2320,Imbituva Bela Vista,2024-11-27,0.0
2320,Imbituva Bela Vista,2024-11-28,13.0
2320,Imbituva Bela Vista,2024-11-29,0.4
2320,Imbituva Bela Vista,2024-11-30,0.2
2320,Imbituva Bela Vista,2024-12-01,0.0
2320,Imbituva Bela Vista,2024-12-02,24.8
2320,Imbituva Bela Vista,2024-12-03,9.6
2320,Imbituva Bela Vista,2024-12-04,1.2
2320,Imbituva Bela Vista,2024-12-05,0.0
2320,Imbituva Bela Vista,2024-12-06,0.6
2320,Imbituva Bela Vista,2024-12-07,93.4
2320,Imbituva Bela Vista,2024-12-08,14.6
2320,Imbituva Bela Vista,2024-12-09,105.8
2320,Imbituva Bela Vista,2024-12-10,5.8
2320,Imbituva Bela Vista,2024-12-11,0.0
2320,Imbituva Bela Vista,2024-12-12,0.0
2320,Imbituva Bela Vista,2024-12-13,0.6
2320,Imbituva Bela Vista,2024-12-14,21.6
2320,Imbituva Bela Vista,2024-12-15,0.6
2320,Imbituva Bela Vista,2024-12-16,0.0
2320,Imbituva Bela Vista,2024-12-17,0.0
2320,Imbituva Bela Vista,2024-12-18,0.0
2320,Imbituva Bela Vista,2024-12-19,6.4
2320,Imbituva Bela Vista,2024-12-20,4.2
2320,Imbituva Bela Vista,2024-12-21,0.4
2320,Imbituva Bela Vista,2024-12-22,1.6
2320,Imbituva Bela Vista,2024-12-23,0.0
2320,Imbituva Bela Vista,2024-12-24,0.0
2320,Imbituva Bela Vista,2024-12-25,0.2
2320,Imbituva Bela Vista,2024-12-26,0.4
2320,Imbituva Bela Vista,2024-12-27,0.0
2320,Imbituva Bela Vista,2024-12-28,0.0
2320,Imbituva Bela Vista,2024-12-29,28.0
2320,Imbituva Bela Vista,2024-12-30,0.0
2320,Imbituva Bela Vista,2024-12-31,0.0
2320,Imbituva Bela Vista,2025-01-01,0.0
2320,Imbituva Bela Vista,2025-01-02,1.2
2320,Imbituva Bela Vista,2025-01-03,0.2
2320,Imbituva Bela Vista,2025-01-04,0.0
2320,Imbituva Bela Vista,2025-01-05,0.0
2320,Imbituva Bela Vista,2025-01-06,0.0
2320,Imbituva Bela Vista,2025-01-07,0.0
2320,Imbituva Bela Vista,2025-01-08,3.6
2320,Imbituva Bela Vista,2025-01-09,0.2
2320,Imbituva Bela Vista,2025-01-10,8.6
2320,Imbituva Bela Vista,2025-01-11,20.8
2320,Imbituva Bela Vista,2025-01-12,0.0
2320,Imbituva Bela Vista,2025-01-13,0.2
2320,Imbituva Bela Vista,2025-01-14,0.2
2320,Imbituva Bela Vista,2025-01-15,0.0
2320,Imbituva Bela Vista,2025-01-16,0.0
2320,Imbituva Bela Vista,2025-01-17,7.8
2320,Imbituva Bela Vista,2025-01-18,9.6
2320,Imbituva Bela Vista,2025-01-19,20.6
2320,Imbituva Bela Vista,2025-01-20,13.8
2320,Imbituva Bela Vista,2025-01-21,0.2
2320,Imbituva Bela Vista,2025-01-22,6.4
2320,Imbituva Bela Vista,2025-01-23,0.2
2320,Imbituva Bela Vista,2025-01-24,18.0
2320,Imbituva Bela Vista,2025-01-25,10.6
2320,Imbituva Bela Vista,2025-01-26,0.4
2320,Imbituva Bela Vista,2025-01-27,30.0
2320,Imbituva Bela Vista,2025-01-28,5.8
2320,Imbituva Bela Vista,2025-01-29,10.2
2320,Imbituva Bela Vista,2025-01-30,0.0
2320,Imbituva Bela Vista,2025-01-31,0.0
2320,Imbituva Bela Vista,2025-08-31,0.2
2320,Imbituva Bela Vista,2025-09-01,0.0
2320,Imbituva Bela Vista,2025-09-02,0.0
2320,Imbituva Bela Vista,2025-09-03,0.0
2320,Imbituva Bela Vista,2025-09-04,0.0
2320,Imbituva Bela Vista,2025-09-05,2.2
2320,Imbituva Bela Vista,2025-09-06,1.0
2320,Imbituva Bela Vista,2025-09-07,1.6
2320,Imbituva Bela Vista,2025-09-08,0.0
2320,Imbituva Bela Vista,2025-09-09,11.8
2320,Imbituva Bela Vista,2025-09-10,0.2
2320,Imbituva Bela Vista,2025-09-11,0.0
2320,Imbituva Bela Vista,2025-09-12,0.0
2320,Imbituva Bela Vista,2025-09-13,0.0
2320,Imbituva Bela Vista,2025-09-14,0.0
2320,Imbituva Bela Vista,2025-09-15,0.0
2320,Imbituva Bela Vista,2025-09-16,4.8
2320,Imbituva Bela Vista,2025-09-17,0.2
2320,Imbituva Bela Vista,2025-09-18,0.0
2320,Imbituva Bela Vista,2025-09-19,0.0
2320,Imbituva Bela Vista,2025-09-20,0.0
2320,Imbituva Bela Vista,2025-09-21,5.8
2320,Imbituva Bela Vista,2025-09-22,47.6
2320,Imbituva Bela Vista,2025-09-23,0.2
2320,Imbituva Bela Vista,2025-09-24,0.0
2320,Imbituva Bela Vista,2025-09-25,0.0
2320,Imbituva Bela Vista,2025-09-26,0.0
2320,Imbituva Bela Vista,2025-09-27,0.0
2320,Imbituva Bela Vista,2025-09-28,2.2
2320,Imbituva Bela Vista,2025-09-29,0.2
2320,Imbituva Bela Vista,2025-09-30,8.4
2320,Imbituva Bela Vista,2025-10-01,0.0
2320,Imbituva Bela Vista,2025-10-02,0.4
2320,Imbituva Bela Vista,2025-10-03,19.6
2320,Imbituva Bela Vista,2025-10-04,0.2
2320,Imbituva Bela Vista,2025-10-05,0.0
2320,Imbituva Bela Vista,2025-10-06,0.2
2320,Imbituva Bela Vista,2025-10-07,2.4
2320,Imbituva Bela Vista,2025-10-08,27.8
2320,Imbituva Bela Vista,2025-10-09,0.6
2320,Imbituva Bela Vista,2025-10-10,0.4
2320,Imbituva Bela Vista,2025-10-11,0.0
2320,Imbituva Bela Vista,2025-10-12,30.0
2320,Imbituva Bela Vista,2025-10-13,0.4
2320,Imbituva Bela Vista,2025-10-14,0.0
2320,Imbituva Bela Vista,2025-10-15,0.0
2320,Imbituva Bela Vista,2025-10-16,2.2
2320,Imbituva Bela Vista,2025-10-17,32.4
2320,Imbituva Bela Vista,2025-10-18,1.8
2320,Imbituva Bela Vista,2025-10-19,0.0
2320,Imbituva Bela Vista,2025-10-20,0.0
2320,Imbituva Bela Vista,2025-10-21,0.0
2320,Imbituva Bela Vista,2025-10-22,0.0
2320,Imbituva Bela Vista,2025-10-23,0.0
2320,Imbituva Bela Vista,2025-10-24,0.0
2320,Imbituva Bela Vista,2025-10-25,0.0
2320,Imbituva Bela Vista,2025-10-26,4.2
2320,Imbituva Bela Vista,2025-10-27,14.0
2320,Imbituva Bela Vista,2025-10-28,54.2
2320,Imbituva Bela Vista,2025-10-29,0.6
2320,Imbituva Bela Vista,2025-10-30,0.0
2320,Imbituva Bela Vista,2025-10-31,1.0
2320,Imbituva Bela Vista,2025-10-31,1.0
2320,Imbituva Bela Vista,2025-11-01,12.0
2320,Imbituva Bela Vista,2025-11-02,18.2
2320,Imbituva Bela Vista,2025-11-03,0.6
2320,Imbituva Bela Vista,2025-11-04,3.0
2320,Imbituva Bela Vista,2025-11-05,0.2
2320,Imbituva Bela Vista,2025-11-06,0.0
2320,Imbituva Bela Vista,2025-11-07,33.8
2320,Imbituva Bela Vista,2025-11-08,0.4
2320,Imbituva Bela Vista,2025-11-09,0.0
2320,Imbituva Bela Vista,2025-11-10,0.0
2320,Imbituva Bela Vista,2025-11-11,0.0
2320,Imbituva Bela Vista,2025-11-12,14.2
2320,Imbituva Bela Vista,2025-11-13,3.8
2320,Imbituva Bela Vista,2025-11-14,0.0
2320,Imbituva Bela Vista,2025-11-15,0.0
2320,Imbituva Bela Vista,2025-11-16,0.0
2320,Imbituva Bela Vista,2025-11-17,36.6
2320,Imbituva Bela Vista,2025-11-18,7.4
2320,Imbituva Bela Vista,2025-11-19,0.0
2320,Imbituva Bela Vista,2025-11-20,0.0
2320,Imbituva Bela Vista,2025-11-21,0.0
2320,Imbituva Bela Vista,2025-11-22,0.0
2320,Imbituva Bela Vista,2025-11-23,8.2
2320,Imbituva Bela Vista,2025-11-24,0.6
2320,Imbituva Bela Vista,2025-11-25,0.0
2320,Imbituva Bela Vista,2025-11-26,0.0
2320,Imbituva Bela Vista,2025-11-27,0.0
2320,Imbituva Bela Vista,2025-11-28,0.0
2320,Imbituva Bela Vista,2025-11-29,0.0
2320,Imbituva Bela Vista,2025-11-30,0.0
1124,Ponta Grossa CDE,2015-08-31,0.2
1124,Ponta Grossa CDE,2015-09-01,0.0
1124,Ponta Grossa CDE,2015-09-02,0.0
1124,Ponta Grossa CDE,2015-09-03,0.2
1124,Ponta Grossa CDE,2015-09-04,7.8
1124,Ponta Grossa CDE,2015-09-05,0.0
1124,Ponta Grossa CDE,2015-09-06,0.0
1124,Ponta Grossa CDE,2015-09-07,12.0
1124,Ponta Grossa CDE,2015-09-08,54.0
1124,Ponta Grossa CDE,2015-09-09,0.2
1124,Ponta Grossa CDE,2015-09-10,14.2
1124,Ponta Grossa CDE,2015-09-11,0.2
1124,Ponta Grossa CDE,2015-09-12,0.0
1124,Ponta Grossa CDE,2015-09-13,0.2
1124,Ponta Grossa CDE,2015-09-14,0.0
1124,Ponta Grossa CDE,2015-09-15,0.0
1124,Ponta Grossa CDE,2015-09-16,0.0
1124,Ponta Grossa CDE,2015-09-17,0.0
1124,Ponta Grossa CDE,2015-09-18,0.0
1124,Ponta Grossa CDE,2015-09-19,0.0
1124,Ponta Grossa CDE,2015-09-20,0.0
1124,Ponta Grossa CDE,2015-09-21,0.0
1124,Ponta Grossa CDE,2015-09-22,0.0
1124,Ponta Grossa CDE,2015-09-23,0.0
1124,Ponta Grossa CDE,2015-09-24,0.0
1124,Ponta Grossa CDE,2015-09-25,21.6
1124,Ponta Grossa CDE,2015-09-26,8.8
1124,Ponta Grossa CDE,2015-09-27,32.2
1124,Ponta Grossa CDE,2015-09-28,0.0
1124,Ponta Grossa CDE,2015-09-29,0.2
1124,Ponta Grossa CDE,2015-09-30,7.6
1124,Ponta Grossa CDE,2015-10-01,0.0
1124,Ponta Grossa CDE,2015-10-02,13.8
1124,Ponta Grossa CDE,2015-10-03,3.8
1124,Ponta Grossa CDE,2015-10-04,0.6
1124,Ponta Grossa CDE,2015-10-05,0.0
1124,Ponta Grossa CDE,2015-10-06,0.0
1124,Ponta Grossa CDE,2015-10-07,0.0
1124,Ponta Grossa CDE,2015-10-08,9.0
1124,Ponta Grossa CDE,2015-10-09,19.4
1124,Ponta Grossa CDE,2015-10-10,10.2
1124,Ponta Grossa CDE,2015-10-11,40.8
1124,Ponta Grossa CDE,2015-10-12,10.2
1124,Ponta Grossa CDE,2015-10-13,0.2
1124,Ponta Grossa CDE,2015-10-14,0.0
1124,Ponta Grossa CDE,2015-10-15,0.0
1124,Ponta Grossa CDE,2015-10-16,0.0
1124,Ponta Grossa CDE,2015-10-17,24.2
1124,Ponta Grossa CDE,2015-10-18,0.0
1124,Ponta Grossa CDE,2015-10-19,0.0
1124,Ponta Grossa CDE,2015-10-20,0.0
1124,Ponta Grossa CDE,2015-10-21,2.6
1124,Ponta Grossa CDE,2015-10-22,30.2
1124,Ponta Grossa CDE,2015-10-23,0.0
1124,Ponta Grossa CDE,2015-10-24,0.0
1124,Ponta Grossa CDE,2015-10-25,9.0
1124,Ponta Grossa CDE,2015-10-26,3.0
1124,Ponta Grossa CDE,2015-10-27,0.0
1124,Ponta Grossa CDE,2015-10-28,0.0
1124,Ponta Grossa CDE,2015-10-29,0.0
1124,Ponta Grossa CDE,2015-10-30,0.0
1124,Ponta Grossa CDE,2015-10-31,45.4
1124,Ponta Grossa CDE,2017-05-01,0.0
1124,Ponta Grossa CDE,2017-05-02,0.0
1124,Ponta Grossa CDE,2017-05-03,0.0
1124,Ponta Grossa CDE,2017-05-04,5.6
1124,Ponta Grossa CDE,2017-05-05,0.4
1124,Ponta Grossa CDE,2017-05-06,0.2
1124,Ponta Grossa CDE,2017-05-07,0.0
1124,Ponta Grossa CDE,2017-05-08,0.2
1124,Ponta Grossa CDE,2017-05-09,0.2
1124,Ponta Grossa CDE,2017-05-10,3.0
1124,Ponta Grossa CDE,2017-05-11,0.2
1124,Ponta Grossa CDE,2017-05-12,0.0
1124,Ponta Grossa CDE,2017-05-13,0.4
1124,Ponta Grossa CDE,2017-05-14,9.6
1124,Ponta Grossa CDE,2017-05-15,0.2
1124,Ponta Grossa CDE,2017-05-16,0.2
1124,Ponta Grossa CDE,2017-05-17,0.0
1124,Ponta Grossa CDE,2017-05-18,46.8
1124,Ponta Grossa CDE,2017-05-19,26.8
1124,Ponta Grossa CDE,2017-05-20,0.2
1124,Ponta Grossa CDE,2017-05-21,24.6
1124,Ponta Grossa CDE,2017-05-22,0.4
1124,Ponta Grossa CDE,2017-05-23,0.2
1124,Ponta Grossa CDE,2017-05-24,0.2
1124,Ponta Grossa CDE,2017-05-25,0.2
1124,Ponta Grossa CDE,2017-05-26,0.2
1124,Ponta Grossa CDE,2017-05-27,0.0
1124,Ponta Grossa CDE,2017-05-28,5.0
1124,Ponta Grossa CDE,2017-05-29,0.2
1124,Ponta Grossa CDE,2017-05-30,0.0
1124,Ponta Grossa CDE,2017-05-31,23.6
1124,Ponta Grossa CDE,2017-05-31,23.6
1124,Ponta Grossa CDE,2017-06-01,1.0
1124,Ponta Grossa CDE,2017-06-02,0.0
1124,Ponta Grossa CDE,2017-06-03,0.0
1124,Ponta Grossa CDE,2017-06-04,0.0
1124,Ponta Grossa CDE,2017-06-05,82.0
1124,Ponta Grossa CDE,2017-06-06,41.0
1124,Ponta Grossa CDE,2017-06-07,17.6
1124,Ponta Grossa CDE,2017-06-08,11.0
1124,Ponta Grossa CDE,2017-06-09,1.0
1124,Ponta Grossa CDE,2017-06-10,0.2
1124,Ponta Grossa CDE,2017-06-11,0.4
1124,Ponta Grossa CDE,2017-06-12,0.4
1124,Ponta Grossa CDE,2017-06-13,0.8
1124,Ponta Grossa CDE,2017-06-14,0.0
1124,Ponta Grossa CDE,2017-06-15,0.0
1124,Ponta Grossa CDE,2017-06-16,0.0
1124,Ponta Grossa CDE,2017-06-17,0.2
1124,Ponta Grossa CDE,2017-06-18,0.0
1124,Ponta Grossa CDE,2017-06-19,3.0
1124,Ponta Grossa CDE,2017-06-20,15.6
1124,Ponta Grossa CDE,2017-06-21,0.0
1124,Ponta Grossa CDE,2017-06-22,0.0
1124,Ponta Grossa CDE,2017-06-23,0.0
1124,Ponta Grossa CDE,2017-06-24,0.0
1124,Ponta Grossa CDE,2017-06-25,0.0
1124,Ponta Grossa CDE,2017-06-26,0.0
1124,Ponta Grossa CDE,2017-06-27,0.2
1124,Ponta Grossa CDE,2017-06-28,0.2
1124,Ponta Grossa CDE,2017-06-29,0.2
1124,Ponta Grossa CDE,2017-06-30,0.0
1124,Ponta Grossa CDE,2019-03-31,0.0
1124,Ponta Grossa CDE,2019-04-01,0.0
1124,Ponta Grossa CDE,2019-04-02,0.0
1124,Ponta Grossa CDE,2019-04-03,0.0
1124,Ponta Grossa CDE,2019-04-04,0.0
1124,Ponta Grossa CDE,2019-04-05,1.4
1124,Ponta Grossa CDE,2019-04-06,24.6
1124,Ponta Grossa CDE,2019-04-07,11.8
1124,Ponta Grossa CDE,2019-04-08,0.6
1124,Ponta Grossa CDE,2019-04-09,0.0
1124,Ponta Grossa CDE,2019-04-10,0.0
1124,Ponta Grossa CDE,2019-04-11,0.0
1124,Ponta Grossa CDE,2019-04-12,0.2
1124,Ponta Grossa CDE,2019-04-13,0.0
1124,Ponta Grossa CDE,2019-04-14,0.0
1124,Ponta Grossa CDE,2019-04-15,0.0
1124,Ponta Grossa CDE,2019-04-16,4.2
1124,Ponta Grossa CDE,2019-04-17,0.2
1124,Ponta Grossa CDE,2019-04-18,0.2
1124,Ponta Grossa CDE,2019-04-19,0.4
1124,Ponta Grossa CDE,2019-04-20,0.0
1124,Ponta Grossa CDE,2019-04-21,20.6
1124,Ponta Grossa CDE,2019-04-22,5.2
1124,Ponta Grossa CDE,2019-04-23,0.0
1124,Ponta Grossa CDE,2019-04-24,0.0
1124,Ponta Grossa CDE,2019-04-25,0.0
1124,Ponta Grossa CDE,2019-04-26,0.0
1124,Ponta Grossa CDE,2019-04-27,32.0
1124,Ponta Grossa CDE,2019-04-28,24.6
1124,Ponta Grossa CDE,2019-04-29,0.4
1124,Ponta Grossa CDE,2019-04-30,0.2
1124,Ponta Grossa CDE,2019-05-01,0.4
1124,Ponta Grossa CDE,2019-05-02,0.2
1124,Ponta Grossa CDE,2019-05-03,0.2
1124,Ponta Grossa CDE,2019-05-04,0.2
1124,Ponta Grossa CDE,2019-05-05,0.6
1124,Ponta Grossa CDE,2019-05-06,13.6
1124,Ponta Grossa CDE,2019-05-07,1.4
1124,Ponta Grossa CDE,2019-05-08,0.0
1124,Ponta Grossa CDE,2019-05-09,0.2
1124,Ponta Grossa CDE,2019-05-10,0.0
1124,Ponta Grossa CDE,2019-05-11,9.6
1124,Ponta Grossa CDE,2019-05-12,0.8
1124,Ponta Grossa CDE,2019-05-13,0.0
1124,Ponta Grossa CDE,2019-05-14,0.0
1124,Ponta Grossa CDE,2019-05-15,0.0
1124,Ponta Grossa CDE,2019-05-16,0.0
1124,Ponta Grossa CDE,2019-05-17,0.8
1124,Ponta Grossa CDE,2019-05-18,0.6
1124,Ponta Grossa CDE,2019-05-19,0.2
1124,Ponta Grossa CDE,2019-05-20,0.0
1124,Ponta Grossa CDE,2019-05-21,0.4
1124,Ponta Grossa CDE,2019-05-22,0.2
1124,Ponta Grossa CDE,2019-05-23,47.6
1124,Ponta Grossa CDE,2019-05-24,11.0
1124,Ponta Grossa CDE,2019-05-25,0.0
1124,Ponta Grossa CDE,2019-05-26,0.2
1124,Ponta Grossa CDE,2019-05-27,0.4
1124,Ponta Grossa CDE,2019-05-28,77.6
1124,Ponta Grossa CDE,2019-05-29,0.0
1124,Ponta Grossa CDE,2019-05-30,48.2
1124,Ponta Grossa CDE,2019-05-31,36.8
1124,Ponta Grossa CDE,2019-05-31,36.8
1124,Ponta Grossa CDE,2019-06-01,19.2
1124,Ponta Grossa CDE,2019-06-02,12.0
1124,Ponta Grossa CDE,2019-06-03,5.8
1124,Ponta Grossa CDE,2019-06-04,0.4
1124,Ponta Grossa CDE,2019-06-05,0.2
1124,Ponta Grossa CDE,2019-06-06,0.0
1124,Ponta Grossa CDE,2019-06-07,0.2
1124,Ponta Grossa CDE,2019-06-08,0.2
1124,Ponta Grossa CDE,2019-06-09,0.2
1124,Ponta Grossa CDE,2019-06-10,0.0
1124,Ponta Grossa CDE,2019-06-11,0.2
1124,Ponta Grossa CDE,2019-06-12,0.2
1124,Ponta Grossa CDE,2019-06-13,0.2
1124,Ponta Grossa CDE,2019-06-14,0.2
1124,Ponta Grossa CDE,2019-06-15,0.0
1124,Ponta Grossa CDE,2019-06-16,0.0
1124,Ponta Grossa CDE,2019-06-17,0.4
1124,Ponta Grossa CDE,2019-06-18,0.0
1124,Ponta Grossa CDE,2019-06-19,0.2
1124,Ponta Grossa CDE,2019-06-20,0.0
1124,Ponta Grossa CDE,2019-06-21,0.0
1124,Ponta Grossa CDE,2019-06-22,0.0
1124,Ponta Grossa CDE,2019-06-23,0.2
1124,Ponta Grossa CDE,2019-06-24,0.4
1124,Ponta Grossa CDE,2019-06-25,0.0
1124,Ponta Grossa CDE,2019-06-26,16.8
1124,Ponta Grossa CDE,2019-06-27,0.0
1124,Ponta Grossa CDE,2019-06-28,0.0
1124,Ponta Grossa CDE,2019-06-29,0.2
1124,Ponta Grossa CDE,2019-06-30,0.0
1124,Ponta Grossa CDE,2020-12-01,12.2
1124,Ponta Grossa CDE,2020-12-02,0.0
1124,Ponta Grossa CDE,2020-12-03,13.0
1124,Ponta Grossa CDE,2020-12-04,0.2
1124,Ponta Grossa CDE,2020-12-05,23.2
1124,Ponta Grossa CDE,2020-12-06,2.2
1124,Ponta Grossa CDE,2020-12-07,0.4
1124,Ponta Grossa CDE,2020-12-08,0.0
1124,Ponta Grossa CDE,2020-12-09,0.0
1124,Ponta Grossa CDE,2020-12-10,0.0
1124,Ponta Grossa CDE,2020-12-11,0.0
1124,Ponta Grossa CDE,2020-12-12,0.0
1124,Ponta Grossa CDE,2020-12-13,2.0
1124,Ponta Grossa CDE,2020-12-14,8.0
1124,Ponta Grossa CDE,2020-12-15,6.4
1124,Ponta Grossa CDE,2020-12-16,6.4
1124,Ponta Grossa CDE,2020-12-17,20.4
1124,Ponta Grossa CDE,2020-12-18,0.6
1124,Ponta Grossa CDE,2020-12-19,17.4
1124,Ponta Grossa CDE,2020-12-20,3.6
1124,Ponta Grossa CDE,2020-12-21,0.0
1124,Ponta Grossa CDE,2020-12-22,0.0
1124,Ponta Grossa CDE,2020-12-23,0.0
1124,Ponta Grossa CDE,2020-12-24,0.0
1124,Ponta Grossa CDE,2020-12-25,0.0
1124,Ponta Grossa CDE,2020-12-26,0.0
1124,Ponta Grossa CDE,2020-12-27,0.0
1124,Ponta Grossa CDE,2020-12-28,0.0
1124,Ponta Grossa CDE,2020-12-29,11.6
1124,Ponta Grossa CDE,2020-12-30,0.2
1124,Ponta Grossa CDE,2020-12-31,23.4
1124,Ponta Grossa CDE,2021-01-01,24.6
1124,Ponta Grossa CDE,2021-01-02,0.0
1124,Ponta Grossa CDE,2021-01-03,0.0
1124,Ponta Grossa CDE,2021-01-04,0.0
1124,Ponta Grossa CDE,2021-01-05,4.6
1124,Ponta Grossa CDE,2021-01-06,0.6
1124,Ponta Grossa CDE,2021-01-07,4.4
1124,Ponta Grossa CDE,2021-01-08,13.8
1124,Ponta Grossa CDE,2021-01-09,0.6
1124,Ponta Grossa CDE,2021-01-10,0.0
1124,Ponta Grossa CDE,2021-01-11,0.0
1124,Ponta Grossa CDE,2021-01-12,0.8
1124,Ponta Grossa CDE,2021-01-13,4.8
1124,Ponta Grossa CDE,2021-01-14,0.0
1124,Ponta Grossa CDE,2021-01-15,13.2
1124,Ponta Grossa CDE,2021-01-16,1.2
1124,Ponta Grossa CDE,2021-01-17,10.4
1124,Ponta Grossa CDE,2021-01-18,11.4
1124,Ponta Grossa CDE,2021-01-19,12.6
1124,Ponta Grossa CDE,2021-01-20,38.6
1124,Ponta Grossa CDE,2021-01-21,0.0
1124,Ponta Grossa CDE,2021-01-22,2.0
1124,Ponta Grossa CDE,2021-01-23,12.2
1124,Ponta Grossa CDE,2021-01-24,1.6
1124,Ponta Grossa CDE,2021-01-25,20.6
1124,Ponta Grossa CDE,2021-01-26,4.2
1124,Ponta Grossa CDE,2021-01-27,5.0
1124,Ponta Grossa CDE,2021-01-28,6.4
1124,Ponta Grossa CDE,2021-01-29,2.8
1124,Ponta Grossa CDE,2021-01-30,20.0
1124,Ponta Grossa CDE,2021-01-31,1.6
1124,Ponta Grossa CDE,2022-05-01,3.4
1124,Ponta Grossa CDE,2022-05-02,13.22
1124,Ponta Grossa CDE,2022-05-03,19.9
1124,Ponta Grossa CDE,2022-05-04,4.99
1124,Ponta Grossa CDE,2022-05-05,0.2
1124,Ponta Grossa CDE,2022-05-06,0.2
1124,Ponta Grossa CDE,2022-05-07,0.0
1124,Ponta Grossa CDE,2022-05-08,0.2
1124,Ponta Grossa CDE,2022-05-09,0.0
1124,Ponta Grossa CDE,2022-05-10,4.0
1124,Ponta Grossa CDE,2022-05-11,3.0
1124,Ponta Grossa CDE,2022-05-12,0.2
1124,Ponta Grossa CDE,2022-05-13,0.2
1124,Ponta Grossa CDE,2022-05-14,0.0
1124,Ponta Grossa CDE,2022-05-15,0.4
1124,Ponta Grossa CDE,2022-05-16,0.2
1124,Ponta Grossa CDE,2022-05-17,0.0
1124,Ponta Grossa CDE,2022-05-18,0.0
1124,Ponta Grossa CDE,2022-05-19,0.0
1124,Ponta Grossa CDE,2022-05-20,0.2
1124,Ponta Grossa CDE,2022-05-21,0.2
1124,Ponta Grossa CDE,2022-05-22,0.2
1124,Ponta Grossa CDE,2022-05-23,0.0
1124,Ponta Grossa CDE,2022-05-24,0.2
1124,Ponta Grossa CDE,2022-05-25,0.0
1124,Ponta Grossa CDE,2022-05-26,0.0
1124,Ponta Grossa CDE,2022-05-27,0.0
1124,Ponta Grossa CDE,2022-05-28,0.0
1124,Ponta Grossa CDE,2022-05-29,5.0
1124,Ponta Grossa CDE,2022-05-30,15.2
1124,Ponta Grossa CDE,2022-05-31,11.0
1124,Ponta Grossa CDE,2022-05-31,11.0
1124,Ponta Grossa CDE,2022-06-01,22.6
1124,Ponta Grossa CDE,2022-06-02,48.2
1124,Ponta Grossa CDE,2022-06-03,0.2
1124,Ponta Grossa CDE,2022-06-04,0.0
1124,Ponta Grossa CDE,2022-06-05,0.0
1124,Ponta Grossa CDE,2022-06-06,13.0
1124,Ponta Grossa CDE,2022-06-07,27.6
1124,Ponta Grossa CDE,2022-06-08,0.0
1124,Ponta Grossa CDE,2022-06-09,24.4
1124,Ponta Grossa CDE,2022-06-10,0.0
1124,Ponta Grossa CDE,2022-06-11,0.0
1124,Ponta Grossa CDE,2022-06-12,0.2
1124,Ponta Grossa CDE,2022-06-13,0.0
1124,Ponta Grossa CDE,2022-06-14,0.0
1124,Ponta Grossa CDE,2022-06-15,0.0
1124,Ponta Grossa CDE,2022-06-16,0.2
1124,Ponta Grossa CDE,2022-06-17,13.0
1124,Ponta Grossa CDE,2022-06-18,0.0
1124,Ponta Grossa CDE,2022-06-19,0.2
1124,Ponta Grossa CDE,2022-06-20,1.0
1124,Ponta Grossa CDE,2022-06-21,0.2
1124,Ponta Grossa CDE,2022-06-22,0.0
1124,Ponta Grossa CDE,2022-06-23,0.2
1124,Ponta Grossa CDE,2022-06-24,0.0
1124,Ponta Grossa CDE,2022-06-25,0.2
1124,Ponta Grossa CDE,2022-06-26,0.0
1124,Ponta Grossa CDE,2022-06-27,0.0
1124,Ponta Grossa CDE,2022-06-28,0.2
1124,Ponta Grossa CDE,2022-06-29,0.2
1124,Ponta Grossa CDE,2022-06-30,0.2
1124,Ponta Grossa CDE,2022-08-31,0.0
1124,Ponta Grossa CDE,2022-09-01,0.0
1124,Ponta Grossa CDE,2022-09-02,2.2
1124,Ponta Grossa CDE,2022-09-03,28.6
1124,Ponta Grossa CDE,2022-09-04,0.0
1124,Ponta Grossa CDE,2022-09-05,3.2
1124,Ponta Grossa CDE,2022-09-06,2.8
1124,Ponta Grossa CDE,2022-09-07,7.0
1124,Ponta Grossa CDE,2022-09-08,0.2
1124,Ponta Grossa CDE,2022-09-09,0.0
1124,Ponta Grossa CDE,2022-09-10,0.0
1124,Ponta Grossa CDE,2022-09-11,0.0
1124,Ponta Grossa CDE,2022-09-12,12.0
1124,Ponta Grossa CDE,2022-09-13,24.4
1124,Ponta Grossa CDE,2022-09-14,18.4
1124,Ponta Grossa CDE,2022-09-15,3.2
1124,Ponta Grossa CDE,2022-09-16,0.0
1124,Ponta Grossa CDE,2022-09-17,0.0
1124,Ponta Grossa CDE,2022-09-18,0.0
1124,Ponta Grossa CDE,2022-09-19,12.8
1124,Ponta Grossa CDE,2022-09-20,0.2
1124,Ponta Grossa CDE,2022-09-21,21.4
1124,Ponta Grossa CDE,2022-09-22,0.4
1124,Ponta Grossa CDE,2022-09-23,0.0
1124,Ponta Grossa CDE,2022-09-24,0.0
1124,Ponta Grossa CDE,2022-09-25,21.8
1124,Ponta Grossa CDE,2022-09-26,67.8
1124,Ponta Grossa CDE,2022-09-27,1.4
1124,Ponta Grossa CDE,2022-09-28,1.0
1124,Ponta Grossa CDE,2022-09-29,0.4
1124,Ponta Grossa CDE,2022-09-30,0.0
1124,Ponta Grossa CDE,2022-10-01,4.6
1124,Ponta Grossa CDE,2022-10-02,0.0
1124,Ponta Grossa CDE,2022-10-03,0.2
1124,Ponta Grossa CDE,2022-10-04,0.0
1124,Ponta Grossa CDE,2022-10-05,0.0
1124,Ponta Grossa CDE,2022-10-06,29.6
1124,Ponta Grossa CDE,2022-10-07,1.8
1124,Ponta Grossa CDE,2022-10-08,0.2
1124,Ponta Grossa CDE,2022-10-09,0.0
1124,Ponta Grossa CDE,2022-10-10,0.0
1124,Ponta Grossa CDE,2022-10-11,1.8
1124,Ponta Grossa CDE,2022-10-12,4.6
1124,Ponta Grossa CDE,2022-10-13,1.2
1124,Ponta Grossa CDE,2022-10-14,12.6
1124,Ponta Grossa CDE,2022-10-15,2.0
1124,Ponta Grossa CDE,2022-10-16,9.2
1124,Ponta Grossa CDE,2022-10-17,0.2
1124,Ponta Grossa CDE,2022-10-18,5.0
1124,Ponta Grossa CDE,2022-10-19,0.0
1124,Ponta Grossa CDE,2022-10-20,44.2
1124,Ponta Grossa CDE,2022-10-21,1.0
1124,Ponta Grossa CDE,2022-10-22,0.0
1124,Ponta Grossa CDE,2022-10-23,0.0
1124,Ponta Grossa CDE,2022-10-24,0.0
1124,Ponta Grossa CDE,2022-10-25,0.0
1124,Ponta Grossa CDE,2022-10-26,0.0
1124,Ponta Grossa CDE,2022-10-27,0.0
1124,Ponta Grossa CDE,2022-10-28,0.0
1124,Ponta Grossa CDE,2022-10-29,28.6
1124,Ponta Grossa CDE,2022-10-30,25.0
1124,Ponta Grossa CDE,2022-10-31,12.6
1124,Ponta Grossa CDE,2022-10-31,12.6
1124,Ponta Grossa CDE,2022-11-01,6.6
1124,Ponta Grossa CDE,2022-11-02,0.4
1124,Ponta Grossa CDE,2022-11-03,0.0
1124,Ponta Grossa CDE,2022-11-04,0.0
1124,Ponta Grossa CDE,2022-11-05,0.0
1124,Ponta Grossa CDE,2022-11-06,0.0
1124,Ponta Grossa CDE,2022-11-07,0.0
1124,Ponta Grossa CDE,2022-11-08,0.0
1124,Ponta Grossa CDE,2022-11-09,0.0
1124,Ponta Grossa CDE,2022-11-10,0.0
1124,Ponta Grossa CDE,2022-11-11,12.4
1124,Ponta Grossa CDE,2022-11-12,0.0
1124,Ponta Grossa CDE,2022-11-13,5.6
1124,Ponta Grossa CDE,2022-11-14,11.6
1124,Ponta Grossa CDE,2022-11-15,0.0
1124,Ponta Grossa CDE,2022-11-16,0.0
1124,Ponta Grossa CDE,2022-11-17,0.0
1124,Ponta Grossa CDE,2022-11-18,0.2
1124,Ponta Grossa CDE,2022-11-19,0.0
1124,Ponta Grossa CDE,2022-11-20,0.0
1124,Ponta Grossa CDE,2022-11-21,0.0
1124,Ponta Grossa CDE,2022-11-22,6.4
1124,Ponta Grossa CDE,2022-11-23,2.0
1124,Ponta Grossa CDE,2022-11-24,0.0
1124,Ponta Grossa CDE,2022-11-25,0.0
1124,Ponta Grossa CDE,2022-11-26,1.2
1124,Ponta Grossa CDE,2022-11-27,13.0
1124,Ponta Grossa CDE,2022-11-28,1.0
1124,Ponta Grossa CDE,2022-11-29,7.2
1124,Ponta Grossa CDE,2022-11-30,2.0
1124,Ponta Grossa CDE,2023-08-31,0.0
1124,Ponta Grossa CDE,2023-09-01,0.0
1124,Ponta Grossa CDE,2023-09-02,54.2
1124,Ponta Grossa CDE,2023-09-03,0.8
1124,Ponta Grossa CDE,2023-09-04,12.0
1124,Ponta Grossa CDE,2023-09-05,0.2
1124,Ponta Grossa CDE,2023-09-06,0.0
1124,Ponta Grossa CDE,2023-09-07,0.0
1124,Ponta Grossa CDE,2023-09-08,1.0
1124,Ponta Grossa CDE,2023-09-09,3.6
1124,Ponta Grossa CDE,2023-09-10,0.2
1124,Ponta Grossa CDE,2023-09-11,0.0
1124,Ponta Grossa CDE,2023-09-12,0.0
1124,Ponta Grossa CDE,2023-09-13,4.0
1124,Ponta Grossa CDE,2023-09-14,0.8
1124,Ponta Grossa CDE,2023-09-15,0.0
1124,Ponta Grossa CDE,2023-09-16,0.0
1124,Ponta Grossa CDE,2023-09-17,0.0
1124,Ponta Grossa CDE,2023-09-18,0.0
1124,Ponta Grossa CDE,2023-09-19,9.6
1124,Ponta Grossa CDE,2023-09-20,0.2
1124,Ponta Grossa CDE,2023-09-21,0.0
1124,Ponta Grossa CDE,2023-09-22,2.8
1124,Ponta Grossa CDE,2023-09-23,0.2
1124,Ponta Grossa CDE,2023-09-24,1.2
1124,Ponta Grossa CDE,2023-09-25,5.8
1124,Ponta Grossa CDE,2023-09-26,0.2
1124,Ponta Grossa CDE,2023-09-27,2.6
1124,Ponta Grossa CDE,2023-09-28,0.0
1124,Ponta Grossa CDE,2023-09-29,0.0
1124,Ponta Grossa CDE,2023-09-30,15.2
1124,Ponta Grossa CDE,2023-10-01,8.6
1124,Ponta Grossa CDE,2023-10-02,0.0
1124,Ponta Grossa CDE,2023-10-03,0.0
1124,Ponta Grossa CDE,2023-10-04,36.6
1124,Ponta Grossa CDE,2023-10-05,3.2
1124,Ponta Grossa CDE,2023-10-06,0.2
1124,Ponta Grossa CDE,2023-10-07,38.2
1124,Ponta Grossa CDE,2023-10-08,49.2
1124,Ponta Grossa CDE,2023-10-09,0.0
1124,Ponta Grossa CDE,2023-10-10,0.0
1124,Ponta Grossa CDE,2023-10-11,0.0
1124,Ponta Grossa CDE,2023-10-12,25.8
1124,Ponta Grossa CDE,2023-10-13,24.95
1124,Ponta Grossa CDE,2023-10-14,0.35
1124,Ponta Grossa CDE,2023-10-15,0.0
1124,Ponta Grossa CDE,2023-10-16,2.4
1124,Ponta Grossa CDE,2023-10-17,21.6
1124,Ponta Grossa CDE,2023-10-18,0.0
1124,Ponta Grossa CDE,2023-10-19,2.0
1124,Ponta Grossa CDE,2023-10-20,0.4
1124,Ponta Grossa CDE,2023-10-21,0.2
1124,Ponta Grossa CDE,2023-10-22,0.0
1124,Ponta Grossa CDE,2023-10-23,0.0
1124,Ponta Grossa CDE,2023-10-24,5.0
1124,Ponta Grossa CDE,2023-10-25,0.2
1124,Ponta Grossa CDE,2023-10-26,9.4
1124,Ponta Grossa CDE,2023-10-27,33.2
1124,Ponta Grossa CDE,2023-10-28,48.6
1124,Ponta Grossa CDE,2023-10-29,96.8
1124,Ponta Grossa CDE,2023-10-30,26.6
1124,Ponta Grossa CDE,2023-10-31,39.6
1124,Ponta Grossa CDE,2023-10-31,39.6
1124,Ponta Grossa CDE,2023-11-01,0.0
1124,Ponta Grossa CDE,2023-11-02,0.0
1124,Ponta Grossa CDE,2023-11-03,38.2
1124,Ponta Grossa CDE,2023-11-04,0.0
1124,Ponta Grossa CDE,2023-11-05,0.0
1124,Ponta Grossa CDE,2023-11-06,0.0
1124,Ponta Grossa CDE,2023-11-07,0.0
1124,Ponta Grossa CDE,2023-11-08,0.0
1124,Ponta Grossa CDE,2023-11-09,15.0
1124,Ponta Grossa CDE,2023-11-10,0.2
1124,Ponta Grossa CDE,2023-11-11,0.2
1124,Ponta Grossa CDE,2023-11-12,0.6
1124,Ponta Grossa CDE,2023-11-13,1.0
1124,Ponta Grossa CDE,2023-11-14,4.8
1124,Ponta Grossa CDE,2023-11-15,0.0
1124,Ponta Grossa CDE,2023-11-16,0.0
1124,Ponta Grossa CDE,2023-11-17,2.2
1124,Ponta Grossa CDE,2023-11-18,0.4
1124,Ponta Grossa CDE,2023-11-19,0.0
1124,Ponta Grossa CDE,2023-11-20,0.0
1124,Ponta Grossa CDE,2023-11-21,0.0
1124,Ponta Grossa CDE,2023-11-22,24.6
1124,Ponta Grossa CDE,2023-11-23,33.0
1124,Ponta Grossa CDE,2023-11-24,15.6
1124,Ponta Grossa CDE,2023-11-25,0.8
1124,Ponta Grossa CDE,2023-11-26,0.0
1124,Ponta Grossa CDE,2023-11-27,2.8
1124,Ponta Grossa CDE,2023-11-28,30.0
1124,Ponta Grossa CDE,2023-11-29,6.6
1124,Ponta Grossa CDE,2023-11-30,0.0
1124,Ponta Grossa CDE,2024-10-31,0.0
1124,Ponta Grossa CDE,2024-11-01,25.8
1124,Ponta Grossa CDE,2024-11-02,9.0
1124,Ponta Grossa CDE,2024-11-03,5.8
1124,Ponta Grossa CDE,2024-11-04,0.0
1124,Ponta Grossa CDE,2024-11-05,0.0
1124,Ponta Grossa CDE,2024-11-06,4.6
1124,Ponta Grossa CDE,2024-11-07,28.6
1124,Ponta Grossa CDE,2024-11-08,0.2
1124,Ponta Grossa CDE,2024-11-09,0.0
1124,Ponta Grossa CDE,2024-11-10,0.0
1124,Ponta Grossa CDE,2024-11-11,0.0
1124,Ponta Grossa CDE,2024-11-12,4.8
1124,Ponta Grossa CDE,2024-11-13,0.0
1124,Ponta Grossa CDE,2024-11-14,0.0
1124,Ponta Grossa CDE,2024-11-15,0.0
1124,Ponta Grossa CDE,2024-11-16,0.0
1124,Ponta Grossa CDE,2024-11-17,0.0
1124,Ponta Grossa CDE,2024-11-18,1.4
1124,Ponta Grossa CDE,2024-11-19,2.4
1124,Ponta Grossa CDE,2024-11-20,0.0
1124,Ponta Grossa CDE,2024-11-21,3.4
1124,Ponta Grossa CDE,2024-11-22,0.0
1124,Ponta Grossa CDE,2024-11-23,0.0
1124,Ponta Grossa CDE,2024-11-24,0.0
1124,Ponta Grossa CDE,2024-11-25,0.0
1124,Ponta Grossa CDE,2024-11-26,0.0
1124,Ponta Grossa CDE,2024-11-27,0.0
1124,Ponta Grossa CDE,2024-11-28,55.2
1124,Ponta Grossa CDE,2024-11-29,0.2
1124,Ponta Grossa CDE,2024-11-30,0.0
1124,Ponta Grossa CDE,2024-12-01,0.0
1124,Ponta Grossa CDE,2024-12-02,14.8
1124,Ponta Grossa CDE,2024-12-03,0.6
1124,Ponta Grossa CDE,2024-12-04,3.0
1124,Ponta Grossa CDE,2024-12-05,0.0
1124,Ponta Grossa CDE,2024-12-06,3.2
1124,Ponta Grossa CDE,2024-12-07,105.4
1124,Ponta Grossa CDE,2024-12-08,19.8
1124,Ponta Grossa CDE,2024-12-09,148.4
1124,Ponta Grossa CDE,2024-12-10,13.6
1124,Ponta Grossa CDE,2024-12-11,0.0
1124,Ponta Grossa CDE,2024-12-12,0.0
1124,Ponta Grossa CDE,2024-12-13,0.2
1124,Ponta Grossa CDE,2024-12-14,19.6
1124,Ponta Grossa CDE,2024-12-15,0.0
1124,Ponta Grossa CDE,2024-12-16,0.0
1124,Ponta Grossa CDE,2024-12-17,0.0
1124,Ponta Grossa CDE,2024-12-18,0.0
1124,Ponta Grossa CDE,2024-12-19,14.4
1124,Ponta Grossa CDE,2024-12-20,10.4
1124,Ponta Grossa CDE,2024-12-21,0.2
1124,Ponta Grossa CDE,2024-12-22,5.2
1124,Ponta Grossa CDE,2024-12-23,0.0
1124,Ponta Grossa CDE,2024-12-24,0.0
1124,Ponta Grossa CDE,2024-12-25,0.0
1124,Ponta Grossa CDE,2024-12-26,0.0
1124,Ponta Grossa CDE,2024-12-27,0.0
1124,Ponta Grossa CDE,2024-12-28,0.0
1124,Ponta Grossa CDE,2024-12-29,0.0
1124,Ponta Grossa CDE,2024-12-30,0.0
1124,Ponta Grossa CDE,2024-12-31,0.0
1124,Ponta Grossa CDE,2025-01-01,10.0
1124,Ponta Grossa CDE,2025-01-02,6.4
1124,Ponta Grossa CDE,2025-01-03,3.6
1124,Ponta Grossa CDE,2025-01-04,0.2
1124,Ponta Grossa CDE,2025-01-05,0.0
1124,Ponta Grossa CDE,2025-01-06,0.0
1124,Ponta Grossa CDE,2025-01-07,1.8
1124,Ponta Grossa CDE,2025-01-08,2.4
1124,Ponta Grossa CDE,2025-01-09,0.0
1124,Ponta Grossa CDE,2025-01-10,0.0
1124,Ponta Grossa CDE,2025-01-11,25.8
1124,Ponta Grossa CDE,2025-01-12,0.0
1124,Ponta Grossa CDE,2025-01-13,0.0
1124,Ponta Grossa CDE,2025-01-14,0.0
1124,Ponta Grossa CDE,2025-01-15,0.0
1124,Ponta Grossa CDE,2025-01-16,0.0
1124,Ponta Grossa CDE,2025-01-17,2.8
1124,Ponta Grossa CDE,2025-01-18,19.6
1124,Ponta Grossa CDE,2025-01-19,68.0
1124,Ponta Grossa CDE,2025-01-20,30.8
1124,Ponta Grossa CDE,2025-01-21,0.2
1124,Ponta Grossa CDE,2025-01-22,6.4
1124,Ponta Grossa CDE,2025-01-23,1.2
1124,Ponta Grossa CDE,2025-01-24,3.4
1124,Ponta Grossa CDE,2025-01-25,5.4
1124,Ponta Grossa CDE,2025-01-26,12.0
1124,Ponta Grossa CDE,2025-01-27,4.2
1124,Ponta Grossa CDE,2025-01-28,25.8
1124,Ponta Grossa CDE,2025-01-29,0.0
1124,Ponta Grossa CDE,2025-01-30,37.6
1124,Ponta Grossa CDE,2025-01-31,8.4
1124,Ponta Grossa CDE,2025-08-31,0.0
1124,Ponta Grossa CDE,2025-09-01,0.0
1124,Ponta Grossa CDE,2025-09-02,0.0
1124,Ponta Grossa CDE,2025-09-03,0.0
1124,Ponta Grossa CDE,2025-09-04,0.0
1124,Ponta Grossa CDE,2025-09-05,0.4
1124,Ponta Grossa CDE,2025-09-06,0.4
1124,Ponta Grossa CDE,2025-09-07,0.0
1124,Ponta Grossa CDE,2025-09-08,0.0
1124,Ponta Grossa CDE,2025-09-09,12.8
1124,Ponta Grossa CDE,2025-09-10,0.0
1124,Ponta Grossa CDE,2025-09-11,0.0
1124,Ponta Grossa CDE,2025-09-12,0.0
1124,Ponta Grossa CDE,2025-09-13,0.0
1124,Ponta Grossa CDE,2025-09-14,0.0
1124,Ponta Grossa CDE,2025-09-15,0.0
1124,Ponta Grossa CDE,2025-09-16,5.0
1124,Ponta Grossa CDE,2025-09-17,0.0
1124,Ponta Grossa CDE,2025-09-18,0.0
1124,Ponta Grossa CDE,2025-09-19,0.0
1124,Ponta Grossa CDE,2025-09-20,0.0
1124,Ponta Grossa CDE,2025-09-21,9.4
1124,Ponta Grossa CDE,2025-09-22,46.0
1124,Ponta Grossa CDE,2025-09-23,0.0
1124,Ponta Grossa CDE,2025-09-24,0.0
1124,Ponta Grossa CDE,2025-09-25,0.0
1124,Ponta Grossa CDE,2025-09-26,0.6
1124,Ponta Grossa CDE,2025-09-27,0.0
1124,Ponta Grossa CDE,2025-09-28,0.0
1124,Ponta Grossa CDE,2025-09-29,0.0
1124,Ponta Grossa CDE,2025-09-30,5.4
1124,Ponta Grossa CDE,2025-10-01,1.0
1124,Ponta Grossa CDE,2025-10-02,0.2
1124,Ponta Grossa CDE,2025-10-03,15.8
1124,Ponta Grossa CDE,2025-10-04,0.2
1124,Ponta Grossa CDE,2025-10-05,0.0
1124,Ponta Grossa CDE,2025-10-06,0.0
1124,Ponta Grossa CDE,2025-10-07,13.2
1124,Ponta Grossa CDE,2025-10-08,41.0
1124,Ponta Grossa CDE,2025-10-09,0.4
1124,Ponta Grossa CDE,2025-10-10,0.8
1124,Ponta Grossa CDE,2025-10-11,0.0
1124,Ponta Grossa CDE,2025-10-12,22.0
1124,Ponta Grossa CDE,2025-10-13,2.2
1124,Ponta Grossa CDE,2025-10-14,0.4
1124,Ponta Grossa CDE,2025-10-15,0.0
1124,Ponta Grossa CDE,2025-10-16,0.8
1124,Ponta Grossa CDE,2025-10-17,18.8
1124,Ponta Grossa CDE,2025-10-18,1.4
1124,Ponta Grossa CDE,2025-10-19,0.0
1124,Ponta Grossa CDE,2025-10-20,0.0
1124,Ponta Grossa CDE,2025-10-21,0.0
1124,Ponta Grossa CDE,2025-10-22,0.0
1124,Ponta Grossa CDE,2025-10-23,0.0
1124,Ponta Grossa CDE,2025-10-24,0.0
1124,Ponta Grossa CDE,2025-10-25,0.0
1124,Ponta Grossa CDE,2025-10-26,1.6
1124,Ponta Grossa CDE,2025-10-27,1.2
1124,Ponta Grossa CDE,2025-10-28,18.0
1124,Ponta Grossa CDE,2025-10-29,15.2
1124,Ponta Grossa CDE,2025-10-30,0.0
1124,Ponta Grossa CDE,2025-10-31,0.4
1124,Ponta Grossa CDE,2025-10-31,0.4
1124,Ponta Grossa CDE,2025-11-01,18.2
1124,Ponta Grossa CDE,2025-11-02,19.8
1124,Ponta Grossa CDE,2025-11-03,4.8
1124,Ponta Grossa CDE,2025-11-04,0.2
1124,Ponta Grossa CDE,2025-11-05,0.0
1124,Ponta Grossa CDE,2025-11-06,0.2
1124,Ponta Grossa CDE,2025-11-07,18.6
1124,Ponta Grossa CDE,2025-11-08,4.0
1124,Ponta Grossa CDE,2025-11-09,0.0
1124,Ponta Grossa CDE,2025-11-10,0.0
1124,Ponta Grossa CDE,2025-11-11,0.0
1124,Ponta Grossa CDE,2025-11-12,16.4
1124,Ponta Grossa CDE,2025-11-13,3.2
1124,Ponta Grossa CDE,2025-11-14,0.0
1124,Ponta Grossa CDE,2025-11-15,0.0
1124,Ponta Grossa CDE,2025-11-16,0.6
1124,Ponta Grossa CDE,2025-11-17,24.6
1124,Ponta Grossa CDE,2025-11-18,12.0
1124,Ponta Grossa CDE,2025-11-19,0.2
1124,Ponta Grossa CDE,2025-11-20,0.0
1124,Ponta Grossa CDE,2025-11-21,0.0
1124,Ponta Grossa CDE,2025-11-22,0.0
1124,Ponta Grossa CDE,2025-11-23,16.2
1124,Ponta Grossa CDE,2025-11-24,27.4
1124,Ponta Grossa CDE,2025-11-25,0.0
1124,Ponta Grossa CDE,2025-11-26,0.0
1124,Ponta Grossa CDE,2025-11-27,0.0
1124,Ponta Grossa CDE,2025-11-28,0.0
1124,Ponta Grossa CDE,2025-11-29,0.0
1124,Ponta Grossa CDE,2025-11-30,0.0
1105,Ponta Grossa Rosario,2015-08-31,0.0
1105,Ponta Grossa Rosario,2015-09-01,0.0
1105,Ponta Grossa Rosario,2015-09-02,0.0
1105,Ponta Grossa Rosario,2015-09-03,6.0
1105,Ponta Grossa Rosario,2015-09-04,15.8
1105,Ponta Grossa Rosario,2015-09-05,0.0
1105,Ponta Grossa Rosario,2015-09-06,0.0
1105,Ponta Grossa Rosario,2015-09-07,7.8
1105,Ponta Grossa Rosario,2015-09-08,44.8
1105,Ponta Grossa Rosario,2015-09-09,0.0
1105,Ponta Grossa Rosario,2015-09-10,11.2
1105,Ponta Grossa Rosario,2015-09-11,0.6
1105,Ponta Grossa Rosario,2015-09-12,0.0
1105,Ponta Grossa Rosario,2015-09-13,0.2
1105,Ponta Grossa Rosario,2015-09-14,0.2
1105,Ponta Grossa Rosario,2015-09-15,0.0
1105,Ponta Grossa Rosario,2015-09-16,0.0
1105,Ponta Grossa Rosario,2015-09-17,0.0
1105,Ponta Grossa Rosario,2015-09-18,0.0
1105,Ponta Grossa Rosario,2015-09-19,0.0
1105,Ponta Grossa Rosario,2015-09-20,0.0
1105,Ponta Grossa Rosario,2015-09-21,0.0
1105,Ponta Grossa Rosario,2015-09-22,0.0
1105,Ponta Grossa Rosario,2015-09-23,0.0
1105,Ponta Grossa Rosario,2015-09-24,0.0
1105,Ponta Grossa Rosario,2015-09-25,3.6
1105,Ponta Grossa Rosario,2015-09-26,2.6
1105,Ponta Grossa Rosario,2015-09-27,34.2
1105,Ponta Grossa Rosario,2015-09-28,0.2
1105,Ponta Grossa Rosario,2015-09-29,0.2
1105,Ponta Grossa Rosario,2015-09-30,3.6
1105,Ponta Grossa Rosario,2015-10-01,0.0
1105,Ponta Grossa Rosario,2015-10-02,18.2
1105,Ponta Grossa Rosario,2015-10-03,2.8
1105,Ponta Grossa Rosario,2015-10-04,3.0
1105,Ponta Grossa Rosario,2015-10-05,0.0
1105,Ponta Grossa Rosario,2015-10-06,0.0
1105,Ponta Grossa Rosario,2015-10-07,0.0
1105,Ponta Grossa Rosario,2015-10-08,0.6
1105,Ponta Grossa Rosario,2015-10-09,25.0
1105,Ponta Grossa Rosario,2015-10-10,6.6
1105,Ponta Grossa Rosario,2015-10-11,31.2
1105,Ponta Grossa Rosario,2015-10-12,7.0
1105,Ponta Grossa Rosario,2015-10-13,0.2
1105,Ponta Grossa Rosario,2015-10-14,0.0
1105,Ponta Grossa Rosario,2015-10-15,0.0
1105,Ponta Grossa Rosario,2015-10-16,0.0
1105,Ponta Grossa Rosario,2015-10-17,5.0
1105,Ponta Grossa Rosario,2015-10-18,0.2
1105,Ponta Grossa Rosario,2015-10-19,0.0
1105,Ponta Grossa Rosario,2015-10-20,0.0
1105,Ponta Grossa Rosario,2015-10-21,7.2
1105,Ponta Grossa Rosario,2015-10-22,22.2
1105,Ponta Grossa Rosario,2015-10-23,0.0
1105,Ponta Grossa Rosario,2015-10-24,0.0
1105,Ponta Grossa Rosario,2015-10-25,3.4
1105,Ponta Grossa Rosario,2015-10-26,0.2
1105,Ponta Grossa Rosario,2015-10-27,3.6
1105,Ponta Grossa Rosario,2015-10-28,0.0
1105,Ponta Grossa Rosario,2015-10-29,0.0
1105,Ponta Grossa Rosario,2015-10-30,0.0
1105,Ponta Grossa Rosario,2015-10-31,29.8
1105,Ponta Grossa Rosario,2017-05-01,0.0
1105,Ponta Grossa Rosario,2017-05-02,0.0
1105,Ponta Grossa Rosario,2017-05-03,0.2
1105,Ponta Grossa Rosario,2017-05-04,4.0
1105,Ponta Grossa Rosario,2017-05-05,0.2
1105,Ponta Grossa Rosario,2017-05-06,0.2
1105,Ponta Grossa Rosario,2017-05-07,0.4
1105,Ponta Grossa Rosario,2017-05-08,0.2
1105,Ponta Grossa Rosario,2017-05-09,0.0
1105,Ponta Grossa Rosario,2017-05-10,0.0
1105,Ponta Grossa Rosario,2017-05-11,0.0
1105,Ponta Grossa Rosario,2017-05-12,0.0
1105,Ponta Grossa Rosario,2017-05-13,0.2
1105,Ponta Grossa Rosario,2017-05-14,11.2
1105,Ponta Grossa Rosario,2017-05-15,0.2
1105,Ponta Grossa Rosario,2017-05-16,0.4
1105,Ponta Grossa Rosario,2017-05-17,0.2
1105,Ponta Grossa Rosario,2017-05-18,38.0
1105,Ponta Grossa Rosario,2017-05-19,33.0
1105,Ponta Grossa Rosario,2017-05-20,0.8
1105,Ponta Grossa Rosario,2017-05-21,15.2
1105,Ponta Grossa Rosario,2017-05-22,0.2
1105,Ponta Grossa Rosario,2017-05-23,0.6
1105,Ponta Grossa Rosario,2017-05-24,0.2
1105,Ponta Grossa Rosario,2017-05-25,0.0
1105,Ponta Grossa Rosario,2017-05-26,0.0
1105,Ponta Grossa Rosario,2017-05-27,0.8
1105,Ponta Grossa Rosario,2017-05-28,1.4
1105,Ponta Grossa Rosario,2017-05-29,0.2
1105,Ponta Grossa Rosario,2017-05-30,1.8
1105,Ponta Grossa Rosario,2017-05-31,16.2
1105,Ponta Grossa Rosario,2017-05-31,16.2
1105,Ponta Grossa Rosario,2017-06-01,1.2
1105,Ponta Grossa Rosario,2017-06-02,0.0
1105,Ponta Grossa Rosario,2017-06-03,0.0
1105,Ponta Grossa Rosario,2017-06-04,0.0
1105,Ponta Grossa Rosario,2017-06-05,61.8
1105,Ponta Grossa Rosario,2017-06-06,71.4
1105,Ponta Grossa Rosario,2017-06-07,7.4
1105,Ponta Grossa Rosario,2017-06-08,10.0
1105,Ponta Grossa Rosario,2017-06-09,0.4
1105,Ponta Grossa Rosario,2017-06-10,0.2
1105,Ponta Grossa Rosario,2017-06-11,0.0
1105,Ponta Grossa Rosario,2017-06-12,0.2
1105,Ponta Grossa Rosario,2017-06-13,1.0
1105,Ponta Grossa Rosario,2017-06-14,0.2
1105,Ponta Grossa Rosario,2017-06-15,0.4
1105,Ponta Grossa Rosario,2017-06-16,0.2
1105,Ponta Grossa Rosario,2017-06-17,0.0
1105,Ponta Grossa Rosario,2017-06-18,0.0
1105,Ponta Grossa Rosario,2017-06-19,5.8
1105,Ponta Grossa Rosario,2017-06-20,15.4
1105,Ponta Grossa Rosario,2017-06-21,0.0
1105,Ponta Grossa Rosario,2017-06-22,0.2
1105,Ponta Grossa Rosario,2017-06-23,0.0
1105,Ponta Grossa Rosario,2017-06-24,0.0
1105,Ponta Grossa Rosario,2017-06-25,0.0
1105,Ponta Grossa Rosario,2017-06-26,0.4
1105,Ponta Grossa Rosario,2017-06-27,0.2
1105,Ponta Grossa Rosario,2017-06-28,0.2
1105,Ponta Grossa Rosario,2017-06-29,0.0
1105,Ponta Grossa Rosario,2017-06-30,0.0
1105,Ponta Grossa Rosario,2019-03-31,0.2
1105,Ponta Grossa Rosario,2019-04-01,3.6
1105,Ponta Grossa Rosario,2019-04-02,0.0
1105,Ponta Grossa Rosario,2019-04-03,0.0
1105,Ponta Grossa Rosario,2019-04-04,0.0
1105,Ponta Grossa Rosario,2019-04-05,0.2
1105,Ponta Grossa Rosario,2019-04-06,67.2
1105,Ponta Grossa Rosario,2019-04-07,31.6
1105,Ponta Grossa Rosario,2019-04-08,1.4
1105,Ponta Grossa Rosario,2019-04-09,0.0
1105,Ponta Grossa Rosario,2019-04-10,0.0
1105,Ponta Grossa Rosario,2019-04-11,0.2
1105,Ponta Grossa Rosario,2019-04-12,0.2
1105,Ponta Grossa Rosario,2019-04-13,0.2
1105,Ponta Grossa Rosario,2019-04-14,0.0
1105,Ponta Grossa Rosario,2019-04-15,0.2
1105,Ponta Grossa Rosario,2019-04-16,13.4
1105,Ponta Grossa Rosario,2019-04-17,0.4
1105,Ponta Grossa Rosario,2019-04-18,0.2
1105,Ponta Grossa Rosario,2019-04-19,0.2
1105,Ponta Grossa Rosario,2019-04-20,0.0
1105,Ponta Grossa Rosario,2019-04-21,17.0
1105,Ponta Grossa Rosario,2019-04-22,17.0
1105,Ponta Grossa Rosario,2019-04-23,0.0
1105,Ponta Grossa Rosario,2019-04-24,0.0
1105,Ponta Grossa Rosario,2019-04-25,0.0
1105,Ponta Grossa Rosario,2019-04-26,0.4
1105,Ponta Grossa Rosario,2019-04-27,19.4
1105,Ponta Grossa Rosario,2019-04-28,25.6
1105,Ponta Grossa Rosario,2019-04-29,0.4
1105,Ponta Grossa Rosario,2019-04-30,0.2
1105,Ponta Grossa Rosario,2019-05-01,9.0
1105,Ponta Grossa Rosario,2019-05-02,0.0
1105,Ponta Grossa Rosario,2019-05-03,0.2
1105,Ponta Grossa Rosario,2019-05-04,1.0
1105,Ponta Grossa Rosario,2019-05-05,0.4
1105,Ponta Grossa Rosario,2019-05-06,9.4
1105,Ponta Grossa Rosario,2019-05-07,0.4
1105,Ponta Grossa Rosario,2019-05-08,0.0
1105,Ponta Grossa Rosario,2019-05-09,0.8
1105,Ponta Grossa Rosario,2019-05-10,0.0
1105,Ponta Grossa Rosario,2019-05-11,9.8
1105,Ponta Grossa Rosario,2019-05-12,1.2
1105,Ponta Grossa Rosario,2019-05-13,2.6
1105,Ponta Grossa Rosario,2019-05-14,1.0
1105,Ponta Grossa Rosario,2019-05-15,0.2
1105,Ponta Grossa Rosario,2019-05-16,0.4
1105,Ponta Grossa Rosario,2019-05-17,1.6
1105,Ponta Grossa Rosario,2019-05-18,0.0
1105,Ponta Grossa Rosario,2019-05-19,0.4
1105,Ponta Grossa Rosario,2019-05-20,0.2
1105,Ponta Grossa Rosario,2019-05-21,0.4
1105,Ponta Grossa Rosario,2019-05-22,0.2
1105,Ponta Grossa Rosario,2019-05-23,41.0
1105,Ponta Grossa Rosario,2019-05-24,14.6
1105,Ponta Grossa Rosario,2019-05-25,0.0
1105,Ponta Grossa Rosario,2019-05-26,0.2
1105,Ponta Grossa Rosario,2019-05-27,0.4
1105,Ponta Grossa Rosario,2019-05-28,72.8
1105,Ponta Grossa Rosario,2019-05-29,0.2
1105,Ponta Grossa Rosario,2019-05-30,43.0
1105,Ponta Grossa Rosario,2019-05-31,37.4
1105,Ponta Grossa Rosario,2019-05-31,37.4
1105,Ponta Grossa Rosario,2019-06-01,4.8
1105,Ponta Grossa Rosario,2019-06-02,3.0
1105,Ponta Grossa Rosario,2019-06-03,4.4
1105,Ponta Grossa Rosario,2019-06-04,0.6
1105,Ponta Grossa Rosario,2019-06-05,0.2
1105,Ponta Grossa Rosario,2019-06-06,0.0
1105,Ponta Grossa Rosario,2019-06-07,0.2
1105,Ponta Grossa Rosario,2019-06-08,0.2
1105,Ponta Grossa Rosario,2019-06-09,0.2
1105,Ponta Grossa Rosario,2019-06-10,0.2
1105,Ponta Grossa Rosario,2019-06-11,0.2
1105,Ponta Grossa Rosario,2019-06-12,0.2
1105,Ponta Grossa Rosario,2019-06-13,0.0
1105,Ponta Grossa Rosario,2019-06-14,0.0
1105,Ponta Grossa Rosario,2019-06-15,0.0
1105,Ponta Grossa Rosario,2019-06-16,0.0
1105,Ponta Grossa Rosario,2019-06-17,0.0
1105,Ponta Grossa Rosario,2019-06-18,0.0
1105,Ponta Grossa Rosario,2019-06-19,0.0
1105,Ponta Grossa Rosario,2019-06-20,0.0
1105,Ponta Grossa Rosario,2019-06-21,0.0
1105,Ponta Grossa Rosario,2019-06-22,0.4
1105,Ponta Grossa Rosario,2019-06-23,0.4
1105,Ponta Grossa Rosario,2019-06-24,0.0
1105,Ponta Grossa Rosario,2019-06-25,0.0
1105,Ponta Grossa Rosario,2019-06-26,33.2
1105,Ponta Grossa Rosario,2019-06-27,1.8
1105,Ponta Grossa Rosario,2019-06-28,0.2
1105,Ponta Grossa Rosario,2019-06-29,0.2
1105,Ponta Grossa Rosario,2019-06-30,0.0
1105,Ponta Grossa Rosario,2020-12-01,0.6
1105,Ponta Grossa Rosario,2020-12-02,1.8
1105,Ponta Grossa Rosario,2020-12-03,12.0
1105,Ponta Grossa Rosario,2020-12-04,44.8
1105,Ponta Grossa Rosario,2020-12-05,49.0
1105,Ponta Grossa Rosario,2020-12-06,3.6
1105,Ponta Grossa Rosario,2020-12-07,2.0
1105,Ponta Grossa Rosario,2020-12-08,0.0
1105,Ponta Grossa Rosario,2020-12-09,7.2
1105,Ponta Grossa Rosario,2020-12-10,0.2
1105,Ponta Grossa Rosario,2020-12-11,0.2
1105,Ponta Grossa Rosario,2020-12-12,0.4
1105,Ponta Grossa Rosario,2020-12-13,3.4
1105,Ponta Grossa Rosario,2020-12-14,0.0
1105,Ponta Grossa Rosario,2020-12-15,1.4
1105,Ponta Grossa Rosario,2020-12-16,8.2
1105,Ponta Grossa Rosario,2020-12-17,3.4
1105,Ponta Grossa Rosario,2020-12-18,0.4
1105,Ponta Grossa Rosario,2020-12-19,0.0
1105,Ponta Grossa Rosario,2020-12-20,16.0
1105,Ponta Grossa Rosario,2020-12-21,0.0
1105,Ponta Grossa Rosario,2020-12-22,0.0
1105,Ponta Grossa Rosario,2020-12-23,0.0
1105,Ponta Grossa Rosario,2020-12-24,0.0
1105,Ponta Grossa Rosario,2020-12-25,0.2
1105,Ponta Grossa Rosario,2020-12-26,0.0
1105,Ponta Grossa Rosario,2020-12-27,0.0
1105,Ponta Grossa Rosario,2020-12-28,0.0
1105,Ponta Grossa Rosario,2020-12-29,0.0
1105,Ponta Grossa Rosario,2020-12-30,0.0
1105,Ponta Grossa Rosario,2020-12-31,18.4
1105,Ponta Grossa Rosario,2021-01-01,0.0
1105,Ponta Grossa Rosario,2021-01-02,2.4
1105,Ponta Grossa Rosario,2021-01-03,0.8
1105,Ponta Grossa Rosario,2021-01-04,6.2
1105,Ponta Grossa Rosario,2021-01-05,29.6
1105,Ponta Grossa Rosario,2021-01-06,2.4
1105,Ponta Grossa Rosario,2021-01-07,1.4
1105,Ponta Grossa Rosario,2021-01-08,0.0
1105,Ponta Grossa Rosario,2021-01-09,1.2
1105,Ponta Grossa Rosario,2021-01-10,0.8
1105,Ponta Grossa Rosario,2021-01-11,0.0
1105,Ponta Grossa Rosario,2021-01-12,0.0
1105,Ponta Grossa Rosario,2021-01-13,0.0
1105,Ponta Grossa Rosario,2021-01-14,0.0
1105,Ponta Grossa Rosario,2021-01-15,0.4
1105,Ponta Grossa Rosario,2021-01-16,0.2
1105,Ponta Grossa Rosario,2021-01-17,16.6
1105,Ponta Grossa Rosario,2021-01-18,45.2
1105,Ponta Grossa Rosario,2021-01-19,28.8
1105,Ponta Grossa Rosario,2021-01-20,46.8
1105,Ponta Grossa Rosario,2021-01-21,3.6
1105,Ponta Grossa Rosario,2021-01-22,0.0
1105,Ponta Grossa Rosario,2021-01-23,2.8
1105,Ponta Grossa Rosario,2021-01-24,4.6
1105,Ponta Grossa Rosario,2021-01-25,31.0
1105,Ponta Grossa Rosario,2021-01-26,8.4
1105,Ponta Grossa Rosario,2021-01-27,14.4
1105,Ponta Grossa Rosario,2021-01-28,2.0
1105,Ponta Grossa Rosario,2021-01-29,2.0
1105,Ponta Grossa Rosario,2021-01-30,16.2
1105,Ponta Grossa Rosario,2021-01-31,0.6
1105,Ponta Grossa Rosario,2022-05-01,0.2
1105,Ponta Grossa Rosario,2022-05-02,0.0
1105,Ponta Grossa Rosario,2022-05-03,29.6
1105,Ponta Grossa Rosario,2022-05-04,5.4
1105,Ponta Grossa Rosario,2022-05-05,0.0
1105,Ponta Grossa Rosario,2022-05-06,0.2
1105,Ponta Grossa Rosario,2022-05-07,0.0
1105,Ponta Grossa Rosario,2022-05-08,0.0
1105,Ponta Grossa Rosario,2022-05-09,0.0
1105,Ponta Grossa Rosario,2022-05-10,3.4
1105,Ponta Grossa Rosario,2022-05-11,5.2
1105,Ponta Grossa Rosario,2022-05-12,0.2
1105,Ponta Grossa Rosario,2022-05-13,0.2
1105,Ponta Grossa Rosario,2022-05-14,0.0
1105,Ponta Grossa Rosario,2022-05-15,0.0
1105,Ponta Grossa Rosario,2022-05-16,0.0
1105,Ponta Grossa Rosario,2022-05-17,0.0
1105,Ponta Grossa Rosario,2022-05-18,0.0
1105,Ponta Grossa Rosario,2022-05-19,0.0
1105,Ponta Grossa Rosario,2022-05-20,0.0
1105,Ponta Grossa Rosario,2022-05-21,0.0
1105,Ponta Grossa Rosario,2022-05-22,0.0
1105,Ponta Grossa Rosario,2022-05-23,0.0
1105,Ponta Grossa Rosario,2022-05-24,0.0
1105,Ponta Grossa Rosario,2022-05-25,0.0
1105,Ponta Grossa Rosario,2022-05-26,0.0
1105,Ponta Grossa Rosario,2022-05-27,0.0
1105,Ponta Grossa Rosario,2022-05-28,0.0
1105,Ponta Grossa Rosario,2022-05-29,23.2
1105,Ponta Grossa Rosario,2022-05-30,21.4
1105,Ponta Grossa Rosario,2022-05-31,10.2
1105,Ponta Grossa Rosario,2022-05-31,10.2
1105,Ponta Grossa Rosario,2022-06-01,25.8
1105,Ponta Grossa Rosario,2022-06-02,69.6
1105,Ponta Grossa Rosario,2022-06-03,0.0
1105,Ponta Grossa Rosario,2022-06-04,0.0
1105,Ponta Grossa Rosario,2022-06-05,0.0
1105,Ponta Grossa Rosario,2022-06-06,9.4
1105,Ponta Grossa Rosario,2022-06-07,35.2
1105,Ponta Grossa Rosario,2022-06-08,0.2
1105,Ponta Grossa Rosario,2022-06-09,19.6
1105,Ponta Grossa Rosario,2022-06-10,0.6
1105,Ponta Grossa Rosario,2022-06-11,0.2
1105,Ponta Grossa Rosario,2022-06-12,0.0
1105,Ponta Grossa Rosario,2022-06-13,0.0
1105,Ponta Grossa Rosario,2022-06-14,0.0
1105,Ponta Grossa Rosario,2022-06-15,1.4
1105,Ponta Grossa Rosario,2022-06-16,0.0
1105,Ponta Grossa Rosario,2022-06-17,10.2
1105,Ponta Grossa Rosario,2022-06-18,0.0
1105,Ponta Grossa Rosario,2022-06-19,0.2
1105,Ponta Grossa Rosario,2022-06-20,0.0
1105,Ponta Grossa Rosario,2022-06-21,0.0
1105,Ponta Grossa Rosario,2022-06-22,0.0
1105,Ponta Grossa Rosario,2022-06-23,0.0
1105,Ponta Grossa Rosario,2022-06-24,0.0
1105,Ponta Grossa Rosario,2022-06-25,0.0
1105,Ponta Grossa Rosario,2022-06-26,0.0
1105,Ponta Grossa Rosario,2022-06-27,0.0
1105,Ponta Grossa Rosario,2022-06-28,0.0
1105,Ponta Grossa Rosario,2022-06-29,0.0
1105,Ponta Grossa Rosario,2022-06-30,0.0
1105,Ponta Grossa Rosario,2022-08-31,0.0
1105,Ponta Grossa Rosario,2022-09-01,0.0
1105,Ponta Grossa Rosario,2022-09-02,4.8
1105,Ponta Grossa Rosario,2022-09-03,22.2
1105,Ponta Grossa Rosario,2022-09-04,0.0
1105,Ponta Grossa Rosario,2022-09-05,1.4
1105,Ponta Grossa Rosario,2022-09-06,8.0
1105,Ponta Grossa Rosario,2022-09-07,10.0
1105,Ponta Grossa Rosario,2022-09-08,0.0
1105,Ponta Grossa Rosario,2022-09-09,0.0
1105,Ponta Grossa Rosario,2022-09-10,0.0
1105,Ponta Grossa Rosario,2022-09-11,0.0
1105,Ponta Grossa Rosario,2022-09-12,38.4
1105,Ponta Grossa Rosario,2022-09-13,17.8
1105,Ponta Grossa Rosario,2022-09-14,17.6
1105,Ponta Grossa Rosario,2022-09-15,6.2
1105,Ponta Grossa Rosario,2022-09-16,0.0
1105,Ponta Grossa Rosario,2022-09-17,0.0
1105,Ponta Grossa Rosario,2022-09-18,0.0
1105,Ponta Grossa Rosario,2022-09-19,7.6
1105,Ponta Grossa Rosario,2022-09-20,0.6
1105,Ponta Grossa Rosario,2022-09-21,14.2
1105,Ponta Grossa Rosario,2022-09-22,0.4
1105,Ponta Grossa Rosario,2022-09-23,0.0
1105,Ponta Grossa Rosario,2022-09-24,0.0
1105,Ponta Grossa Rosario,2022-09-25,21.2
1105,Ponta Grossa Rosario,2022-09-26,42.2
1105,Ponta Grossa Rosario,2022-09-27,1.6
1105,Ponta Grossa Rosario,2022-09-28,0.8
1105,Ponta Grossa Rosario,2022-09-29,1.0
1105,Ponta Grossa Rosario,2022-09-30,0.2
1105,Ponta Grossa Rosario,2022-10-01,0.8
1105,Ponta Grossa Rosario,2022-10-02,0.0
1105,Ponta Grossa Rosario,2022-10-03,0.0
1105,Ponta Grossa Rosario,2022-10-04,0.0
1105,Ponta Grossa Rosario,2022-10-05,0.0
1105,Ponta Grossa Rosario,2022-10-06,23.2
1105,Ponta Grossa Rosario,2022-10-07,1.4
1105,Ponta Grossa Rosario,2022-10-08,0.0
1105,Ponta Grossa Rosario,2022-10-09,0.0
1105,Ponta Grossa Rosario,2022-10-10,0.4
1105,Ponta Grossa Rosario,2022-10-11,1.4
1105,Ponta Grossa Rosario,2022-10-12,1.8
1105,Ponta Grossa Rosario,2022-10-13,3.0
1105,Ponta Grossa Rosario,2022-10-14,18.4
1105,Ponta Grossa Rosario,2022-10-15,4.0
1105,Ponta Grossa Rosario,2022-10-16,11.6
1105,Ponta Grossa Rosario,2022-10-17,0.2
1105,Ponta Grossa Rosario,2022-10-18,4.6
1105,Ponta Grossa Rosario,2022-10-19,0.0
1105,Ponta Grossa Rosario,2022-10-20,41.2
1105,Ponta Grossa Rosario,2022-10-21,6.4
1105,Ponta Grossa Rosario,2022-10-22,0.0
1105,Ponta Grossa Rosario,2022-10-23,0.0
1105,Ponta Grossa Rosario,2022-10-24,0.0
1105,Ponta Grossa Rosario,2022-10-25,0.0
1105,Ponta Grossa Rosario,2022-10-26,0.0
1105,Ponta Grossa Rosario,2022-10-27,0.0
1105,Ponta Grossa Rosario,2022-10-28,0.0
1105,Ponta Grossa Rosario,2022-10-29,25.0
1105,Ponta Grossa Rosario,2022-10-30,12.2
1105,Ponta Grossa Rosario,2022-10-31,5.6
1105,Ponta Grossa Rosario,2022-10-31,5.6
1105,Ponta Grossa Rosario,2022-11-01,4.0
1105,Ponta Grossa Rosario,2022-11-02,0.2
1105,Ponta Grossa Rosario,2022-11-03,0.0
1105,Ponta Grossa Rosario,2022-11-04,0.0
1105,Ponta Grossa Rosario,2022-11-05,0.0
1105,Ponta Grossa Rosario,2022-11-06,0.0
1105,Ponta Grossa Rosario,2022-11-07,0.0
1105,Ponta Grossa Rosario,2022-11-08,0.0
1105,Ponta Grossa Rosario,2022-11-09,0.0
1105,Ponta Grossa Rosario,2022-11-10,0.0
1105,Ponta Grossa Rosario,2022-11-11,14.6
1105,Ponta Grossa Rosario,2022-11-12,0.0
1105,Ponta Grossa Rosario,2022-11-13,15.6
1105,Ponta Grossa Rosario,2022-11-14,8.0
1105,Ponta Grossa Rosario,2022-11-15,0.0
1105,Ponta Grossa Rosario,2022-11-16,0.0
1105,Ponta Grossa Rosario,2022-11-17,0.0
1105,Ponta Grossa Rosario,2022-11-18,0.0
1105,Ponta Grossa Rosario,2022-11-19,0.0
1105,Ponta Grossa Rosario,2022-11-20,0.0
1105,Ponta Grossa Rosario,2022-11-21,0.0
1105,Ponta Grossa Rosario,2022-11-22,5.4
1105,Ponta Grossa Rosario,2022-11-23,4.0
1105,Ponta Grossa Rosario,2022-11-24,0.0
1105,Ponta Grossa Rosario,2022-11-25,0.0
1105,Ponta Grossa Rosario,2022-11-26,3.6
1105,Ponta Grossa Rosario,2022-11-27,0.4
1105,Ponta Grossa Rosario,2022-11-28,16.0
1105,Ponta Grossa Rosario,2022-11-29,7.6
1105,Ponta Grossa Rosario,2022-11-30,5.0
1105,Ponta Grossa Rosario,2023-08-31,0.0
1105,Ponta Grossa Rosario,2023-09-01,0.0
1105,Ponta Grossa Rosario,2023-09-02,44.4
1105,Ponta Grossa Rosario,2023-09-03,0.0
1105,Ponta Grossa Rosario,2023-09-04,15.8
1105,Ponta Grossa Rosario,2023-09-05,0.0
1105,Ponta Grossa Rosario,2023-09-06,0.0
1105,Ponta Grossa Rosario,2023-09-07,0.0
1105,Ponta Grossa Rosario,2023-09-08,0.4
1105,Ponta Grossa Rosario,2023-09-09,4.8
1105,Ponta Grossa Rosario,2023-09-10,0.2
1105,Ponta Grossa Rosario,2023-09-11,0.0
1105,Ponta Grossa Rosario,2023-09-12,0.0
1105,Ponta Grossa Rosario,2023-09-13,9.2
1105,Ponta Grossa Rosario,2023-09-14,0.8
1105,Ponta Grossa Rosario,2023-09-15,0.0
1105,Ponta Grossa Rosario,2023-09-16,0.0
1105,Ponta Grossa Rosario,2023-09-17,0.0
1105,Ponta Grossa Rosario,2023-09-18,0.0
1105,Ponta Grossa Rosario,2023-09-19,16.0
1105,Ponta Grossa Rosario,2023-09-20,0.2
1105,Ponta Grossa Rosario,2023-09-21,0.0
1105,Ponta Grossa Rosario,2023-09-22,0.2
1105,Ponta Grossa Rosario,2023-09-23,0.0
1105,Ponta Grossa Rosario,2023-09-24,0.0
1105,Ponta Grossa Rosario,2023-09-25,6.6
1105,Ponta Grossa Rosario,2023-09-26,2.6
1105,Ponta Grossa Rosario,2023-09-27,2.0
1105,Ponta Grossa Rosario,2023-09-28,0.0
1105,Ponta Grossa Rosario,2023-09-29,0.0
1105,Ponta Grossa Rosario,2023-09-30,3.8
1105,Ponta Grossa Rosario,2023-10-01,4.8
1105,Ponta Grossa Rosario,2023-10-02,0.0
1105,Ponta Grossa Rosario,2023-10-03,0.0
1105,Ponta Grossa Rosario,2023-10-04,65.2
1105,Ponta Grossa Rosario,2023-10-05,17.2
1105,Ponta Grossa Rosario,2023-10-06,0.0
1105,Ponta Grossa Rosario,2023-10-07,45.0
1105,Ponta Grossa Rosario,2023-10-08,49.6
1105,Ponta Grossa Rosario,2023-10-09,0.2
1105,Ponta Grossa Rosario,2023-10-10,0.0
1105,Ponta Grossa Rosario,2023-10-11,0.0
1105,Ponta Grossa Rosario,2023-10-12,63.2
1105,Ponta Grossa Rosario,2023-10-13,10.2
1105,Ponta Grossa Rosario,2023-10-14,0.0
1105,Ponta Grossa Rosario,2023-10-15,0.0
1105,Ponta Grossa Rosario,2023-10-16,24.8
1105,Ponta Grossa Rosario,2023-10-17,28.0
1105,Ponta Grossa Rosario,2023-10-18,0.6
1105,Ponta Grossa Rosario,2023-10-19,3.4
1105,Ponta Grossa Rosario,2023-10-20,0.6
1105,Ponta Grossa Rosario,2023-10-21,0.0
1105,Ponta Grossa Rosario,2023-10-22,0.0
1105,Ponta Grossa Rosario,2023-10-23,0.0
1105,Ponta Grossa Rosario,2023-10-24,0.2
1105,Ponta Grossa Rosario,2023-10-25,5.4
1105,Ponta Grossa Rosario,2023-10-26,5.2
1105,Ponta Grossa Rosario,2023-10-27,47.0
1105,Ponta Grossa Rosario,2023-10-28,54.2
1105,Ponta Grossa Rosario,2023-10-29,70.2
1105,Ponta Grossa Rosario,2023-10-30,25.6
1105,Ponta Grossa Rosario,2023-10-31,15.4
1105,Ponta Grossa Rosario,2023-10-31,15.4
1105,Ponta Grossa Rosario,2023-11-01,0.0
1105,Ponta Grossa Rosario,2023-11-02,0.0
1105,Ponta Grossa Rosario,2023-11-03,55.4
1105,Ponta Grossa Rosario,2023-11-04,0.0
1105,Ponta Grossa Rosario,2023-11-05,0.0
1105,Ponta Grossa Rosario,2023-11-06,0.0
1105,Ponta Grossa Rosario,2023-11-07,0.0
1105,Ponta Grossa Rosario,2023-11-08,0.0
1105,Ponta Grossa Rosario,2023-11-09,0.0
1105,Ponta Grossa Rosario,2023-11-10,0.2
1105,Ponta Grossa Rosario,2023-11-11,0.0
1105,Ponta Grossa Rosario,2023-11-12,0.0
1105,Ponta Grossa Rosario,2023-11-13,4.6
1105,Ponta Grossa Rosario,2023-11-14,1.4
1105,Ponta Grossa Rosario,2023-11-15,0.0
1105,Ponta Grossa Rosario,2023-11-16,0.0
1105,Ponta Grossa Rosario,2023-11-17,3.4
1105,Ponta Grossa Rosario,2023-11-18,12.2
1105,Ponta Grossa Rosario,2023-11-19,17.0
1105,Ponta Grossa Rosario,2023-11-20,0.0
1105,Ponta Grossa Rosario,2023-11-21,0.0
1105,Ponta Grossa Rosario,2023-11-22,25.8
1105,Ponta Grossa Rosario,2023-11-23,49.0
1105,Ponta Grossa Rosario,2023-11-24,32.8
1105,Ponta Grossa Rosario,2023-11-25,0.2
1105,Ponta Grossa Rosario,2023-11-26,0.0
1105,Ponta Grossa Rosario,2023-11-27,3.6
1105,Ponta Grossa Rosario,2023-11-28,22.2
1105,Ponta Grossa Rosario,2023-11-29,2.6
1105,Ponta Grossa Rosario,2023-11-30,4.0
1105,Ponta Grossa Rosario,2024-10-31,0.0
1105,Ponta Grossa Rosario,2024-11-01,0.0
1105,Ponta Grossa Rosario,2024-11-02,18.8
1105,Ponta Grossa Rosario,2024-11-03,6.6
1105,Ponta Grossa Rosario,2024-11-04,0.2
1105,Ponta Grossa Rosario,2024-11-05,0.2
1105,Ponta Grossa Rosario,2024-11-06,1.0
1105,Ponta Grossa Rosario,2024-11-07,15.0
1105,Ponta Grossa Rosario,2024-11-08,0.6
1105,Ponta Grossa Rosario,2024-11-09,0.0
1105,Ponta Grossa Rosario,2024-11-10,0.0
1105,Ponta Grossa Rosario,2024-11-11,0.0
1105,Ponta Grossa Rosario,2024-11-12,2.2
1105,Ponta Grossa Rosario,2024-11-13,0.0
1105,Ponta Grossa Rosario,2024-11-14,0.0
1105,Ponta Grossa Rosario,2024-11-15,0.0
1105,Ponta Grossa Rosario,2024-11-16,0.2
1105,Ponta Grossa Rosario,2024-11-17,0.0
1105,Ponta Grossa Rosario,2024-11-18,15.4
1105,Ponta Grossa Rosario,2024-11-19,3.4
1105,Ponta Grossa Rosario,2024-11-20,0.0
1105,Ponta Grossa Rosario,2024-11-21,14.2
1105,Ponta Grossa Rosario,2024-11-22,0.0
1105,Ponta Grossa Rosario,2024-11-23,0.0
1105,Ponta Grossa Rosario,2024-11-24,0.0
1105,Ponta Grossa Rosario,2024-11-25,0.0
1105,Ponta Grossa Rosario,2024-11-26,0.0
1105,Ponta Grossa Rosario,2024-11-27,0.6
1105,Ponta Grossa Rosario,2024-11-28,17.0
1105,Ponta Grossa Rosario,2024-11-29,5.8
1105,Ponta Grossa Rosario,2024-11-30,0.0
1105,Ponta Grossa Rosario,2024-12-01,0.0
1105,Ponta Grossa Rosario,2024-12-02,8.0
1105,Ponta Grossa Rosario,2024-12-03,1.2
1105,Ponta Grossa Rosario,2024-12-04,0.0
1105,Ponta Grossa Rosario,2024-12-05,0.0
1105,Ponta Grossa Rosario,2024-12-06,4.4
1105,Ponta Grossa Rosario,2024-12-07,93.8
1105,Ponta Grossa Rosario,2024-12-08,16.8
1105,Ponta Grossa Rosario,2024-12-09,104.4
1105,Ponta Grossa Rosario,2024-12-10,12.0
1105,Ponta Grossa Rosario,2024-12-11,0.2
1105,Ponta Grossa Rosario,2024-12-12,0.0
1105,Ponta Grossa Rosario,2024-12-13,0.0
1105,Ponta Grossa Rosario,2024-12-14,20.4
1105,Ponta Grossa Rosario,2024-12-15,0.2
1105,Ponta Grossa Rosario,2024-12-16,0.0
1105,Ponta Grossa Rosario,2024-12-17,0.0
1105,Ponta Grossa Rosario,2024-12-18,0.0
1105,Ponta Grossa Rosario,2024-12-19,9.0
1105,Ponta Grossa Rosario,2024-12-20,3.0
1105,Ponta Grossa Rosario,2024-12-21,1.8
1105,Ponta Grossa Rosario,2024-12-22,13.2
1105,Ponta Grossa Rosario,2024-12-23,0.0
1105,Ponta Grossa Rosario,2024-12-24,0.0
1105,Ponta Grossa Rosario,2024-12-25,0.0
1105,Ponta Grossa Rosario,2024-12-26,3.4
1105,Ponta Grossa Rosario,2024-12-27,0.0
1105,Ponta Grossa Rosario,2024-12-28,0.0
1105,Ponta Grossa Rosario,2024-12-29,19.8
1105,Ponta Grossa Rosario,2024-12-30,0.0
1105,Ponta Grossa Rosario,2024-12-31,0.8
1105,Ponta Grossa Rosario,2025-01-01,0.2
1105,Ponta Grossa Rosario,2025-01-02,0.2
1105,Ponta Grossa Rosario,2025-01-03,0.0
1105,Ponta Grossa Rosario,2025-01-04,0.0
1105,Ponta Grossa Rosario,2025-01-05,0.0
1105,Ponta Grossa Rosario,2025-01-06,0.0
1105,Ponta Grossa Rosario,2025-01-07,4.4
1105,Ponta Grossa Rosario,2025-01-08,16.6
1105,Ponta Grossa Rosario,2025-01-09,0.0
1105,Ponta Grossa Rosario,2025-01-10,0.0
1105,Ponta Grossa Rosario,2025-01-11,2.4
1105,Ponta Grossa Rosario,2025-01-12,0.0
1105,Ponta Grossa Rosario,2025-01-13,0.2
1105,Ponta Grossa Rosario,2025-01-14,0.2
1105,Ponta Grossa Rosario,2025-01-15,0.0
1105,Ponta Grossa Rosario,2025-01-16,0.2
1105,Ponta Grossa Rosario,2025-01-17,0.6
1105,Ponta Grossa Rosario,2025-01-18,16.2
1105,Ponta Grossa Rosario,2025-01-19,43.6
1105,Ponta Grossa Rosario,2025-01-20,29.2
1105,Ponta Grossa Rosario,2025-01-21,0.0
1105,Ponta Grossa Rosario,2025-01-22,11.0
1105,Ponta Grossa Rosario,2025-01-23,0.2
1105,Ponta Grossa Rosario,2025-01-24,37.6
1105,Ponta Grossa Rosario,2025-01-25,8.0
1105,Ponta Grossa Rosario,2025-01-26,0.2
1105,Ponta Grossa Rosario,2025-01-27,2.8
1105,Ponta Grossa Rosario,2025-01-28,15.2
1105,Ponta Grossa Rosario,2025-01-29,5.0
1105,Ponta Grossa Rosario,2025-01-30,14.4
1105,Ponta Grossa Rosario,2025-01-31,36.6
1105,Ponta Grossa Rosario,2025-08-31,0.0
1105,Ponta Grossa Rosario,2025-09-01,0.0
1105,Ponta Grossa Rosario,2025-09-02,0.0
1105,Ponta Grossa Rosario,2025-09-03,0.0
1105,Ponta Grossa Rosario,2025-09-04,0.0
1105,Ponta Grossa Rosario,2025-09-05,1.4
1105,Ponta Grossa Rosario,2025-09-06,0.2
1105,Ponta Grossa Rosario,2025-09-07,0.4
1105,Ponta Grossa Rosario,2025-09-08,0.2
1105,Ponta Grossa Rosario,2025-09-09,11.2
1105,Ponta Grossa Rosario,2025-09-10,0.0
1105,Ponta Grossa Rosario,2025-09-11,0.2
1105,Ponta Grossa Rosario,2025-09-12,0.0
1105,Ponta Grossa Rosario,2025-09-13,0.0
1105,Ponta Grossa Rosario,2025-09-14,0.0
1105,Ponta Grossa Rosario,2025-09-15,0.0
1105,Ponta Grossa Rosario,2025-09-16,4.0
1105,Ponta Grossa Rosario,2025-09-17,0.0
1105,Ponta Grossa Rosario,2025-09-18,0.0
1105,Ponta Grossa Rosario,2025-09-19,0.0
1105,Ponta Grossa Rosario,2025-09-20,0.0
1105,Ponta Grossa Rosario,2025-09-21,37.0
1105,Ponta Grossa Rosario,2025-09-22,45.2
1105,Ponta Grossa Rosario,2025-09-23,0.0
1105,Ponta Grossa Rosario,2025-09-24,0.0
1105,Ponta Grossa Rosario,2025-09-25,0.0
1105,Ponta Grossa Rosario,2025-09-26,0.0
1105,Ponta Grossa Rosario,2025-09-27,0.0
1105,Ponta Grossa Rosario,2025-09-28,0.8
1105,Ponta Grossa Rosario,2025-09-29,0.0
1105,Ponta Grossa Rosario,2025-09-30,15.8
1105,Ponta Grossa Rosario,2025-10-01,36.6
1105,Ponta Grossa Rosario,2025-10-02,0.6
1105,Ponta Grossa Rosario,2025-10-03,21.0
1105,Ponta Grossa Rosario,2025-10-04,0.0
1105,Ponta Grossa Rosario,2025-10-05,0.0
1105,Ponta Grossa Rosario,2025-10-06,0.0
1105,Ponta Grossa Rosario,2025-10-07,5.6
1105,Ponta Grossa Rosario,2025-10-08,22.8
1105,Ponta Grossa Rosario,2025-10-09,0.4
1105,Ponta Grossa Rosario,2025-10-10,1.8
1105,Ponta Grossa Rosario,2025-10-11,0.0
1105,Ponta Grossa Rosario,2025-10-12,12.6
1105,Ponta Grossa Rosario,2025-10-13,5.4
1105,Ponta Grossa Rosario,2025-10-14,0.2
1105,Ponta Grossa Rosario,2025-10-15,0.0
1105,Ponta Grossa Rosario,2025-10-16,3.0
1105,Ponta Grossa Rosario,2025-10-17,14.2
1105,Ponta Grossa Rosario,2025-10-18,0.8
1105,Ponta Grossa Rosario,2025-10-19,0.2
1105,Ponta Grossa Rosario,2025-10-20,0.0
1105,Ponta Grossa Rosario,2025-10-21,0.0
1105,Ponta Grossa Rosario,2025-10-22,0.0
1105,Ponta Grossa Rosario,2025-10-23,0.0
1105,Ponta Grossa Rosario,2025-10-24,0.0
1105,Ponta Grossa Rosario,2025-10-25,0.2
1105,Ponta Grossa Rosario,2025-10-26,0.4
1105,Ponta Grossa Rosario,2025-10-27,1.0
1105,Ponta Grossa Rosario,2025-10-28,21.2
1105,Ponta Grossa Rosario,2025-10-29,17.8
1105,Ponta Grossa Rosario,2025-10-30,0.0
1105,Ponta Grossa Rosario,2025-10-31,1.2
1105,Ponta Grossa Rosario,2025-10-31,1.2
1105,Ponta Grossa Rosario,2025-11-01,5.0
1105,Ponta Grossa Rosario,2025-11-02,23.0
1105,Ponta Grossa Rosario,2025-11-03,1.2
1105,Ponta Grossa Rosario,2025-11-04,0.0
1105,Ponta Grossa Rosario,2025-11-05,0.0
1105,Ponta Grossa Rosario,2025-11-06,0.0
1105,Ponta Grossa Rosario,2025-11-07,31.8
1105,Ponta Grossa Rosario,2025-11-08,8.8
1105,Ponta Grossa Rosario,2025-11-09,0.0
1105,Ponta Grossa Rosario,2025-11-10,0.0
1105,Ponta Grossa Rosario,2025-11-11,0.0
1105,Ponta Grossa Rosario,2025-11-12,12.2
1105,Ponta Grossa Rosario,2025-11-13,1.4
1105,Ponta Grossa Rosario,2025-11-14,0.0
1105,Ponta Grossa Rosario,2025-11-15,0.0
1105,Ponta Grossa Rosario,2025-11-16,0.0
1105,Ponta Grossa Rosario,2025-11-17,20.4
1105,Ponta Grossa Rosario,2025-11-18,30.4
1105,Ponta Grossa Rosario,2025-11-19,0.0
1105,Ponta Grossa Rosario,2025-11-20,0.0
1105,Ponta Grossa Rosario,2025-11-21,0.0
1105,Ponta Grossa Rosario,2025-11-22,0.2
1105,Ponta Grossa Rosario,2025-11-23,7.8
1105,Ponta Grossa Rosario,2025-11-24,3.8
1105,Ponta Grossa Rosario,2025-11-25,0.0
1105,Ponta Grossa Rosario,2025-11-26,0.0
1105,Ponta Grossa Rosario,2025-11-27,0.0
1105,Ponta Grossa Rosario,2025-11-28,0.0
1105,Ponta Grossa Rosario,2025-11-29,0.0
1105,Ponta Grossa Rosario,2025-11-30,0.0
2529,Ponta Grossa Santa Cruz,2020-12-15,2.4
2529,Ponta Grossa Santa Cruz,2020-12-16,1.8
2529,Ponta Grossa Santa Cruz,2020-12-17,5.6
2529,Ponta Grossa Santa Cruz,2020-12-18,11.2
2529,Ponta Grossa Santa Cruz,2020-12-19,7.4
2529,Ponta Grossa Santa Cruz,2020-12-20,1.6
2529,Ponta Grossa Santa Cruz,2020-12-21,0.0
2529,Ponta Grossa Santa Cruz,2020-12-22,0.0
2529,Ponta Grossa Santa Cruz,2020-12-23,0.0
2529,Ponta Grossa Santa Cruz,2020-12-24,0.0
2529,Ponta Grossa Santa Cruz,2020-12-25,0.0
2529,Ponta Grossa Santa Cruz,2020-12-26,0.0
2529,Ponta Grossa Santa Cruz,2020-12-27,0.8
2529,Ponta Grossa Santa Cruz,2020-12-28,0.0
2529,Ponta Grossa Santa Cruz,2020-12-29,36.2
2529,Ponta Grossa Santa Cruz,2020-12-30,0.0
2529,Ponta Grossa Santa Cruz,2020-12-31,20.4
2529,Ponta Grossa Santa Cruz,2021-01-01,5.2
2529,Ponta Grossa Santa Cruz,2021-01-02,0.0
2529,Ponta Grossa Santa Cruz,2021-01-03,0.0
2529,Ponta Grossa Santa Cruz,2021-01-04,0.6
2529,Ponta Grossa Santa Cruz,2021-01-05,1.6
2529,Ponta Grossa Santa Cruz,2021-01-06,4.0
2529,Ponta Grossa Santa Cruz,2021-01-07,0.2
2529,Ponta Grossa Santa Cruz,2021-01-08,5.8
2529,Ponta Grossa Santa Cruz,2021-01-09,3.4
2529,Ponta Grossa Santa Cruz,2021-01-10,0.4
2529,Ponta Grossa Santa Cruz,2021-01-11,0.0
2529,Ponta Grossa Santa Cruz,2021-01-12,0.0
2529,Ponta Grossa Santa Cruz,2021-01-13,1.8
2529,Ponta Grossa Santa Cruz,2021-01-14,0.0
2529,Ponta Grossa Santa Cruz,2021-01-15,1.0
2529,Ponta Grossa Santa Cruz,2021-01-16,0.4
2529,Ponta Grossa Santa Cruz,2021-01-17,5.0
2529,Ponta Grossa Santa Cruz,2021-01-18,45.2
2529,Ponta Grossa Santa Cruz,2021-01-19,27.2
2529,Ponta Grossa Santa Cruz,2021-01-20,15.2
2529,Ponta Grossa Santa Cruz,2021-01-21,0.0
2529,Ponta Grossa Santa Cruz,2021-01-22,0.4
2529,Ponta Grossa Santa Cruz,2021-01-23,7.8
2529,Ponta Grossa Santa Cruz,2021-01-24,15.6
2529,Ponta Grossa Santa Cruz,2021-01-25,24.2
2529,Ponta Grossa Santa Cruz,2021-01-26,4.2
2529,Ponta Grossa Santa Cruz,2021-01-27,8.8
2529,Ponta Grossa Santa Cruz,2021-01-28,5.2
2529,Ponta Grossa Santa Cruz,2021-01-29,11.6
2529,Ponta Grossa Santa Cruz,2021-01-30,12.8
2529,Ponta Grossa Santa Cruz,2021-01-31,0.0
2529,Ponta Grossa Santa Cruz,2022-05-01,0.2
2529,Ponta Grossa Santa Cruz,2022-05-02,0.4
2529,Ponta Grossa Santa Cruz,2022-05-03,23.2
2529,Ponta Grossa Santa Cruz,2022-05-04,1.8
2529,Ponta Grossa Santa Cruz,2022-05-05,0.0
2529,Ponta Grossa Santa Cruz,2022-05-06,0.2
2529,Ponta Grossa Santa Cruz,2022-05-07,0.0
2529,Ponta Grossa Santa Cruz,2022-05-08,0.2
2529,Ponta Grossa Santa Cruz,2022-05-09,0.0
2529,Ponta Grossa Santa Cruz,2022-05-10,4.2
2529,Ponta Grossa Santa Cruz,2022-05-11,1.8
2529,Ponta Grossa Santa Cruz,2022-05-12,0.4
2529,Ponta Grossa Santa Cruz,2022-05-13,0.4
2529,Ponta Grossa Santa Cruz,2022-05-14,0.2
2529,Ponta Grossa Santa Cruz,2022-05-15,0.4
2529,Ponta Grossa Santa Cruz,2022-05-16,0.0
2529,Ponta Grossa Santa Cruz,2022-05-17,0.0
2529,Ponta Grossa Santa Cruz,2022-05-18,0.0
2529,Ponta Grossa Santa Cruz,2022-05-19,0.0
2529,Ponta Grossa Santa Cruz,2022-05-20,0.4
2529,Ponta Grossa Santa Cruz,2022-05-21,0.4
2529,Ponta Grossa Santa Cruz,2022-05-22,0.2
2529,Ponta Grossa Santa Cruz,2022-05-23,0.0
2529,Ponta Grossa Santa Cruz,2022-05-24,0.2
2529,Ponta Grossa Santa Cruz,2022-05-25,0.0
2529,Ponta Grossa Santa Cruz,2022-05-26,0.2
2529,Ponta Grossa Santa Cruz,2022-05-27,0.0
2529,Ponta Grossa Santa Cruz,2022-05-28,0.0
2529,Ponta Grossa Santa Cruz,2022-05-29,28.8
2529,Ponta Grossa Santa Cruz,2022-05-30,23.2
2529,Ponta Grossa Santa Cruz,2022-05-31,11.2
2529,Ponta Grossa Santa Cruz,2022-05-31,11.2
2529,Ponta Grossa Santa Cruz,2022-06-01,21.0
2529,Ponta Grossa Santa Cruz,2022-06-02,58.2
2529,Ponta Grossa Santa Cruz,2022-06-03,0.2
2529,Ponta Grossa Santa Cruz,2022-06-04,0.0
2529,Ponta Grossa Santa Cruz,2022-06-05,0.0
2529,Ponta Grossa Santa Cruz,2022-06-06,5.8
2529,Ponta Grossa Santa Cruz,2022-06-07,32.8
2529,Ponta Grossa Santa Cruz,2022-06-08,0.2
2529,Ponta Grossa Santa Cruz,2022-06-09,26.0
2529,Ponta Grossa Santa Cruz,2022-06-10,0.0
2529,Ponta Grossa Santa Cruz,2022-06-11,0.2
2529,Ponta Grossa Santa Cruz,2022-06-12,0.4
2529,Ponta Grossa Santa Cruz,2022-06-13,0.2
2529,Ponta Grossa Santa Cruz,2022-06-14,0.2
2529,Ponta Grossa Santa Cruz,2022-06-15,0.0
2529,Ponta Grossa Santa Cruz,2022-06-16,0.4
2529,Ponta Grossa Santa Cruz,2022-06-17,10.0
2529,Ponta Grossa Santa Cruz,2022-06-18,0.2
2529,Ponta Grossa Santa Cruz,2022-06-19,0.2
2529,Ponta Grossa Santa Cruz,2022-06-20,0.2
2529,Ponta Grossa Santa Cruz,2022-06-21,0.2
2529,Ponta Grossa Santa Cruz,2022-06-22,0.2
2529,Ponta Grossa Santa Cruz,2022-06-23,0.0
2529,Ponta Grossa Santa Cruz,2022-06-24,0.2
2529,Ponta Grossa Santa Cruz,2022-06-25,0.2
2529,Ponta Grossa Santa Cruz,2022-06-26,0.0
2529,Ponta Grossa Santa Cruz,2022-06-27,0.0
2529,Ponta Grossa Santa Cruz,2022-06-28,0.4
2529,Ponta Grossa Santa Cruz,2022-06-29,0.0
2529,Ponta Grossa Santa Cruz,2022-06-30,0.2
2529,Ponta Grossa Santa Cruz,2022-08-31,0.0
2529,Ponta Grossa Santa Cruz,2022-09-01,0.0
2529,Ponta Grossa Santa Cruz,2022-09-02,2.6
2529,Ponta Grossa Santa Cruz,2022-09-03,21.4
2529,Ponta Grossa Santa Cruz,2022-09-04,0.0
2529,Ponta Grossa Santa Cruz,2022-09-05,4.0
2529,Ponta Grossa Santa Cruz,2022-09-06,6.2
2529,Ponta Grossa Santa Cruz,2022-09-07,6.6
2529,Ponta Grossa Santa Cruz,2022-09-08,0.2
2529,Ponta Grossa Santa Cruz,2022-09-09,0.0
2529,Ponta Grossa Santa Cruz,2022-09-10,0.0
2529,Ponta Grossa Santa Cruz,2022-09-11,0.0
2529,Ponta Grossa Santa Cruz,2022-09-12,42.4
2529,Ponta Grossa Santa Cruz,2022-09-13,22.8
2529,Ponta Grossa Santa Cruz,2022-09-14,16.0
2529,Ponta Grossa Santa Cruz,2022-09-15,7.2
2529,Ponta Grossa Santa Cruz,2022-09-16,0.0
2529,Ponta Grossa Santa Cruz,2022-09-17,0.0
2529,Ponta Grossa Santa Cruz,2022-09-18,0.0
2529,Ponta Grossa Santa Cruz,2022-09-19,11.8
2529,Ponta Grossa Santa Cruz,2022-09-20,0.2
2529,Ponta Grossa Santa Cruz,2022-09-21,19.4
2529,Ponta Grossa Santa Cruz,2022-09-22,0.2
2529,Ponta Grossa Santa Cruz,2022-09-23,0.0
2529,Ponta Grossa Santa Cruz,2022-09-24,0.2
2529,Ponta Grossa Santa Cruz,2022-09-25,21.8
2529,Ponta Grossa Santa Cruz,2022-09-26,46.2
2529,Ponta Grossa Santa Cruz,2022-09-27,1.6
2529,Ponta Grossa Santa Cruz,2022-09-28,0.8
2529,Ponta Grossa Santa Cruz,2022-09-29,0.4
2529,Ponta Grossa Santa Cruz,2022-09-30,0.2
2529,Ponta Grossa Santa Cruz,2022-10-01,3.2
2529,Ponta Grossa Santa Cruz,2022-10-02,0.0
2529,Ponta Grossa Santa Cruz,2022-10-03,0.0
2529,Ponta Grossa Santa Cruz,2022-10-04,0.0
2529,Ponta Grossa Santa Cruz,2022-10-05,0.0
2529,Ponta Grossa Santa Cruz,2022-10-06,31.8
2529,Ponta Grossa Santa Cruz,2022-10-07,1.4
2529,Ponta Grossa Santa Cruz,2022-10-08,0.4
2529,Ponta Grossa Santa Cruz,2022-10-09,0.8
2529,Ponta Grossa Santa Cruz,2022-10-10,0.0
2529,Ponta Grossa Santa Cruz,2022-10-11,1.0
2529,Ponta Grossa Santa Cruz,2022-10-12,5.2
2529,Ponta Grossa Santa Cruz,2022-10-13,0.8
2529,Ponta Grossa Santa Cruz,2022-10-14,19.0
2529,Ponta Grossa Santa Cruz,2022-10-15,6.2
2529,Ponta Grossa Santa Cruz,2022-10-16,11.6
2529,Ponta Grossa Santa Cruz,2022-10-17,0.4
2529,Ponta Grossa Santa Cruz,2022-10-18,6.2
2529,Ponta Grossa Santa Cruz,2022-10-19,0.0
2529,Ponta Grossa Santa Cruz,2022-10-20,56.6
2529,Ponta Grossa Santa Cruz,2022-10-21,4.4
2529,Ponta Grossa Santa Cruz,2022-10-22,0.0
2529,Ponta Grossa Santa Cruz,2022-10-23,0.0
2529,Ponta Grossa Santa Cruz,2022-10-24,0.0
2529,Ponta Grossa Santa Cruz,2022-10-25,0.0
2529,Ponta Grossa Santa Cruz,2022-10-26,0.0
2529,Ponta Grossa Santa Cruz,2022-10-27,0.0
2529,Ponta Grossa Santa Cruz,2022-10-28,0.0
2529,Ponta Grossa Santa Cruz,2022-10-29,28.4
2529,Ponta Grossa Santa Cruz,2022-10-30,19.0
2529,Ponta Grossa Santa Cruz,2022-10-31,7.8
2529,Ponta Grossa Santa Cruz,2022-10-31,7.8
2529,Ponta Grossa Santa Cruz,2022-11-01,5.8
2529,Ponta Grossa Santa Cruz,2022-11-02,0.2
2529,Ponta Grossa Santa Cruz,2022-11-03,0.0
2529,Ponta Grossa Santa Cruz,2022-11-04,0.2
2529,Ponta Grossa Santa Cruz,2022-11-05,0.0
2529,Ponta Grossa Santa Cruz,2022-11-06,0.2
2529,Ponta Grossa Santa Cruz,2022-11-07,0.0
2529,Ponta Grossa Santa Cruz,2022-11-08,0.2
2529,Ponta Grossa Santa Cruz,2022-11-09,0.0
2529,Ponta Grossa Santa Cruz,2022-11-10,0.2
2529,Ponta Grossa Santa Cruz,2022-11-11,19.2
2529,Ponta Grossa Santa Cruz,2022-11-12,0.0
2529,Ponta Grossa Santa Cruz,2022-11-13,23.0
2529,Ponta Grossa Santa Cruz,2022-11-14,16.2
2529,Ponta Grossa Santa Cruz,2022-11-15,0.0
2529,Ponta Grossa Santa Cruz,2022-11-16,0.0
2529,Ponta Grossa Santa Cruz,2022-11-17,0.0
2529,Ponta Grossa Santa Cruz,2022-11-18,0.0
2529,Ponta Grossa Santa Cruz,2022-11-19,0.0
2529,Ponta Grossa Santa Cruz,2022-11-20,0.0
2529,Ponta Grossa Santa Cruz,2022-11-21,9.2
2529,Ponta Grossa Santa Cruz,2022-11-22,5.6
2529,Ponta Grossa Santa Cruz,2022-11-23,21.0
2529,Ponta Grossa Santa Cruz,2022-11-24,0.0
2529,Ponta Grossa Santa Cruz,2022-11-25,0.0
2529,Ponta Grossa Santa Cruz,2022-11-26,1.4
2529,Ponta Grossa Santa Cruz,2022-11-27,3.6
2529,Ponta Grossa Santa Cruz,2022-11-28,7.4
2529,Ponta Grossa Santa Cruz,2022-11-29,1.6
2529,Ponta Grossa Santa Cruz,2022-11-30,0.0
2529,Ponta Grossa Santa Cruz,2023-08-31,0.2
2529,Ponta Grossa Santa Cruz,2023-09-01,0.0
2529,Ponta Grossa Santa Cruz,2023-09-02,38.8
2529,Ponta Grossa Santa Cruz,2023-09-03,0.2
2529,Ponta Grossa Santa Cruz,2023-09-04,12.2
2529,Ponta Grossa Santa Cruz,2023-09-05,0.0
2529,Ponta Grossa Santa Cruz,2023-09-06,0.0
2529,Ponta Grossa Santa Cruz,2023-09-07,0.0
2529,Ponta Grossa Santa Cruz,2023-09-08,0.8
2529,Ponta Grossa Santa Cruz,2023-09-09,5.2
2529,Ponta Grossa Santa Cruz,2023-09-10,0.4
2529,Ponta Grossa Santa Cruz,2023-09-11,0.0
2529,Ponta Grossa Santa Cruz,2023-09-12,0.2
2529,Ponta Grossa Santa Cruz,2023-09-13,4.6
2529,Ponta Grossa Santa Cruz,2023-09-14,1.0
2529,Ponta Grossa Santa Cruz,2023-09-15,0.2
2529,Ponta Grossa Santa Cruz,2023-09-16,0.2
2529,Ponta Grossa Santa Cruz,2023-09-17,0.0
2529,Ponta Grossa Santa Cruz,2023-09-18,0.0
2529,Ponta Grossa Santa Cruz,2023-09-19,16.2
2529,Ponta Grossa Santa Cruz,2023-09-20,0.2
2529,Ponta Grossa Santa Cruz,2023-09-21,0.0
2529,Ponta Grossa Santa Cruz,2023-09-22,1.4
2529,Ponta Grossa Santa Cruz,2023-09-23,0.2
2529,Ponta Grossa Santa Cruz,2023-09-24,0.2
2529,Ponta Grossa Santa Cruz,2023-09-25,14.6
2529,Ponta Grossa Santa Cruz,2023-09-26,5.8
2529,Ponta Grossa Santa Cruz,2023-09-27,1.2
2529,Ponta Grossa Santa Cruz,2023-09-28,0.0
2529,Ponta Grossa Santa Cruz,2023-09-29,0.0
2529,Ponta Grossa Santa Cruz,2023-09-30,4.6
2529,Ponta Grossa Santa Cruz,2023-10-01,11.0
2529,Ponta Grossa Santa Cruz,2023-10-02,0.0
2529,Ponta Grossa Santa Cruz,2023-10-03,0.0
2529,Ponta Grossa Santa Cruz,2023-10-04,75.8
2529,Ponta Grossa Santa Cruz,2023-10-05,19.4
2529,Ponta Grossa Santa Cruz,2023-10-06,0.0
2529,Ponta Grossa Santa Cruz,2023-10-07,29.0
2529,Ponta Grossa Santa Cruz,2023-10-08,46.2
2529,Ponta Grossa Santa Cruz,2023-10-09,0.0
2529,Ponta Grossa Santa Cruz,2023-10-10,0.0
2529,Ponta Grossa Santa Cruz,2023-10-11,0.0
2529,Ponta Grossa Santa Cruz,2023-10-12,54.0
2529,Ponta Grossa Santa Cruz,2023-10-13,14.0
2529,Ponta Grossa Santa Cruz,2023-10-14,0.0
2529,Ponta Grossa Santa Cruz,2023-10-15,0.0
2529,Ponta Grossa Santa Cruz,2023-10-16,15.0
2529,Ponta Grossa Santa Cruz,2023-10-17,18.8
2529,Ponta Grossa Santa Cruz,2023-10-18,2.2
2529,Ponta Grossa Santa Cruz,2023-10-19,3.0
2529,Ponta Grossa Santa Cruz,2023-10-20,0.6
2529,Ponta Grossa Santa Cruz,2023-10-21,0.0
2529,Ponta Grossa Santa Cruz,2023-10-22,0.0
2529,Ponta Grossa Santa Cruz,2023-10-23,0.2
2529,Ponta Grossa Santa Cruz,2023-10-24,1.0
2529,Ponta Grossa Santa Cruz,2023-10-25,0.0
2529,Ponta Grossa Santa Cruz,2023-10-26,17.2
2529,Ponta Grossa Santa Cruz,2023-10-27,54.8
2529,Ponta Grossa Santa Cruz,2023-10-28,76.4
2529,Ponta Grossa Santa Cruz,2023-10-29,95.4
2529,Ponta Grossa Santa Cruz,2023-10-30,33.2
2529,Ponta Grossa Santa Cruz,2023-10-31,13.8
2529,Ponta Grossa Santa Cruz,2023-10-31,13.8
2529,Ponta Grossa Santa Cruz,2023-11-01,0.0
2529,Ponta Grossa Santa Cruz,2023-11-02,0.0
2529,Ponta Grossa Santa Cruz,2023-11-03,64.8
2529,Ponta Grossa Santa Cruz,2023-11-04,0.2
2529,Ponta Grossa Santa Cruz,2023-11-05,0.2
2529,Ponta Grossa Santa Cruz,2023-11-06,0.2
2529,Ponta Grossa Santa Cruz,2023-11-07,0.0
2529,Ponta Grossa Santa Cruz,2023-11-08,0.2
2529,Ponta Grossa Santa Cruz,2023-11-09,0.2
2529,Ponta Grossa Santa Cruz,2023-11-10,0.2
2529,Ponta Grossa Santa Cruz,2023-11-11,0.2
2529,Ponta Grossa Santa Cruz,2023-11-12,0.0
2529,Ponta Grossa Santa Cruz,2023-11-13,5.4
2529,Ponta Grossa Santa Cruz,2023-11-14,6.2
2529,Ponta Grossa Santa Cruz,2023-11-15,0.0
2529,Ponta Grossa Santa Cruz,2023-11-16,0.0
2529,Ponta Grossa Santa Cruz,2023-11-17,3.0
2529,Ponta Grossa Santa Cruz,2023-11-18,4.4
2529,Ponta Grossa Santa Cruz,2023-11-19,14.4
2529,Ponta Grossa Santa Cruz,2023-11-20,0.0
2529,Ponta Grossa Santa Cruz,2023-11-21,0.0
2529,Ponta Grossa Santa Cruz,2023-11-22,25.4
2529,Ponta Grossa Santa Cruz,2023-11-23,20.8
2529,Ponta Grossa Santa Cruz,2023-11-24,9.4
2529,Ponta Grossa Santa Cruz,2023-11-25,0.0
2529,Ponta Grossa Santa Cruz,2023-11-26,0.0
2529,Ponta Grossa Santa Cruz,2023-11-27,6.2
2529,Ponta Grossa Santa Cruz,2023-11-28,25.8
2529,Ponta Grossa Santa Cruz,2023-11-29,1.4
2529,Ponta Grossa Santa Cruz,2023-11-30,0.2
2529,Ponta Grossa Santa Cruz,2024-10-31,0.0
2529,Ponta Grossa Santa Cruz,2024-11-01,0.0
2529,Ponta Grossa Santa Cruz,2024-11-02,14.2
2529,Ponta Grossa Santa Cruz,2024-11-03,21.6
2529,Ponta Grossa Santa Cruz,2024-11-04,0.2
2529,Ponta Grossa Santa Cruz,2024-11-05,28.0
2529,Ponta Grossa Santa Cruz,2024-11-06,1.2
2529,Ponta Grossa Santa Cruz,2024-11-07,22.2
2529,Ponta Grossa Santa Cruz,2024-11-08,10.0
2529,Ponta Grossa Santa Cruz,2024-11-09,0.0
2529,Ponta Grossa Santa Cruz,2024-11-10,0.0
2529,Ponta Grossa Santa Cruz,2024-11-11,0.0
2529,Ponta Grossa Santa Cruz,2024-11-12,3.4
2529,Ponta Grossa Santa Cruz,2024-11-13,0.0
2529,Ponta Grossa Santa Cruz,2024-11-14,0.0
2529,Ponta Grossa Santa Cruz,2024-11-15,0.0
2529,Ponta Grossa Santa Cruz,2024-11-16,0.0
2529,Ponta Grossa Santa Cruz,2024-11-17,0.0
2529,Ponta Grossa Santa Cruz,2024-11-18,0.4
2529,Ponta Grossa Santa Cruz,2024-11-19,0.0
2529,Ponta Grossa Santa Cruz,2024-11-20,0.0
2529,Ponta Grossa Santa Cruz,2024-11-21,8.4
2529,Ponta Grossa Santa Cruz,2024-11-22,0.0
2529,Ponta Grossa Santa Cruz,2024-11-23,0.0
2529,Ponta Grossa Santa Cruz,2024-11-24,0.0
2529,Ponta Grossa Santa Cruz,2024-11-25,0.0
2529,Ponta Grossa Santa Cruz,2024-11-26,0.0
2529,Ponta Grossa Santa Cruz,2024-11-27,0.2
2529,Ponta Grossa Santa Cruz,2024-11-28,15.6
2529,Ponta Grossa Santa Cruz,2024-11-29,0.4
2529,Ponta Grossa Santa Cruz,2024-11-30,0.0
2529,Ponta Grossa Santa Cruz,2024-12-01,0.0
2529,Ponta Grossa Santa Cruz,2024-12-02,4.0
2529,Ponta Grossa Santa Cruz,2024-12-03,2.6
2529,Ponta Grossa Santa Cruz,2024-12-04,0.2
2529,Ponta Grossa Santa Cruz,2024-12-05,0.0
2529,Ponta Grossa Santa Cruz,2024-12-06,4.8
2529,Ponta Grossa Santa Cruz,2024-12-07,102.6
2529,Ponta Grossa Santa Cruz,2024-12-08,20.6
2529,Ponta Grossa Santa Cruz,2024-12-09,99.4
2529,Ponta Grossa Santa Cruz,2024-12-10,18.8
2529,Ponta Grossa Santa Cruz,2024-12-11,0.0
2529,Ponta Grossa Santa Cruz,2024-12-12,0.2
2529,Ponta Grossa Santa Cruz,2024-12-13,0.0
2529,Ponta Grossa Santa Cruz,2024-12-14,19.6
2529,Ponta Grossa Santa Cruz,2024-12-15,0.2
2529,Ponta Grossa Santa Cruz,2024-12-16,0.0
2529,Ponta Grossa Santa Cruz,2024-12-17,0.0
2529,Ponta Grossa Santa Cruz,2024-12-18,0.0
2529,Ponta Grossa Santa Cruz,2024-12-19,12.0
2529,Ponta Grossa Santa Cruz,2024-12-20,2.8
2529,Ponta Grossa Santa Cruz,2024-12-21,10.4
2529,Ponta Grossa Santa Cruz,2024-12-22,16.0
2529,Ponta Grossa Santa Cruz,2024-12-23,0.0
2529,Ponta Grossa Santa Cruz,2024-12-24,0.0
2529,Ponta Grossa Santa Cruz,2024-12-25,0.0
2529,Ponta Grossa Santa Cruz,2024-12-26,0.6
2529,Ponta Grossa Santa Cruz,2024-12-27,0.0
2529,Ponta Grossa Santa Cruz,2024-12-28,0.2
2529,Ponta Grossa Santa Cruz,2024-12-29,1.8
2529,Ponta Grossa Santa Cruz,2024-12-30,3.0
2529,Ponta Grossa Santa Cruz,2024-12-31,0.0
2529,Ponta Grossa Santa Cruz,2025-01-01,0.2
2529,Ponta Grossa Santa Cruz,2025-01-02,0.0
2529,Ponta Grossa Santa Cruz,2025-01-03,9.6
2529,Ponta Grossa Santa Cruz,2025-01-04,0.4
2529,Ponta Grossa Santa Cruz,2025-01-05,0.0
2529,Ponta Grossa Santa Cruz,2025-01-06,0.4
2529,Ponta Grossa Santa Cruz,2025-01-07,1.0
2529,Ponta Grossa Santa Cruz,2025-01-08,16.2
2529,Ponta Grossa Santa Cruz,2025-01-09,0.0
2529,Ponta Grossa Santa Cruz,2025-01-10,0.0
2529,Ponta Grossa Santa Cruz,2025-01-11,10.2
2529,Ponta Grossa Santa Cruz,2025-01-12,0.2
2529,Ponta Grossa Santa Cruz,2025-01-13,0.2
2529,Ponta Grossa Santa Cruz,2025-01-14,0.2
2529,Ponta Grossa Santa Cruz,2025-01-15,0.0
2529,Ponta Grossa Santa Cruz,2025-01-16,0.0
2529,Ponta Grossa Santa Cruz,2025-01-17,0.8
2529,Ponta Grossa Santa Cruz,2025-01-18,11.2
2529,Ponta Grossa Santa Cruz,2025-01-19,35.0
2529,Ponta Grossa Santa Cruz,2025-01-20,18.0
2529,Ponta Grossa Santa Cruz,2025-01-21,0.2
2529,Ponta Grossa Santa Cruz,2025-01-22,8.4
2529,Ponta Grossa Santa Cruz,2025-01-23,31.6
2529,Ponta Grossa Santa Cruz,2025-01-24,0.6
2529,Ponta Grossa Santa Cruz,2025-01-25,3.8
2529,Ponta Grossa Santa Cruz,2025-01-26,0.6
2529,Ponta Grossa Santa Cruz,2025-01-27,0.0
2529,Ponta Grossa Santa Cruz,2025-01-28,22.0
2529,Ponta Grossa Santa Cruz,2025-01-29,0.4
2529,Ponta Grossa Santa Cruz,2025-01-30,10.6
2529,Ponta Grossa Santa Cruz,2025-01-31,62.0
2529,Ponta Grossa Santa Cruz,2025-08-31,0.0
2529,Ponta Grossa Santa Cruz,2025-09-01,0.0
2529,Ponta Grossa Santa Cruz,2025-09-02,0.0
2529,Ponta Grossa Santa Cruz,2025-09-03,0.0
2529,Ponta Grossa Santa Cruz,2025-09-04,0.0
2529,Ponta Grossa Santa Cruz,2025-09-05,1.6
2529,Ponta Grossa Santa Cruz,2025-09-06,0.2
2529,Ponta Grossa Santa Cruz,2025-09-07,0.6
2529,Ponta Grossa Santa Cruz,2025-09-08,0.0
2529,Ponta Grossa Santa Cruz,2025-09-09,13.6
2529,Ponta Grossa Santa Cruz,2025-09-10,0.2
2529,Ponta Grossa Santa Cruz,2025-09-11,0.2
2529,Ponta Grossa Santa Cruz,2025-09-12,0.0
2529,Ponta Grossa Santa Cruz,2025-09-13,0.0
2529,Ponta Grossa Santa Cruz,2025-09-14,0.2
2529,Ponta Grossa Santa Cruz,2025-09-15,0.0
2529,Ponta Grossa Santa Cruz,2025-09-16,5.4
2529,Ponta Grossa Santa Cruz,2025-09-17,0.0
2529,Ponta Grossa Santa Cruz,2025-09-18,0.2
2529,Ponta Grossa Santa Cruz,2025-09-19,0.0
2529,Ponta Grossa Santa Cruz,2025-09-20,0.0
2529,Ponta Grossa Santa Cruz,2025-09-21,25.4
2529,Ponta Grossa Santa Cruz,2025-09-22,43.0
2529,Ponta Grossa Santa Cruz,2025-09-23,0.2
2529,Ponta Grossa Santa Cruz,2025-09-24,0.2
2529,Ponta Grossa Santa Cruz,2025-09-25,0.0
2529,Ponta Grossa Santa Cruz,2025-09-26,0.2
2529,Ponta Grossa Santa Cruz,2025-09-27,0.0
2529,Ponta Grossa Santa Cruz,2025-09-28,0.8
2529,Ponta Grossa Santa Cruz,2025-09-29,0.4
2529,Ponta Grossa Santa Cruz,2025-09-30,4.8
2529,Ponta Grossa Santa Cruz,2025-10-01,0.4
2529,Ponta Grossa Santa Cruz,2025-10-02,0.8
2529,Ponta Grossa Santa Cruz,2025-10-03,21.2
2529,Ponta Grossa Santa Cruz,2025-10-04,0.4
2529,Ponta Grossa Santa Cruz,2025-10-05,0.0
2529,Ponta Grossa Santa Cruz,2025-10-06,0.0
2529,Ponta Grossa Santa Cruz,2025-10-07,10.6
2529,Ponta Grossa Santa Cruz,2025-10-08,23.2
2529,Ponta Grossa Santa Cruz,2025-10-09,0.2
2529,Ponta Grossa Santa Cruz,2025-10-10,3.08
2529,Ponta Grossa Santa Cruz,2025-10-11,0.0
2529,Ponta Grossa Santa Cruz,2025-10-12,18.38
2529,Ponta Grossa Santa Cruz,2025-10-13,39.2
2529,Ponta Grossa Santa Cruz,2025-10-14,1.8
2529,Ponta Grossa Santa Cruz,2025-10-15,0.0
2529,Ponta Grossa Santa Cruz,2025-10-16,1.77
2529,Ponta Grossa Santa Cruz,2025-10-17,17.4
2529,Ponta Grossa Santa Cruz,2025-10-18,0.4
2529,Ponta Grossa Santa Cruz,2025-10-19,0.0
2529,Ponta Grossa Santa Cruz,2025-10-20,0.0
2529,Ponta Grossa Santa Cruz,2025-10-21,0.0
2529,Ponta Grossa Santa Cruz,2025-10-22,0.0
2529,Ponta Grossa Santa Cruz,2025-10-23,0.0
2529,Ponta Grossa Santa Cruz,2025-10-24,0.0
2529,Ponta Grossa Santa Cruz,2025-10-25,0.0
2529,Ponta Grossa Santa Cruz,2025-10-26,1.3
2529,Ponta Grossa Santa Cruz,2025-10-27,2.91
2529,Ponta Grossa Santa Cruz,2025-10-28,36.33
2529,Ponta Grossa Santa Cruz,2025-10-29,42.26
2529,Ponta Grossa Santa Cruz,2025-10-30,0.2
2529,Ponta Grossa Santa Cruz,2025-10-31,0.44
2529,Ponta Grossa Santa Cruz,2025-10-31,0.44
2529,Ponta Grossa Santa Cruz,2025-11-01,7.6
2529,Ponta Grossa Santa Cruz,2025-11-02,21.8
2529,Ponta Grossa Santa Cruz,2025-11-03,3.1
2529,Ponta Grossa Santa Cruz,2025-11-04,2.72
2529,Ponta Grossa Santa Cruz,2025-11-05,0.0
2529,Ponta Grossa Santa Cruz,2025-11-06,0.2
2529,Ponta Grossa Santa Cruz,2025-11-07,40.0
2529,Ponta Grossa Santa Cruz,2025-11-08,0.8
2529,Ponta Grossa Santa Cruz,2025-11-09,0.0
2529,Ponta Grossa Santa Cruz,2025-11-10,0.2
2529,Ponta Grossa Santa Cruz,2025-11-11,0.0
2529,Ponta Grossa Santa Cruz,2025-11-12,8.6
2529,Ponta Grossa Santa Cruz,2025-11-13,1.2
2529,Ponta Grossa Santa Cruz,2025-11-14,0.0
2529,Ponta Grossa Santa Cruz,2025-11-15,0.0
2529,Ponta Grossa Santa Cruz,2025-11-16,0.8
2529,Ponta Grossa Santa Cruz,2025-11-17,26.8
2529,Ponta Grossa Santa Cruz,2025-11-18,15.0
2529,Ponta Grossa Santa Cruz,2025-11-19,0.0
2529,Ponta Grossa Santa Cruz,2025-11-20,0.0
2529,Ponta Grossa Santa Cruz,2025-11-21,0.0
2529,Ponta Grossa Santa Cruz,2025-11-22,0.0
2529,Ponta Grossa Santa Cruz,2025-11-23,8.2
2529,Ponta Grossa Santa Cruz,2025-11-24,9.8
2529,Ponta Grossa Santa Cruz,2025-11-25,0.0
2529,Ponta Grossa Santa Cruz,2025-11-26,0.0
2529,Ponta Grossa Santa Cruz,2025-11-27,0.0
2529,Ponta Grossa Santa Cruz,2025-11-28,0.0
2529,Ponta Grossa Santa Cruz,2025-11-29,0.0
2529,Ponta Grossa Santa Cruz,2025-11-30,0.0
1112,Tibagi Fortuna,2015-08-31,0.2
1112,Tibagi Fortuna,2015-09-01,0.0
1112,Tibagi Fortuna,2015-09-02,0.0
1112,Tibagi Fortuna,2015-09-03,0.0
1112,Tibagi Fortuna,2015-09-04,11.0
1112,Tibagi Fortuna,2015-09-05,0.0
1112,Tibagi Fortuna,2015-09-06,0.6
1112,Tibagi Fortuna,2015-09-07,12.8
1112,Tibagi Fortuna,2015-09-08,84.2
1112,Tibagi Fortuna,2015-09-09,0.0
1112,Tibagi Fortuna,2015-09-10,25.8
1112,Tibagi Fortuna,2015-09-11,0.4
1112,Tibagi Fortuna,2015-09-12,0.0
1112,Tibagi Fortuna,2015-09-13,0.2
1112,Tibagi Fortuna,2015-09-14,0.0
1112,Tibagi Fortuna,2015-09-15,0.0
1112,Tibagi Fortuna,2015-09-16,0.6
1112,Tibagi Fortuna,2015-09-17,0.0
1112,Tibagi Fortuna,2015-09-18,0.0
1112,Tibagi Fortuna,2015-09-19,0.0
1112,Tibagi Fortuna,2015-09-20,0.2
1112,Tibagi Fortuna,2015-09-21,0.0
1112,Tibagi Fortuna,2015-09-22,0.0
1112,Tibagi Fortuna,2015-09-23,0.0
1112,Tibagi Fortuna,2015-09-24,0.0
1112,Tibagi Fortuna,2015-09-25,13.2
1112,Tibagi Fortuna,2015-09-26,18.4
1112,Tibagi Fortuna,2015-09-27,32.6
1112,Tibagi Fortuna,2015-09-28,1.2
1112,Tibagi Fortuna,2015-09-29,0.2
1112,Tibagi Fortuna,2015-09-30,3.0
1112,Tibagi Fortuna,2015-10-01,0.2
1112,Tibagi Fortuna,2015-10-02,2.6
1112,Tibagi Fortuna,2015-10-03,14.4
1112,Tibagi Fortuna,2015-10-04,0.2
1112,Tibagi Fortuna,2015-10-05,0.0
1112,Tibagi Fortuna,2015-10-06,0.0
1112,Tibagi Fortuna,2015-10-07,0.0
1112,Tibagi Fortuna,2015-10-08,5.0
1112,Tibagi Fortuna,2015-10-09,39.4
1112,Tibagi Fortuna,2015-10-10,8.8
1112,Tibagi Fortuna,2015-10-11,56.6
1112,Tibagi Fortuna,2015-10-12,11.4
1112,Tibagi Fortuna,2015-10-13,0.8
1112,Tibagi Fortuna,2015-10-14,0.0
1112,Tibagi Fortuna,2015-10-15,0.0
1112,Tibagi Fortuna,2015-10-16,0.0
1112,Tibagi Fortuna,2015-10-17,4.2
1112,Tibagi Fortuna,2015-10-18,0.2
1112,Tibagi Fortuna,2015-10-19,0.0
1112,Tibagi Fortuna,2015-10-20,0.0
1112,Tibagi Fortuna,2015-10-21,0.0
1112,Tibagi Fortuna,2015-10-22,24.0
1112,Tibagi Fortuna,2015-10-23,11.2
1112,Tibagi Fortuna,2015-10-24,0.0
1112,Tibagi Fortuna,2015-10-25,0.6
1112,Tibagi Fortuna,2015-10-26,0.0
1112,Tibagi Fortuna,2015-10-27,7.2
1112,Tibagi Fortuna,2015-10-28,0.0
1112,Tibagi Fortuna,2015-10-29,0.0
1112,Tibagi Fortuna,2015-10-30,0.0
1112,Tibagi Fortuna,2015-10-31,4.0
1112,Tibagi Fortuna,2017-05-01,0.0
1112,Tibagi Fortuna,2017-05-02,0.0
1112,Tibagi Fortuna,2017-05-03,0.0
1112,Tibagi Fortuna,2017-05-04,8.4
1112,Tibagi Fortuna,2017-05-05,3.6
1112,Tibagi Fortuna,2017-05-06,0.2
1112,Tibagi Fortuna,2017-05-07,0.0
1112,Tibagi Fortuna,2017-05-08,0.0
1112,Tibagi Fortuna,2017-05-09,0.0
1112,Tibagi Fortuna,2017-05-10,1.6
1112,Tibagi Fortuna,2017-05-11,2.2
1112,Tibagi Fortuna,2017-05-12,0.0
1112,Tibagi Fortuna,2017-05-13,0.0
1112,Tibagi Fortuna,2017-05-14,22.4
1112,Tibagi Fortuna,2017-05-15,0.2
1112,Tibagi Fortuna,2017-05-16,0.0
1112,Tibagi Fortuna,2017-05-17,0.0
1112,Tibagi Fortuna,2017-05-18,76.8
1112,Tibagi Fortuna,2017-05-19,44.4
1112,Tibagi Fortuna,2017-05-20,1.6
1112,Tibagi Fortuna,2017-05-21,24.0
1112,Tibagi Fortuna,2017-05-22,0.4
1112,Tibagi Fortuna,2017-05-23,1.6
1112,Tibagi Fortuna,2017-05-24,0.4
1112,Tibagi Fortuna,2017-05-25,0.0
1112,Tibagi Fortuna,2017-05-26,0.0
1112,Tibagi Fortuna,2017-05-27,0.0
1112,Tibagi Fortuna,2017-05-28,0.0
1112,Tibagi Fortuna,2017-05-29,0.2
1112,Tibagi Fortuna,2017-05-30,0.0
1112,Tibagi Fortuna,2017-05-31,27.0
1112,Tibagi Fortuna,2017-05-31,27.0
1112,Tibagi Fortuna,2017-06-01,0.6
1112,Tibagi Fortuna,2017-06-02,0.0
1112,Tibagi Fortuna,2017-06-03,0.4
1112,Tibagi Fortuna,2017-06-04,0.0
1112,Tibagi Fortuna,2017-06-05,97.0
1112,Tibagi Fortuna,2017-06-06,36.8
1112,Tibagi Fortuna,2017-06-07,11.4
1112,Tibagi Fortuna,2017-06-08,11.8
1112,Tibagi Fortuna,2017-06-09,2.2
1112,Tibagi Fortuna,2017-06-10,0.2
1112,Tibagi Fortuna,2017-06-11,0.2
1112,Tibagi Fortuna,2017-06-12,0.2
1112,Tibagi Fortuna,2017-06-13,0.8
1112,Tibagi Fortuna,2017-06-14,0.0
1112,Tibagi Fortuna,2017-06-15,0.0
1112,Tibagi Fortuna,2017-06-16,0.0
1112,Tibagi Fortuna,2017-06-17,0.0
1112,Tibagi Fortuna,2017-06-18,0.0
1112,Tibagi Fortuna,2017-06-19,9.2
1112,Tibagi Fortuna,2017-06-20,3.4
1112,Tibagi Fortuna,2017-06-21,0.0
1112,Tibagi Fortuna,2017-06-22,0.2
1112,Tibagi Fortuna,2017-06-23,0.0
1112,Tibagi Fortuna,2017-06-24,0.0
1112,Tibagi Fortuna,2017-06-25,0.0
1112,Tibagi Fortuna,2017-06-26,0.0
1112,Tibagi Fortuna,2017-06-27,0.2
1112,Tibagi Fortuna,2017-06-28,0.2
1112,Tibagi Fortuna,2017-06-29,0.0
1112,Tibagi Fortuna,2017-06-30,0.0
1112,Tibagi Fortuna,2019-03-31,0.0
1112,Tibagi Fortuna,2019-04-01,1.6
1112,Tibagi Fortuna,2019-04-02,0.2
1112,Tibagi Fortuna,2019-04-03,0.0
1112,Tibagi Fortuna,2019-04-04,0.0
1112,Tibagi Fortuna,2019-04-05,11.2
1112,Tibagi Fortuna,2019-04-06,8.0
1112,Tibagi Fortuna,2019-04-07,12.8
1112,Tibagi Fortuna,2019-04-08,0.2
1112,Tibagi Fortuna,2019-04-09,1.6
1112,Tibagi Fortuna,2019-04-10,0.0
1112,Tibagi Fortuna,2019-04-11,0.0
1112,Tibagi Fortuna,2019-04-12,0.2
1112,Tibagi Fortuna,2019-04-13,0.0
1112,Tibagi Fortuna,2019-04-14,0.0
1112,Tibagi Fortuna,2019-04-15,0.0
1112,Tibagi Fortuna,2019-04-16,0.0
1112,Tibagi Fortuna,2019-04-17,0.2
1112,Tibagi Fortuna,2019-04-18,0.2
1112,Tibagi Fortuna,2019-04-19,0.0
1112,Tibagi Fortuna,2019-04-20,0.0
1112,Tibagi Fortuna,2019-04-21,5.8
1112,Tibagi Fortuna,2019-04-22,0.4
1112,Tibagi Fortuna,2019-04-23,0.0
1112,Tibagi Fortuna,2019-04-24,0.0
1112,Tibagi Fortuna,2019-04-25,0.0
1112,Tibagi Fortuna,2019-04-26,0.0
1112,Tibagi Fortuna,2019-04-27,26.8
1112,Tibagi Fortuna,2019-04-28,40.2
1112,Tibagi Fortuna,2019-04-29,0.0
1112,Tibagi Fortuna,2019-04-30,0.2
1112,Tibagi Fortuna,2019-05-01,0.6
1112,Tibagi Fortuna,2019-05-02,0.2
1112,Tibagi Fortuna,2019-05-03,0.0
1112,Tibagi Fortuna,2019-05-04,0.0
1112,Tibagi Fortuna,2019-05-05,0.0
1112,Tibagi Fortuna,2019-05-06,1.4
1112,Tibagi Fortuna,2019-05-07,0.0
1112,Tibagi Fortuna,2019-05-08,0.0
1112,Tibagi Fortuna,2019-05-09,0.0
1112,Tibagi Fortuna,2019-05-10,0.0
1112,Tibagi Fortuna,2019-05-11,11.8
1112,Tibagi Fortuna,2019-05-12,1.6
1112,Tibagi Fortuna,2019-05-13,3.8
1112,Tibagi Fortuna,2019-05-14,0.0
1112,Tibagi Fortuna,2019-05-15,0.0
1112,Tibagi Fortuna,2019-05-16,0.0
1112,Tibagi Fortuna,2019-05-17,0.2
1112,Tibagi Fortuna,2019-05-18,4.2
1112,Tibagi Fortuna,2019-05-19,0.0
1112,Tibagi Fortuna,2019-05-20,0.2
1112,Tibagi Fortuna,2019-05-21,0.2
1112,Tibagi Fortuna,2019-05-22,0.2
1112,Tibagi Fortuna,2019-05-23,30.2
1112,Tibagi Fortuna,2019-05-24,10.8
1112,Tibagi Fortuna,2019-05-25,0.0
1112,Tibagi Fortuna,2019-05-26,0.0
1112,Tibagi Fortuna,2019-05-27,0.0
1112,Tibagi Fortuna,2019-05-28,53.8
1112,Tibagi Fortuna,2019-05-29,0.4
1112,Tibagi Fortuna,2019-05-30,40.4
1112,Tibagi Fortuna,2019-05-31,23.0
1112,Tibagi Fortuna,2019-05-31,23.0
1112,Tibagi Fortuna,2019-06-01,8.8
1112,Tibagi Fortuna,2019-06-02,18.0
1112,Tibagi Fortuna,2019-06-03,6.0
1112,Tibagi Fortuna,2019-06-04,0.4
1112,Tibagi Fortuna,2019-06-05,0.0
1112,Tibagi Fortuna,2019-06-06,0.0
1112,Tibagi Fortuna,2019-06-07,0.2
1112,Tibagi Fortuna,2019-06-08,0.2
1112,Tibagi Fortuna,2019-06-09,0.0
1112,Tibagi Fortuna,2019-06-10,0.0
1112,Tibagi Fortuna,2019-06-11,0.0
1112,Tibagi Fortuna,2019-06-12,0.2
1112,Tibagi Fortuna,2019-06-13,0.0
1112,Tibagi Fortuna,2019-06-14,0.0
1112,Tibagi Fortuna,2019-06-15,0.0
1112,Tibagi Fortuna,2019-06-16,0.0
1112,Tibagi Fortuna,2019-06-17,0.0
1112,Tibagi Fortuna,2019-06-18,0.0
1112,Tibagi Fortuna,2019-06-19,0.0
1112,Tibagi Fortuna,2019-06-20,0.0
1112,Tibagi Fortuna,2019-06-21,0.0
1112,Tibagi Fortuna,2019-06-22,0.2
1112,Tibagi Fortuna,2019-06-23,0.2
1112,Tibagi Fortuna,2019-06-24,0.2
1112,Tibagi Fortuna,2019-06-25,0.0
1112,Tibagi Fortuna,2019-06-26,8.4
1112,Tibagi Fortuna,2019-06-27,0.0
1112,Tibagi Fortuna,2019-06-28,0.2
1112,Tibagi Fortuna,2019-06-29,0.0
1112,Tibagi Fortuna,2019-06-30,0.0
1112,Tibagi Fortuna,2020-12-01,1.4
1112,Tibagi Fortuna,2020-12-02,0.0
1112,Tibagi Fortuna,2020-12-03,12.2
1112,Tibagi Fortuna,2020-12-04,2.4
1112,Tibagi Fortuna,2020-12-05,10.4
1112,Tibagi Fortuna,2020-12-06,0.0
1112,Tibagi Fortuna,2020-12-07,0.2
1112,Tibagi Fortuna,2020-12-08,0.0
1112,Tibagi Fortuna,2020-12-09,0.0
1112,Tibagi Fortuna,2020-12-10,0.2
1112,Tibagi Fortuna,2020-12-11,0.0
1112,Tibagi Fortuna,2020-12-12,0.0
1112,Tibagi Fortuna,2020-12-13,4.2
1112,Tibagi Fortuna,2020-12-14,6.8
1112,Tibagi Fortuna,2020-12-15,3.4
1112,Tibagi Fortuna,2020-12-16,4.6
1112,Tibagi Fortuna,2020-12-17,6.2
1112,Tibagi Fortuna,2020-12-18,0.8
1112,Tibagi Fortuna,2020-12-19,1.6
1112,Tibagi Fortuna,2020-12-20,5.4
1112,Tibagi Fortuna,2020-12-21,0.0
1112,Tibagi Fortuna,2020-12-22,9.4
1112,Tibagi Fortuna,2020-12-23,0.2
1112,Tibagi Fortuna,2020-12-24,0.0
1112,Tibagi Fortuna,2020-12-25,0.0
1112,Tibagi Fortuna,2020-12-26,0.0
1112,Tibagi Fortuna,2020-12-27,3.4
1112,Tibagi Fortuna,2020-12-28,11.6
1112,Tibagi Fortuna,2020-12-29,10.8
1112,Tibagi Fortuna,2020-12-30,0.0
1112,Tibagi Fortuna,2020-12-31,7.0
1112,Tibagi Fortuna,2021-01-01,28.0
1112,Tibagi Fortuna,2021-01-02,0.0
1112,Tibagi Fortuna,2021-01-03,0.0
1112,Tibagi Fortuna,2021-01-04,0.0
1112,Tibagi Fortuna,2021-01-05,6.8
1112,Tibagi Fortuna,2021-01-06,0.8
1112,Tibagi Fortuna,2021-01-07,0.0
1112,Tibagi Fortuna,2021-01-08,18.4
1112,Tibagi Fortuna,2021-01-09,1.4
1112,Tibagi Fortuna,2021-01-10,0.0
1112,Tibagi Fortuna,2021-01-11,0.0
1112,Tibagi Fortuna,2021-01-12,0.0
1112,Tibagi Fortuna,2021-01-13,0.0
1112,Tibagi Fortuna,2021-01-14,0.0
1112,Tibagi Fortuna,2021-01-15,0.6
1112,Tibagi Fortuna,2021-01-16,0.4
1112,Tibagi Fortuna,2021-01-17,36.6
1112,Tibagi Fortuna,2021-01-18,22.8
1112,Tibagi Fortuna,2021-01-19,12.0
1112,Tibagi Fortuna,2021-01-20,5.8
1112,Tibagi Fortuna,2021-01-21,0.2
1112,Tibagi Fortuna,2021-01-22,3.4
1112,Tibagi Fortuna,2021-01-23,18.0
1112,Tibagi Fortuna,2021-01-24,0.8
1112,Tibagi Fortuna,2021-01-25,9.0
1112,Tibagi Fortuna,2021-01-26,0.8
1112,Tibagi Fortuna,2021-01-27,6.0
1112,Tibagi Fortuna,2021-01-28,8.8
1112,Tibagi Fortuna,2021-01-29,2.6
1112,Tibagi Fortuna,2021-01-30,17.0
1112,Tibagi Fortuna,2021-01-31,4.0
1112,Tibagi Fortuna,2022-05-01,0.2
1112,Tibagi Fortuna,2022-05-02,1.6
1112,Tibagi Fortuna,2022-05-03,17.4
1112,Tibagi Fortuna,2022-05-04,0.4
1112,Tibagi Fortuna,2022-05-05,0.2
1112,Tibagi Fortuna,2022-05-06,0.2
1112,Tibagi Fortuna,2022-05-07,0.0
1112,Tibagi Fortuna,2022-05-08,0.0
1112,Tibagi Fortuna,2022-05-09,0.0
1112,Tibagi Fortuna,2022-05-10,19.2
1112,Tibagi Fortuna,2022-05-11,4.4
1112,Tibagi Fortuna,2022-05-12,3.6
1112,Tibagi Fortuna,2022-05-13,0.4
1112,Tibagi Fortuna,2022-05-14,1.1
1112,Tibagi Fortuna,2022-05-15,0.5
1112,Tibagi Fortuna,2022-05-16,0.4
1112,Tibagi Fortuna,2022-05-17,0.0
1112,Tibagi Fortuna,2022-05-18,0.0
1112,Tibagi Fortuna,2022-05-19,0.0
1112,Tibagi Fortuna,2022-05-20,0.2
1112,Tibagi Fortuna,2022-05-21,0.0
1112,Tibagi Fortuna,2022-05-22,0.2
1112,Tibagi Fortuna,2022-05-23,0.0
1112,Tibagi Fortuna,2022-05-24,0.0
1112,Tibagi Fortuna,2022-05-25,0.0
1112,Tibagi Fortuna,2022-05-26,0.0
1112,Tibagi Fortuna,2022-05-27,0.0
1112,Tibagi Fortuna,2022-05-28,0.0
1112,Tibagi Fortuna,2022-05-29,14.4
1112,Tibagi Fortuna,2022-05-30,58.8
1112,Tibagi Fortuna,2022-05-31,30.5
1112,Tibagi Fortuna,2022-05-31,30.5
1112,Tibagi Fortuna,2022-06-01,13.2
1112,Tibagi Fortuna,2022-06-02,4.8
1112,Tibagi Fortuna,2022-06-03,0.2
1112,Tibagi Fortuna,2022-06-04,0.0
1112,Tibagi Fortuna,2022-06-05,0.0
1112,Tibagi Fortuna,2022-06-06,0.2
1112,Tibagi Fortuna,2022-06-07,20.0
1112,Tibagi Fortuna,2022-06-08,0.2
1112,Tibagi Fortuna,2022-06-09,63.2
1112,Tibagi Fortuna,2022-06-10,0.0
1112,Tibagi Fortuna,2022-06-11,0.4
1112,Tibagi Fortuna,2022-06-12,0.0
1112,Tibagi Fortuna,2022-06-13,0.2
1112,Tibagi Fortuna,2022-06-14,0.2
1112,Tibagi Fortuna,2022-06-15,0.0
1112,Tibagi Fortuna,2022-06-16,0.2
1112,Tibagi Fortuna,2022-06-17,21.6
1112,Tibagi Fortuna,2022-06-18,0.2
1112,Tibagi Fortuna,2022-06-19,0.0
1112,Tibagi Fortuna,2022-06-20,0.4
1112,Tibagi Fortuna,2022-06-21,0.0
1112,Tibagi Fortuna,2022-06-22,0.0
1112,Tibagi Fortuna,2022-06-23,0.0
1112,Tibagi Fortuna,2022-06-24,0.0
1112,Tibagi Fortuna,2022-06-25,0.0
1112,Tibagi Fortuna,2022-06-26,0.0
1112,Tibagi Fortuna,2022-06-27,0.0
1112,Tibagi Fortuna,2022-06-28,0.4
1112,Tibagi Fortuna,2022-06-29,0.0
1112,Tibagi Fortuna,2022-06-30,0.4
1112,Tibagi Fortuna,2022-08-31,0.0
1112,Tibagi Fortuna,2022-09-01,0.0
1112,Tibagi Fortuna,2022-09-02,0.4
1112,Tibagi Fortuna,2022-09-03,13.0
1112,Tibagi Fortuna,2022-09-04,0.0
1112,Tibagi Fortuna,2022-09-05,3.2
1112,Tibagi Fortuna,2022-09-06,9.8
1112,Tibagi Fortuna,2022-09-07,3.0
1112,Tibagi Fortuna,2022-09-08,0.0
1112,Tibagi Fortuna,2022-09-09,0.0
1112,Tibagi Fortuna,2022-09-10,0.2
1112,Tibagi Fortuna,2022-09-11,0.0
1112,Tibagi Fortuna,2022-09-12,3.2
1112,Tibagi Fortuna,2022-09-13,16.6
1112,Tibagi Fortuna,2022-09-14,29.0
1112,Tibagi Fortuna,2022-09-15,4.2
1112,Tibagi Fortuna,2022-09-16,0.0
1112,Tibagi Fortuna,2022-09-17,0.0
1112,Tibagi Fortuna,2022-09-18,0.0
1112,Tibagi Fortuna,2022-09-19,12.4
1112,Tibagi Fortuna,2022-09-20,0.2
1112,Tibagi Fortuna,2022-09-21,49.2
1112,Tibagi Fortuna,2022-09-22,1.6
1112,Tibagi Fortuna,2022-09-23,0.0
1112,Tibagi Fortuna,2022-09-24,0.0
1112,Tibagi Fortuna,2022-09-25,4.4
1112,Tibagi Fortuna,2022-09-26,37.0
1112,Tibagi Fortuna,2022-09-27,21.0
1112,Tibagi Fortuna,2022-09-28,2.0
1112,Tibagi Fortuna,2022-09-29,0.0
1112,Tibagi Fortuna,2022-09-30,1.2
1112,Tibagi Fortuna,2022-10-01,0.0
1112,Tibagi Fortuna,2022-10-02,0.0
1112,Tibagi Fortuna,2022-10-03,2.8
1112,Tibagi Fortuna,2022-10-04,0.0
1112,Tibagi Fortuna,2022-10-05,11.6
1112,Tibagi Fortuna,2022-10-06,57.0
1112,Tibagi Fortuna,2022-10-07,2.0
1112,Tibagi Fortuna,2022-10-08,0.0
1112,Tibagi Fortuna,2022-10-09,17.2
1112,Tibagi Fortuna,2022-10-10,0.0
1112,Tibagi Fortuna,2022-10-11,14.4
1112,Tibagi Fortuna,2022-10-12,10.0
1112,Tibagi Fortuna,2022-10-13,5.6
1112,Tibagi Fortuna,2022-10-14,3.2
1112,Tibagi Fortuna,2022-10-15,4.8
1112,Tibagi Fortuna,2022-10-16,4.0
1112,Tibagi Fortuna,2022-10-17,0.2
1112,Tibagi Fortuna,2022-10-18,11.0
1112,Tibagi Fortuna,2022-10-19,0.0
1112,Tibagi Fortuna,2022-10-20,50.0
1112,Tibagi Fortuna,2022-10-21,6.2
1112,Tibagi Fortuna,2022-10-22,0.2
1112,Tibagi Fortuna,2022-10-23,0.0
1112,Tibagi Fortuna,2022-10-24,0.0
1112,Tibagi Fortuna,2022-10-25,0.0
1112,Tibagi Fortuna,2022-10-26,0.0
1112,Tibagi Fortuna,2022-10-27,0.0
1112,Tibagi Fortuna,2022-10-28,0.0
1112,Tibagi Fortuna,2022-10-29,30.0
1112,Tibagi Fortuna,2022-10-30,25.0
1112,Tibagi Fortuna,2022-10-31,58.6
1112,Tibagi Fortuna,2022-10-31,58.6
1112,Tibagi Fortuna,2022-11-01,8.4
1112,Tibagi Fortuna,2022-11-02,1.0
1112,Tibagi Fortuna,2022-11-03,0.0
1112,Tibagi Fortuna,2022-11-04,0.0
1112,Tibagi Fortuna,2022-11-05,0.0
1112,Tibagi Fortuna,2022-11-06,0.0
1112,Tibagi Fortuna,2022-11-07,0.0
1112,Tibagi Fortuna,2022-11-08,0.0
1112,Tibagi Fortuna,2022-11-09,0.0
1112,Tibagi Fortuna,2022-11-10,0.0
1112,Tibagi Fortuna,2022-11-11,23.0
1112,Tibagi Fortuna,2022-11-12,0.2
1112,Tibagi Fortuna,2022-11-13,15.0
1112,Tibagi Fortuna,2022-11-14,7.0
1112,Tibagi Fortuna,2022-11-15,0.0
1112,Tibagi Fortuna,2022-11-16,0.0
1112,Tibagi Fortuna,2022-11-17,0.0
1112,Tibagi Fortuna,2022-11-18,0.0
1112,Tibagi Fortuna,2022-11-19,0.0
1112,Tibagi Fortuna,2022-11-20,0.0
1112,Tibagi Fortuna,2022-11-21,0.0
1112,Tibagi Fortuna,2022-11-22,11.4
1112,Tibagi Fortuna,2022-11-23,0.0
1112,Tibagi Fortuna,2022-11-24,0.0
1112,Tibagi Fortuna,2022-11-25,0.0
1112,Tibagi Fortuna,2022-11-26,1.2
1112,Tibagi Fortuna,2022-11-27,0.0
1112,Tibagi Fortuna,2022-11-28,0.0
1112,Tibagi Fortuna,2022-11-29,5.6
1112,Tibagi Fortuna,2022-11-30,0.6
1112,Tibagi Fortuna,2023-08-31,0.0
1112,Tibagi Fortuna,2023-09-01,0.0
1112,Tibagi Fortuna,2023-09-02,64.2
1112,Tibagi Fortuna,2023-09-03,3.2
1112,Tibagi Fortuna,2023-09-04,14.6
1112,Tibagi Fortuna,2023-09-05,0.2
1112,Tibagi Fortuna,2023-09-06,0.0
1112,Tibagi Fortuna,2023-09-07,0.0
1112,Tibagi Fortuna,2023-09-08,1.0
1112,Tibagi Fortuna,2023-09-09,6.4
1112,Tibagi Fortuna,2023-09-10,0.2
1112,Tibagi Fortuna,2023-09-11,0.2
1112,Tibagi Fortuna,2023-09-12,0.2
1112,Tibagi Fortuna,2023-09-13,3.2
1112,Tibagi Fortuna,2023-09-14,0.6
1112,Tibagi Fortuna,2023-09-15,0.2
1112,Tibagi Fortuna,2023-09-16,0.2
1112,Tibagi Fortuna,2023-09-17,0.0
1112,Tibagi Fortuna,2023-09-18,0.0
1112,Tibagi Fortuna,2023-09-19,11.2
1112,Tibagi Fortuna,2023-09-20,0.4
1112,Tibagi Fortuna,2023-09-21,0.0
1112,Tibagi Fortuna,2023-09-22,0.0
1112,Tibagi Fortuna,2023-09-23,0.0
1112,Tibagi Fortuna,2023-09-24,0.0
1112,Tibagi Fortuna,2023-09-25,42.8
1112,Tibagi Fortuna,2023-09-26,0.2
1112,Tibagi Fortuna,2023-09-27,0.0
1112,Tibagi Fortuna,2023-09-28,0.0
1112,Tibagi Fortuna,2023-09-29,4.6
1112,Tibagi Fortuna,2023-09-30,22.6
1112,Tibagi Fortuna,2023-10-01,3.0
1112,Tibagi Fortuna,2023-10-02,0.0
1112,Tibagi Fortuna,2023-10-03,0.0
1112,Tibagi Fortuna,2023-10-04,33.6
1112,Tibagi Fortuna,2023-10-05,5.6
1112,Tibagi Fortuna,2023-10-06,0.0
1112,Tibagi Fortuna,2023-10-07,42.8
1112,Tibagi Fortuna,2023-10-08,58.4
1112,Tibagi Fortuna,2023-10-09,0.0
1112,Tibagi Fortuna,2023-10-10,0.0
1112,Tibagi Fortuna,2023-10-11,0.0
1112,Tibagi Fortuna,2023-10-12,17.4
1112,Tibagi Fortuna,2023-10-13,0.8
1112,Tibagi Fortuna,2023-10-14,0.0
1112,Tibagi Fortuna,2023-10-15,0.0
1112,Tibagi Fortuna,2023-10-16,2.6
1112,Tibagi Fortuna,2023-10-17,52.4
1112,Tibagi Fortuna,2023-10-18,0.4
1112,Tibagi Fortuna,2023-10-19,0.4
1112,Tibagi Fortuna,2023-10-20,0.8
1112,Tibagi Fortuna,2023-10-21,0.0
1112,Tibagi Fortuna,2023-10-22,0.0
1112,Tibagi Fortuna,2023-10-23,0.0
1112,Tibagi Fortuna,2023-10-24,3.6
1112,Tibagi Fortuna,2023-10-25,0.2
1112,Tibagi Fortuna,2023-10-26,0.0
1112,Tibagi Fortuna,2023-10-27,32.8
1112,Tibagi Fortuna,2023-10-28,55.0
1112,Tibagi Fortuna,2023-10-29,90.8
1112,Tibagi Fortuna,2023-10-30,40.2
1112,Tibagi Fortuna,2023-10-31,21.2
1112,Tibagi Fortuna,2023-10-31,21.2
1112,Tibagi Fortuna,2023-11-01,0.2
1112,Tibagi Fortuna,2023-11-02,0.0
1112,Tibagi Fortuna,2023-11-03,72.0
1112,Tibagi Fortuna,2023-11-04,0.0
1112,Tibagi Fortuna,2023-11-05,0.0
1112,Tibagi Fortuna,2023-11-06,0.0
1112,Tibagi Fortuna,2023-11-07,0.0
1112,Tibagi Fortuna,2023-11-08,0.0
1112,Tibagi Fortuna,2023-11-09,25.0
1112,Tibagi Fortuna,2023-11-10,0.0
1112,Tibagi Fortuna,2023-11-11,0.0
1112,Tibagi Fortuna,2023-11-12,0.0
1112,Tibagi Fortuna,2023-11-13,7.8
1112,Tibagi Fortuna,2023-11-14,10.0
1112,Tibagi Fortuna,2023-11-15,0.0
1112,Tibagi Fortuna,2023-11-16,0.0
1112,Tibagi Fortuna,2023-11-17,0.0
1112,Tibagi Fortuna,2023-11-18,2.4
1112,Tibagi Fortuna,2023-11-19,3.4
1112,Tibagi Fortuna,2023-11-20,0.0
1112,Tibagi Fortuna,2023-11-21,0.2
1112,Tibagi Fortuna,2023-11-22,19.6
1112,Tibagi Fortuna,2023-11-23,10.2
1112,Tibagi Fortuna,2023-11-24,9.2
1112,Tibagi Fortuna,2023-11-25,17.0
1112,Tibagi Fortuna,2023-11-26,0.0
1112,Tibagi Fortuna,2023-11-27,1.4
1112,Tibagi Fortuna,2023-11-28,31.4
1112,Tibagi Fortuna,2023-11-29,1.8
1112,Tibagi Fortuna,2023-11-30,0.2
1112,Tibagi Fortuna,2024-10-31,0.0
1112,Tibagi Fortuna,2024-11-01,0.0
1112,Tibagi Fortuna,2024-11-02,10.2
1112,Tibagi Fortuna,2024-11-03,12.4
1112,Tibagi Fortuna,2024-11-04,8.6
1112,Tibagi Fortuna,2024-11-05,0.2
1112,Tibagi Fortuna,2024-11-06,2.2
1112,Tibagi Fortuna,2024-11-07,26.8
1112,Tibagi Fortuna,2024-11-08,29.6
1112,Tibagi Fortuna,2024-11-09,0.0
1112,Tibagi Fortuna,2024-11-10,0.0
1112,Tibagi Fortuna,2024-11-11,0.0
1112,Tibagi Fortuna,2024-11-12,0.0
1112,Tibagi Fortuna,2024-11-13,0.0
1112,Tibagi Fortuna,2024-11-14,0.0
1112,Tibagi Fortuna,2024-11-15,0.0
1112,Tibagi Fortuna,2024-11-16,1.2
1112,Tibagi Fortuna,2024-11-17,0.0
1112,Tibagi Fortuna,2024-11-18,1.0
1112,Tibagi Fortuna,2024-11-19,0.0
1112,Tibagi Fortuna,2024-11-20,0.0
1112,Tibagi Fortuna,2024-11-21,1.0
1112,Tibagi Fortuna,2024-11-22,0.0
1112,Tibagi Fortuna,2024-11-23,0.0
1112,Tibagi Fortuna,2024-11-24,0.0
1112,Tibagi Fortuna,2024-11-25,0.0
1112,Tibagi Fortuna,2024-11-26,0.0
1112,Tibagi Fortuna,2024-11-27,0.0
1112,Tibagi Fortuna,2024-11-28,25.8
1112,Tibagi Fortuna,2024-11-29,1.0
1112,Tibagi Fortuna,2024-11-30,0.0
1112,Tibagi Fortuna,2024-12-01,0.0
1112,Tibagi Fortuna,2024-12-02,37.6
1112,Tibagi Fortuna,2024-12-03,1.2
1112,Tibagi Fortuna,2024-12-04,0.2
1112,Tibagi Fortuna,2024-12-05,0.0
1112,Tibagi Fortuna,2024-12-06,3.8
1112,Tibagi Fortuna,2024-12-07,115.8
1112,Tibagi Fortuna,2024-12-08,41.4
1112,Tibagi Fortuna,2024-12-09,68.0
1112,Tibagi Fortuna,2024-12-10,12.4
1112,Tibagi Fortuna,2024-12-11,0.0
1112,Tibagi Fortuna,2024-12-12,0.0
1112,Tibagi Fortuna,2024-12-13,0.4
1112,Tibagi Fortuna,2024-12-14,29.0
1112,Tibagi Fortuna,2024-12-15,0.0
1112,Tibagi Fortuna,2024-12-16,0.0
1112,Tibagi Fortuna,2024-12-17,0.0
1112,Tibagi Fortuna,2024-12-18,0.0
1112,Tibagi Fortuna,2024-12-19,3.6
1112,Tibagi Fortuna,2024-12-20,52.6
1112,Tibagi Fortuna,2024-12-21,0.2
1112,Tibagi Fortuna,2024-12-22,1.4
1112,Tibagi Fortuna,2024-12-23,0.0
1112,Tibagi Fortuna,2024-12-24,0.0
1112,Tibagi Fortuna,2024-12-25,0.4
1112,Tibagi Fortuna,2024-12-26,0.0
1112,Tibagi Fortuna,2024-12-27,0.0
1112,Tibagi Fortuna,2024-12-28,0.0
1112,Tibagi Fortuna,2024-12-29,0.8
1112,Tibagi Fortuna,2024-12-30,0.0
1112,Tibagi Fortuna,2024-12-31,0.0
1112,Tibagi Fortuna,2025-01-01,1.0
1112,Tibagi Fortuna,2025-01-02,21.2
1112,Tibagi Fortuna,2025-01-03,0.0
1112,Tibagi Fortuna,2025-01-04,0.0
1112,Tibagi Fortuna,2025-01-05,0.2
1112,Tibagi Fortuna,2025-01-06,0.0
1112,Tibagi Fortuna,2025-01-07,0.0
1112,Tibagi Fortuna,2025-01-08,35.0
1112,Tibagi Fortuna,2025-01-09,3.8
1112,Tibagi Fortuna,2025-01-10,1.6
1112,Tibagi Fortuna,2025-01-11,18.2
1112,Tibagi Fortuna,2025-01-12,0.0
1112,Tibagi Fortuna,2025-01-13,0.0
1112,Tibagi Fortuna,2025-01-14,0.0
1112,Tibagi Fortuna,2025-01-15,0.0
1112,Tibagi Fortuna,2025-01-16,0.0
1112,Tibagi Fortuna,2025-01-17,50.4
1112,Tibagi Fortuna,2025-01-18,36.4
1112,Tibagi Fortuna,2025-01-19,17.0
1112,Tibagi Fortuna,2025-01-20,6.6
1112,Tibagi Fortuna,2025-01-21,0.2
1112,Tibagi Fortuna,2025-01-22,6.8
1112,Tibagi Fortuna,2025-01-23,0.6
1112,Tibagi Fortuna,2025-01-24,0.4
1112,Tibagi Fortuna,2025-01-25,6.6
1112,Tibagi Fortuna,2025-01-26,0.0
1112,Tibagi Fortuna,2025-01-27,12.4
1112,Tibagi Fortuna,2025-01-28,1.4
1112,Tibagi Fortuna,2025-01-29,0.0
1112,Tibagi Fortuna,2025-01-30,21.0
1112,Tibagi Fortuna,2025-01-31,0.4
1112,Tibagi Fortuna,2025-08-31,0.0
1112,Tibagi Fortuna,2025-09-01,0.0
1112,Tibagi Fortuna,2025-09-02,0.0
1112,Tibagi Fortuna,2025-09-03,0.0
1112,Tibagi Fortuna,2025-09-04,0.0
1112,Tibagi Fortuna,2025-09-05,0.2
1112,Tibagi Fortuna,2025-09-06,2.0
1112,Tibagi Fortuna,2025-09-07,0.2
1112,Tibagi Fortuna,2025-09-08,0.0
1112,Tibagi Fortuna,2025-09-09,5.8
1112,Tibagi Fortuna,2025-09-10,0.0
1112,Tibagi Fortuna,2025-09-11,0.0
1112,Tibagi Fortuna,2025-09-12,0.0
1112,Tibagi Fortuna,2025-09-13,0.0
1112,Tibagi Fortuna,2025-09-14,0.0
1112,Tibagi Fortuna,2025-09-15,0.0
1112,Tibagi Fortuna,2025-09-16,0.0
1112,Tibagi Fortuna,2025-09-17,0.0
1112,Tibagi Fortuna,2025-09-18,0.0
1112,Tibagi Fortuna,2025-09-19,0.0
1112,Tibagi Fortuna,2025-09-20,0.0
1112,Tibagi Fortuna,2025-09-21,37.0
1112,Tibagi Fortuna,2025-09-22,41.6
1112,Tibagi Fortuna,2025-09-23,0.0
1112,Tibagi Fortuna,2025-09-24,0.0
1112,Tibagi Fortuna,2025-09-25,0.0
1112,Tibagi Fortuna,2025-09-26,0.0
1112,Tibagi Fortuna,2025-09-27,0.0
1112,Tibagi Fortuna,2025-09-28,0.0
1112,Tibagi Fortuna,2025-09-29,0.0
1112,Tibagi Fortuna,2025-09-30,1.4
1112,Tibagi Fortuna,2025-10-01,0.4
1112,Tibagi Fortuna,2025-10-02,0.8
1112,Tibagi Fortuna,2025-10-03,13.6
1112,Tibagi Fortuna,2025-10-04,0.0
1112,Tibagi Fortuna,2025-10-05,0.0
1112,Tibagi Fortuna,2025-10-06,0.0
1112,Tibagi Fortuna,2025-10-07,12.8
1112,Tibagi Fortuna,2025-10-08,27.8
1112,Tibagi Fortuna,2025-10-09,0.0
1112,Tibagi Fortuna,2025-10-10,0.0
1112,Tibagi Fortuna,2025-10-11,0.0
1112,Tibagi Fortuna,2025-10-12,41.6
1112,Tibagi Fortuna,2025-10-13,1.2
1112,Tibagi Fortuna,2025-10-14,0.2
1112,Tibagi Fortuna,2025-10-15,0.0
1112,Tibagi Fortuna,2025-10-16,3.4
1112,Tibagi Fortuna,2025-10-17,25.6
1112,Tibagi Fortuna,2025-10-18,27.6
1112,Tibagi Fortuna,2025-10-19,0.0
1112,Tibagi Fortuna,2025-10-20,0.0
1112,Tibagi Fortuna,2025-10-21,0.0
1112,Tibagi Fortuna,2025-10-22,0.0
1112,Tibagi Fortuna,2025-10-23,0.0
1112,Tibagi Fortuna,2025-10-24,0.0
1112,Tibagi Fortuna,2025-10-25,0.0
1112,Tibagi Fortuna,2025-10-26,2.0
1112,Tibagi Fortuna,2025-10-27,0.6
1112,Tibagi Fortuna,2025-10-28,2.6
1112,Tibagi Fortuna,2025-10-29,2.0
1112,Tibagi Fortuna,2025-10-30,0.2
1112,Tibagi Fortuna,2025-10-31,0.0
1112,Tibagi Fortuna,2025-10-31,0.0
1112,Tibagi Fortuna,2025-11-01,32.4
1112,Tibagi Fortuna,2025-11-02,44.0
1112,Tibagi Fortuna,2025-11-03,5.4
1112,Tibagi Fortuna,2025-11-04,0.0
1112,Tibagi Fortuna,2025-11-05,0.0
1112,Tibagi Fortuna,2025-11-06,0.2
1112,Tibagi Fortuna,2025-11-07,15.4
1112,Tibagi Fortuna,2025-11-08,4.0
1112,Tibagi Fortuna,2025-11-09,0.0
1112,Tibagi Fortuna,2025-11-10,0.0
1112,Tibagi Fortuna,2025-11-11,0.0
1112,Tibagi Fortuna,2025-11-12,10.8
1112,Tibagi Fortuna,2025-11-13,7.4
1112,Tibagi Fortuna,2025-11-14,27.6
1112,Tibagi Fortuna,2025-11-15,0.0
1112,Tibagi Fortuna,2025-11-16,0.6
1112,Tibagi Fortuna,2025-11-17,18.0
1112,Tibagi Fortuna,2025-11-18,11.6
1112,Tibagi Fortuna,2025-11-19,0.2
1112,Tibagi Fortuna,2025-11-20,0.0
1112,Tibagi Fortuna,2025-11-21,0.0
1112,Tibagi Fortuna,2025-11-22,0.0
1112,Tibagi Fortuna,2025-11-23,26.8
1112,Tibagi Fortuna,2025-11-24,9.4
1112,Tibagi Fortuna,2025-11-25,0.2
1112,Tibagi Fortuna,2025-11-26,0.0
1112,Tibagi Fortuna,2025-11-27,0.0
1112,Tibagi Fortuna,2025-11-28,0.0
1112,Tibagi Fortuna,2025-11-29,0.0
1112,Tibagi Fortuna,2025-11-30,0.0
2904,Tibagi Hirooka,2019-06-19,0.2
2904,Tibagi Hirooka,2019-06-20,0.0
2904,Tibagi Hirooka,2019-06-21,0.2
2904,Tibagi Hirooka,2019-06-22,0.8
2904,Tibagi Hirooka,2019-06-23,0.4
2904,Tibagi Hirooka,2019-06-24,0.0
2904,Tibagi Hirooka,2019-06-25,0.0
2904,Tibagi Hirooka,2019-06-26,14.0
2904,Tibagi Hirooka,2019-06-27,0.0
2904,Tibagi Hirooka,2019-06-28,0.2
2904,Tibagi Hirooka,2019-06-29,0.0
2904,Tibagi Hirooka,2019-06-30,0.0
2904,Tibagi Hirooka,2020-12-01,7.4
2904,Tibagi Hirooka,2020-12-02,0.2
2904,Tibagi Hirooka,2020-12-03,15.6
2904,Tibagi Hirooka,2020-12-04,46.6
2904,Tibagi Hirooka,2020-12-05,9.6
2904,Tibagi Hirooka,2020-12-06,0.4
2904,Tibagi Hirooka,2020-12-07,0.6
2904,Tibagi Hirooka,2020-12-08,0.2
2904,Tibagi Hirooka,2020-12-09,0.2
2904,Tibagi Hirooka,2020-12-10,0.2
2904,Tibagi Hirooka,2020-12-11,0.0
2904,Tibagi Hirooka,2020-12-12,0.0
2904,Tibagi Hirooka,2020-12-13,11.6
2904,Tibagi Hirooka,2020-12-14,2.0
2904,Tibagi Hirooka,2020-12-15,2.4
2904,Tibagi Hirooka,2020-12-16,12.0
2904,Tibagi Hirooka,2020-12-17,23.0
2904,Tibagi Hirooka,2020-12-18,0.6
2904,Tibagi Hirooka,2020-12-19,19.0
2904,Tibagi Hirooka,2020-12-20,2.8
2904,Tibagi Hirooka,2020-12-21,0.2
2904,Tibagi Hirooka,2020-12-22,16.0
2904,Tibagi Hirooka,2020-12-23,0.0
2904,Tibagi Hirooka,2020-12-24,0.2
2904,Tibagi Hirooka,2020-12-25,0.0
2904,Tibagi Hirooka,2020-12-26,0.0
2904,Tibagi Hirooka,2020-12-27,0.0
2904,Tibagi Hirooka,2020-12-28,5.0
2904,Tibagi Hirooka,2020-12-29,19.0
2904,Tibagi Hirooka,2020-12-30,0.2
2904,Tibagi Hirooka,2020-12-31,3.0
2904,Tibagi Hirooka,2021-01-01,9.8
2904,Tibagi Hirooka,2021-01-02,0.0
2904,Tibagi Hirooka,2021-01-03,0.2
2904,Tibagi Hirooka,2021-01-04,0.2
2904,Tibagi Hirooka,2021-01-05,28.4
2904,Tibagi Hirooka,2021-01-06,8.6
2904,Tibagi Hirooka,2021-01-07,0.0
2904,Tibagi Hirooka,2021-01-08,49.6
2904,Tibagi Hirooka,2021-01-09,1.0
2904,Tibagi Hirooka,2021-01-10,0.2
2904,Tibagi Hirooka,2021-01-11,0.2
2904,Tibagi Hirooka,2021-01-12,1.8
2904,Tibagi Hirooka,2021-01-13,5.6
2904,Tibagi Hirooka,2021-01-14,0.0
2904,Tibagi Hirooka,2021-01-15,0.0
2904,Tibagi Hirooka,2021-01-16,3.2
2904,Tibagi Hirooka,2021-01-17,22.6
2904,Tibagi Hirooka,2021-01-18,12.4
2904,Tibagi Hirooka,2021-01-19,67.8
2904,Tibagi Hirooka,2021-01-20,24.6
2904,Tibagi Hirooka,2021-01-21,0.6
2904,Tibagi Hirooka,2021-01-22,1.8
2904,Tibagi Hirooka,2021-01-23,1.2
2904,Tibagi Hirooka,2021-01-24,1.0
2904,Tibagi Hirooka,2021-01-25,19.8
2904,Tibagi Hirooka,2021-01-26,4.4
2904,Tibagi Hirooka,2021-01-27,8.8
2904,Tibagi Hirooka,2021-01-28,7.0
2904,Tibagi Hirooka,2021-01-29,5.4
2904,Tibagi Hirooka,2021-01-30,35.4
2904,Tibagi Hirooka,2021-01-31,1.6
2904,Tibagi Hirooka,2022-05-01,0.8
2904,Tibagi Hirooka,2022-05-02,0.4
2904,Tibagi Hirooka,2022-05-03,14.0
2904,Tibagi Hirooka,2022-05-04,1.6
2904,Tibagi Hirooka,2022-05-05,0.2
2904,Tibagi Hirooka,2022-05-06,0.2
2904,Tibagi Hirooka,2022-05-07,0.6
2904,Tibagi Hirooka,2022-05-08,0.4
2904,Tibagi Hirooka,2022-05-09,0.6
2904,Tibagi Hirooka,2022-05-10,6.0
2904,Tibagi Hirooka,2022-05-11,0.8
2904,Tibagi Hirooka,2022-05-12,0.4
2904,Tibagi Hirooka,2022-05-13,0.6
2904,Tibagi Hirooka,2022-05-14,0.6
2904,Tibagi Hirooka,2022-05-15,0.4
2904,Tibagi Hirooka,2022-05-16,0.4
2904,Tibagi Hirooka,2022-05-17,0.0
2904,Tibagi Hirooka,2022-05-18,0.0
2904,Tibagi Hirooka,2022-05-19,0.2
2904,Tibagi Hirooka,2022-05-20,0.2
2904,Tibagi Hirooka,2022-05-21,0.2
2904,Tibagi Hirooka,2022-05-22,0.2
2904,Tibagi Hirooka,2022-05-23,0.0
2904,Tibagi Hirooka,2022-05-24,0.2
2904,Tibagi Hirooka,2022-05-25,0.0
2904,Tibagi Hirooka,2022-05-26,0.0
2904,Tibagi Hirooka,2022-05-27,0.0
2904,Tibagi Hirooka,2022-05-28,0.0
2904,Tibagi Hirooka,2022-05-29,21.0
2904,Tibagi Hirooka,2022-05-30,25.6
2904,Tibagi Hirooka,2022-05-31,20.6
2904,Tibagi Hirooka,2022-05-31,20.6
2904,Tibagi Hirooka,2022-06-01,12.8
2904,Tibagi Hirooka,2022-06-02,22.8
2904,Tibagi Hirooka,2022-06-03,0.0
2904,Tibagi Hirooka,2022-06-04,0.4
2904,Tibagi Hirooka,2022-06-05,0.4
2904,Tibagi Hirooka,2022-06-06,0.2
2904,Tibagi Hirooka,2022-06-07,45.2
2904,Tibagi Hirooka,2022-06-08,0.4
2904,Tibagi Hirooka,2022-06-09,56.4
2904,Tibagi Hirooka,2022-06-10,0.2
2904,Tibagi Hirooka,2022-06-11,0.4
2904,Tibagi Hirooka,2022-06-12,0.2
2904,Tibagi Hirooka,2022-06-13,0.0
2904,Tibagi Hirooka,2022-06-14,0.6
2904,Tibagi Hirooka,2022-06-15,0.0
2904,Tibagi Hirooka,2022-06-16,0.4
2904,Tibagi Hirooka,2022-06-17,23.2
2904,Tibagi Hirooka,2022-06-18,0.2
2904,Tibagi Hirooka,2022-06-19,0.2
2904,Tibagi Hirooka,2022-06-20,1.4
2904,Tibagi Hirooka,2022-06-21,0.4
2904,Tibagi Hirooka,2022-06-22,0.0
2904,Tibagi Hirooka,2022-06-23,0.0
2904,Tibagi Hirooka,2022-06-24,0.0
2904,Tibagi Hirooka,2022-06-25,0.0
2904,Tibagi Hirooka,2022-06-26,0.0
2904,Tibagi Hirooka,2022-06-27,0.4
2904,Tibagi Hirooka,2022-06-28,0.4
2904,Tibagi Hirooka,2022-06-29,0.0
2904,Tibagi Hirooka,2022-06-30,0.4
2904,Tibagi Hirooka,2022-08-31,0.0
2904,Tibagi Hirooka,2022-09-01,0.4
2904,Tibagi Hirooka,2022-09-02,5.8
2904,Tibagi Hirooka,2022-09-03,16.2
2904,Tibagi Hirooka,2022-09-04,0.0
2904,Tibagi Hirooka,2022-09-05,5.4
2904,Tibagi Hirooka,2022-09-06,6.0
2904,Tibagi Hirooka,2022-09-07,1.4
2904,Tibagi Hirooka,2022-09-08,0.0
2904,Tibagi Hirooka,2022-09-09,1.6
2904,Tibagi Hirooka,2022-09-10,0.4
2904,Tibagi Hirooka,2022-09-11,0.0
2904,Tibagi Hirooka,2022-09-12,7.8
2904,Tibagi Hirooka,2022-09-13,16.0
2904,Tibagi Hirooka,2022-09-14,30.4
2904,Tibagi Hirooka,2022-09-15,9.4
2904,Tibagi Hirooka,2022-09-16,0.2
2904,Tibagi Hirooka,2022-09-17,0.0
2904,Tibagi Hirooka,2022-09-18,0.0
2904,Tibagi Hirooka,2022-09-19,21.6
2904,Tibagi Hirooka,2022-09-20,0.4
2904,Tibagi Hirooka,2022-09-21,46.0
2904,Tibagi Hirooka,2022-09-22,0.8
2904,Tibagi Hirooka,2022-09-23,0.0
2904,Tibagi Hirooka,2022-09-24,0.0
2904,Tibagi Hirooka,2022-09-25,12.2
2904,Tibagi Hirooka,2022-09-26,54.8
2904,Tibagi Hirooka,2022-09-27,9.2
2904,Tibagi Hirooka,2022-09-28,3.2
2904,Tibagi Hirooka,2022-09-29,0.0
2904,Tibagi Hirooka,2022-09-30,0.0
2904,Tibagi Hirooka,2022-10-01,0.2
2904,Tibagi Hirooka,2022-10-02,0.2
2904,Tibagi Hirooka,2022-10-03,3.6
2904,Tibagi Hirooka,2022-10-04,0.2
2904,Tibagi Hirooka,2022-10-05,5.2
2904,Tibagi Hirooka,2022-10-06,48.8
2904,Tibagi Hirooka,2022-10-07,1.6
2904,Tibagi Hirooka,2022-10-08,0.0
2904,Tibagi Hirooka,2022-10-09,1.0
2904,Tibagi Hirooka,2022-10-10,0.0
2904,Tibagi Hirooka,2022-10-11,1.4
2904,Tibagi Hirooka,2022-10-12,16.0
2904,Tibagi Hirooka,2022-10-13,4.0
2904,Tibagi Hirooka,2022-10-14,6.0
2904,Tibagi Hirooka,2022-10-15,6.6
2904,Tibagi Hirooka,2022-10-16,9.2
2904,Tibagi Hirooka,2022-10-17,11.2
2904,Tibagi Hirooka,2022-10-18,9.4
2904,Tibagi Hirooka,2022-10-19,0.2
2904,Tibagi Hirooka,2022-10-20,61.4
2904,Tibagi Hirooka,2022-10-21,2.2
2904,Tibagi Hirooka,2022-10-22,0.0
2904,Tibagi Hirooka,2022-10-23,0.0
2904,Tibagi Hirooka,2022-10-24,0.2
2904,Tibagi Hirooka,2022-10-25,0.2
2904,Tibagi Hirooka,2022-10-26,0.0
2904,Tibagi Hirooka,2022-10-27,0.0
2904,Tibagi Hirooka,2022-10-28,0.0
2904,Tibagi Hirooka,2022-10-29,24.2
2904,Tibagi Hirooka,2022-10-30,26.8
2904,Tibagi Hirooka,2022-10-31,48.8
2904,Tibagi Hirooka,2022-10-31,48.8
2904,Tibagi Hirooka,2022-11-01,7.8
2904,Tibagi Hirooka,2022-11-02,1.2
2904,Tibagi Hirooka,2022-11-03,0.0
2904,Tibagi Hirooka,2022-11-04,0.2
2904,Tibagi Hirooka,2022-11-05,0.0
2904,Tibagi Hirooka,2022-11-06,0.2
2904,Tibagi Hirooka,2022-11-07,0.0
2904,Tibagi Hirooka,2022-11-08,0.2
2904,Tibagi Hirooka,2022-11-09,0.0
2904,Tibagi Hirooka,2022-11-10,0.0
2904,Tibagi Hirooka,2022-11-11,22.8
2904,Tibagi Hirooka,2022-11-12,0.2
2904,Tibagi Hirooka,2022-11-13,19.4
2904,Tibagi Hirooka,2022-11-14,36.8
2904,Tibagi Hirooka,2022-11-15,0.2
2904,Tibagi Hirooka,2022-11-16,0.0
2904,Tibagi Hirooka,2022-11-17,0.0
2904,Tibagi Hirooka,2022-11-18,0.0
2904,Tibagi Hirooka,2022-11-19,0.0
2904,Tibagi Hirooka,2022-11-20,0.2
2904,Tibagi Hirooka,2022-11-21,0.2
2904,Tibagi Hirooka,2022-11-22,17.0
2904,Tibagi Hirooka,2022-11-23,22.0
2904,Tibagi Hirooka,2022-11-24,0.0
2904,Tibagi Hirooka,2022-11-25,0.4
2904,Tibagi Hirooka,2022-11-26,0.0
2904,Tibagi Hirooka,2022-11-27,0.2
2904,Tibagi Hirooka,2022-11-28,0.0
2904,Tibagi Hirooka,2022-11-29,2.8
2904,Tibagi Hirooka,2022-11-30,0.4
2904,Tibagi Hirooka,2023-08-31,0.2
2904,Tibagi Hirooka,2023-09-01,0.2
2904,Tibagi Hirooka,2023-09-02,22.6
2904,Tibagi Hirooka,2023-09-03,0.0
2904,Tibagi Hirooka,2023-09-04,7.6
2904,Tibagi Hirooka,2023-09-05,0.4
2904,Tibagi Hirooka,2023-09-06,0.0
2904,Tibagi Hirooka,2023-09-07,0.0
2904,Tibagi Hirooka,2023-09-08,5.3
2904,Tibagi Hirooka,2023-09-09,11.2
2904,Tibagi Hirooka,2023-09-10,1.2
2904,Tibagi Hirooka,2023-09-11,0.0
2904,Tibagi Hirooka,2023-09-12,0.0
2904,Tibagi Hirooka,2023-09-13,1.6
2904,Tibagi Hirooka,2023-09-14,2.1
2904,Tibagi Hirooka,2023-09-15,0.0
2904,Tibagi Hirooka,2023-09-16,0.0
2904,Tibagi Hirooka,2023-09-17,0.0
2904,Tibagi Hirooka,2023-09-18,0.0
2904,Tibagi Hirooka,2023-09-19,0.0
2904,Tibagi Hirooka,2023-09-20,0.0
2904,Tibagi Hirooka,2023-09-21,0.4
2904,Tibagi Hirooka,2023-09-22,0.0
2904,Tibagi Hirooka,2023-09-23,0.0
2904,Tibagi Hirooka,2023-09-24,0.0
2904,Tibagi Hirooka,2023-09-25,21.2
2904,Tibagi Hirooka,2023-09-26,0.4
2904,Tibagi Hirooka,2023-09-27,4.8
2904,Tibagi Hirooka,2023-09-28,0.0
2904,Tibagi Hirooka,2023-09-29,0.0
2904,Tibagi Hirooka,2023-09-30,52.4
2904,Tibagi Hirooka,2023-10-01,13.6
2904,Tibagi Hirooka,2023-10-02,0.0
2904,Tibagi Hirooka,2023-10-03,0.0
2904,Tibagi Hirooka,2023-10-04,56.8
2904,Tibagi Hirooka,2023-10-05,26.8
2904,Tibagi Hirooka,2023-10-06,0.0
2904,Tibagi Hirooka,2023-10-07,10.0
2904,Tibagi Hirooka,2023-10-08,23.2
2904,Tibagi Hirooka,2023-10-09,0.0
2904,Tibagi Hirooka,2023-10-10,0.0
2904,Tibagi Hirooka,2023-10-11,0.2
2904,Tibagi Hirooka,2023-10-12,11.2
2904,Tibagi Hirooka,2023-10-13,4.0
2904,Tibagi Hirooka,2023-10-14,0.0
2904,Tibagi Hirooka,2023-10-15,0.0
2904,Tibagi Hirooka,2023-10-16,18.4
2904,Tibagi Hirooka,2023-10-17,57.2
2904,Tibagi Hirooka,2023-10-18,0.4
2904,Tibagi Hirooka,2023-10-19,1.4
2904,Tibagi Hirooka,2023-10-20,1.0
2904,Tibagi Hirooka,2023-10-21,0.4
2904,Tibagi Hirooka,2023-10-22,0.2
2904,Tibagi Hirooka,2023-10-23,0.4
2904,Tibagi Hirooka,2023-10-24,27.2
2904,Tibagi Hirooka,2023-10-25,0.0
2904,Tibagi Hirooka,2023-10-26,0.2
2904,Tibagi Hirooka,2023-10-27,33.8
2904,Tibagi Hirooka,2023-10-28,48.4
2904,Tibagi Hirooka,2023-10-29,71.4
2904,Tibagi Hirooka,2023-10-30,41.0
2904,Tibagi Hirooka,2023-10-31,29.0
2904,Tibagi Hirooka,2023-10-31,29.0
2904,Tibagi Hirooka,2023-11-01,0.4
2904,Tibagi Hirooka,2023-11-02,0.8
2904,Tibagi Hirooka,2023-11-03,74.8
2904,Tibagi Hirooka,2023-11-04,0.0
2904,Tibagi Hirooka,2023-11-05,0.2
2904,Tibagi Hirooka,2023-11-06,0.2
2904,Tibagi Hirooka,2023-11-07,0.2
2904,Tibagi Hirooka,2023-11-08,0.0
2904,Tibagi Hirooka,2023-11-09,16.2
2904,Tibagi Hirooka,2023-11-10,0.0
2904,Tibagi Hirooka,2023-11-11,0.0
2904,Tibagi Hirooka,2023-11-12,0.0
2904,Tibagi Hirooka,2023-11-13,2.6
2904,Tibagi Hirooka,2023-11-14,20.2
2904,Tibagi Hirooka,2023-11-15,0.4
2904,Tibagi Hirooka,2023-11-16,0.0
2904,Tibagi Hirooka,2023-11-17,0.8
2904,Tibagi Hirooka,2023-11-18,0.2
2904,Tibagi Hirooka,2023-11-19,1.4
2904,Tibagi Hirooka,2023-11-20,0.0
2904,Tibagi Hirooka,2023-11-21,0.4
2904,Tibagi Hirooka,2023-11-22,20.6
2904,Tibagi Hirooka,2023-11-23,11.8
2904,Tibagi Hirooka,2023-11-24,8.0
2904,Tibagi Hirooka,2023-11-25,15.0
2904,Tibagi Hirooka,2023-11-26,1.8
2904,Tibagi Hirooka,2023-11-27,2.0
2904,Tibagi Hirooka,2023-11-28,24.8
2904,Tibagi Hirooka,2023-11-29,6.4
2904,Tibagi Hirooka,2023-11-30,0.0
2904,Tibagi Hirooka,2024-10-31,0.0
2904,Tibagi Hirooka,2024-11-01,0.0
2904,Tibagi Hirooka,2024-11-02,9.0
2904,Tibagi Hirooka,2024-11-03,19.8
2904,Tibagi Hirooka,2024-11-04,27.8
2904,Tibagi Hirooka,2024-11-05,16.2
2904,Tibagi Hirooka,2024-11-06,14.8
2904,Tibagi Hirooka,2024-11-07,40.4
2904,Tibagi Hirooka,2024-11-08,6.0
2904,Tibagi Hirooka,2024-11-09,0.0
2904,Tibagi Hirooka,2024-11-10,0.0
2904,Tibagi Hirooka,2024-11-11,0.0
2904,Tibagi Hirooka,2024-11-12,0.0
2904,Tibagi Hirooka,2024-11-13,0.0
2904,Tibagi Hirooka,2024-11-14,0.2
2904,Tibagi Hirooka,2024-11-15,0.0
2904,Tibagi Hirooka,2024-11-16,4.4
2904,Tibagi Hirooka,2024-11-17,0.2
2904,Tibagi Hirooka,2024-11-18,2.2
2904,Tibagi Hirooka,2024-11-19,1.8
2904,Tibagi Hirooka,2024-11-20,0.0
2904,Tibagi Hirooka,2024-11-21,0.2
2904,Tibagi Hirooka,2024-11-22,0.0
2904,Tibagi Hirooka,2024-11-23,0.0
2904,Tibagi Hirooka,2024-11-24,0.0
2904,Tibagi Hirooka,2024-11-25,0.2
2904,Tibagi Hirooka,2024-11-26,0.0
2904,Tibagi Hirooka,2024-11-27,0.0
2904,Tibagi Hirooka,2024-11-28,23.6
2904,Tibagi Hirooka,2024-11-29,4.2
2904,Tibagi Hirooka,2024-11-30,0.2
2904,Tibagi Hirooka,2024-12-01,0.0
2904,Tibagi Hirooka,2024-12-02,71.4
2904,Tibagi Hirooka,2024-12-03,3.4
2904,Tibagi Hirooka,2024-12-04,1.4
2904,Tibagi Hirooka,2024-12-05,0.0
2904,Tibagi Hirooka,2024-12-06,17.4
2904,Tibagi Hirooka,2024-12-07,96.4
2904,Tibagi Hirooka,2024-12-08,48.4
2904,Tibagi Hirooka,2024-12-09,83.2
2904,Tibagi Hirooka,2024-12-10,6.6
2904,Tibagi Hirooka,2024-12-11,0.2
2904,Tibagi Hirooka,2024-12-12,0.0
2904,Tibagi Hirooka,2024-12-13,1.4
2904,Tibagi Hirooka,2024-12-14,21.6
2904,Tibagi Hirooka,2024-12-15,0.0
2904,Tibagi Hirooka,2024-12-16,0.0
2904,Tibagi Hirooka,2024-12-17,0.0
2904,Tibagi Hirooka,2024-12-18,0.2
2904,Tibagi Hirooka,2024-12-19,12.8
2904,Tibagi Hirooka,2024-12-20,30.8
2904,Tibagi Hirooka,2024-12-21,5.0
2904,Tibagi Hirooka,2024-12-22,1.2
2904,Tibagi Hirooka,2024-12-23,0.0
2904,Tibagi Hirooka,2024-12-24,0.2
2904,Tibagi Hirooka,2024-12-25,0.8
2904,Tibagi Hirooka,2024-12-26,3.0
2904,Tibagi Hirooka,2024-12-27,0.4
2904,Tibagi Hirooka,2024-12-28,0.0
2904,Tibagi Hirooka,2024-12-29,14.6
2904,Tibagi Hirooka,2024-12-30,0.4
2904,Tibagi Hirooka,2024-12-31,0.2
2904,Tibagi Hirooka,2025-01-01,16.4
2904,Tibagi Hirooka,2025-01-02,9.6
2904,Tibagi Hirooka,2025-01-03,0.4
2904,Tibagi Hirooka,2025-01-04,0.0
2904,Tibagi Hirooka,2025-01-05,0.0
2904,Tibagi Hirooka,2025-01-06,0.0
2904,Tibagi Hirooka,2025-01-07,0.4
2904,Tibagi Hirooka,2025-01-08,16.4
2904,Tibagi Hirooka,2025-01-09,0.4
2904,Tibagi Hirooka,2025-01-10,0.4
2904,Tibagi Hirooka,2025-01-11,19.4
2904,Tibagi Hirooka,2025-01-12,0.0
2904,Tibagi Hirooka,2025-01-13,0.0
2904,Tibagi Hirooka,2025-01-14,0.2
2904,Tibagi Hirooka,2025-01-15,0.0
2904,Tibagi Hirooka,2025-01-16,41.0
2904,Tibagi Hirooka,2025-01-17,27.6
2904,Tibagi Hirooka,2025-01-18,12.6
2904,Tibagi Hirooka,2025-01-19,42.2
2904,Tibagi Hirooka,2025-01-20,40.0
2904,Tibagi Hirooka,2025-01-21,0.2
2904,Tibagi Hirooka,2025-01-22,15.4
2904,Tibagi Hirooka,2025-01-23,11.2
2904,Tibagi Hirooka,2025-01-24,0.2
2904,Tibagi Hirooka,2025-01-25,17.6
2904,Tibagi Hirooka,2025-01-26,0.4
2904,Tibagi Hirooka,2025-01-27,5.0
2904,Tibagi Hirooka,2025-01-28,2.2
2904,Tibagi Hirooka,2025-01-29,0.0
2904,Tibagi Hirooka,2025-01-30,1.8
2904,Tibagi Hirooka,2025-01-31,0.0
2904,Tibagi Hirooka,2025-08-31,0.4
2904,Tibagi Hirooka,2025-09-01,0.2
2904,Tibagi Hirooka,2025-09-02,0.2
2904,Tibagi Hirooka,2025-09-03,0.2
2904,Tibagi Hirooka,2025-09-04,0.2
2904,Tibagi Hirooka,2025-09-05,0.2
2904,Tibagi Hirooka,2025-09-06,0.0
2904,Tibagi Hirooka,2025-09-07,0.2
2904,Tibagi Hirooka,2025-09-08,0.0
2904,Tibagi Hirooka,2025-09-09,5.0
2904,Tibagi Hirooka,2025-09-10,0.2
2904,Tibagi Hirooka,2025-09-11,0.2
2904,Tibagi Hirooka,2025-09-12,0.0
2904,Tibagi Hirooka,2025-09-13,0.2
2904,Tibagi Hirooka,2025-09-14,0.2
2904,Tibagi Hirooka,2025-09-15,0.2
2904,Tibagi Hirooka,2025-09-16,0.0
2904,Tibagi Hirooka,2025-09-17,0.2
2904,Tibagi Hirooka,2025-09-18,0.2
2904,Tibagi Hirooka,2025-09-19,0.2
2904,Tibagi Hirooka,2025-09-20,0.2
2904,Tibagi Hirooka,2025-09-21,16.0
2904,Tibagi Hirooka,2025-09-22,61.4
2904,Tibagi Hirooka,2025-09-23,0.2
2904,Tibagi Hirooka,2025-09-24,0.2
2904,Tibagi Hirooka,2025-09-25,0.0
2904,Tibagi Hirooka,2025-09-26,0.0
2904,Tibagi Hirooka,2025-09-27,0.2
2904,Tibagi Hirooka,2025-09-28,0.2
2904,Tibagi Hirooka,2025-09-29,0.2
2904,Tibagi Hirooka,2025-09-30,0.4
2904,Tibagi Hirooka,2025-10-01,0.4
2904,Tibagi Hirooka,2025-10-02,1.6
2904,Tibagi Hirooka,2025-10-03,10.0
2904,Tibagi Hirooka,2025-10-04,0.2
2904,Tibagi Hirooka,2025-10-05,0.2
2904,Tibagi Hirooka,2025-10-06,0.0
2904,Tibagi Hirooka,2025-10-07,8.6
2904,Tibagi Hirooka,2025-10-08,13.8
2904,Tibagi Hirooka,2025-10-09,3.2
2904,Tibagi Hirooka,2025-10-10,2.6
2904,Tibagi Hirooka,2025-10-11,0.4
2904,Tibagi Hirooka,2025-10-12,7.8
2904,Tibagi Hirooka,2025-10-13,2.4
2904,Tibagi Hirooka,2025-10-14,0.8
2904,Tibagi Hirooka,2025-10-15,0.6
2904,Tibagi Hirooka,2025-10-16,0.4
2904,Tibagi Hirooka,2025-10-17,0.4
2904,Tibagi Hirooka,2025-10-18,0.4
2904,Tibagi Hirooka,2025-10-19,0.2
2904,Tibagi Hirooka,2025-10-20,0.0
2904,Tibagi Hirooka,2025-10-21,2.2
2904,Tibagi Hirooka,2025-10-22,0.0
2904,Tibagi Hirooka,2025-10-23,0.0
2904,Tibagi Hirooka,2025-10-24,0.0
2904,Tibagi Hirooka,2025-10-25,0.0
2904,Tibagi Hirooka,2025-10-26,11.4
2904,Tibagi Hirooka,2025-10-27,0.2
2904,Tibagi Hirooka,2025-10-28,9.8
2904,Tibagi Hirooka,2025-10-29,10.2
2904,Tibagi Hirooka,2025-10-30,0.0
2904,Tibagi Hirooka,2025-10-31,0.4
2904,Tibagi Hirooka,2025-10-31,0.4
2904,Tibagi Hirooka,2025-11-01,35.6
2904,Tibagi Hirooka,2025-11-02,35.0
2904,Tibagi Hirooka,2025-11-03,18.6
2904,Tibagi Hirooka,2025-11-04,0.4
2904,Tibagi Hirooka,2025-11-05,0.0
2904,Tibagi Hirooka,2025-11-06,0.0
2904,Tibagi Hirooka,2025-11-07,23.0
2904,Tibagi Hirooka,2025-11-08,1.6
2904,Tibagi Hirooka,2025-11-09,0.0
2904,Tibagi Hirooka,2025-11-10,0.0
2904,Tibagi Hirooka,2025-11-11,0.0
2904,Tibagi Hirooka,2025-11-12,4.4
2904,Tibagi Hirooka,2025-11-13,8.8
2904,Tibagi Hirooka,2025-11-14,32.6
2904,Tibagi Hirooka,2025-11-15,18.0
2904,Tibagi Hirooka,2025-11-16,0.6
2904,Tibagi Hirooka,2025-11-17,26.2
2904,Tibagi Hirooka,2025-11-18,10.8
2904,Tibagi Hirooka,2025-11-19,0.2
2904,Tibagi Hirooka,2025-11-20,0.2
2904,Tibagi Hirooka,2025-11-21,0.0
2904,Tibagi Hirooka,2025-11-22,0.0
2904,Tibagi Hirooka,2025-11-23,40.0
2904,Tibagi Hirooka,2025-11-24,1.4
2904,Tibagi Hirooka,2025-11-25,0.2
2904,Tibagi Hirooka,2025-11-26,0.0
2904,Tibagi Hirooka,2025-11-27,0.2
2904,Tibagi Hirooka,2025-11-28,0.0
2904,Tibagi Hirooka,2025-11-29,0.0
2904,Tibagi Hirooka,2025-11-30,0.0
2745,Tibagi Lagoa,2024-10-31,0.0
2745,Tibagi Lagoa,2024-11-01,0.0
2745,Tibagi Lagoa,2024-11-02,14.2
2745,Tibagi Lagoa,2024-11-03,14.0
2745,Tibagi Lagoa,2024-11-04,17.6
2745,Tibagi Lagoa,2024-11-05,21.6
2745,Tibagi Lagoa,2024-11-06,25.2
2745,Tibagi Lagoa,2024-11-07,25.6
2745,Tibagi Lagoa,2024-11-08,4.4
2745,Tibagi Lagoa,2024-11-09,0.0
2745,Tibagi Lagoa,2024-11-10,0.0
2745,Tibagi Lagoa,2024-11-11,0.0
2745,Tibagi Lagoa,2024-11-12,0.2
2745,Tibagi Lagoa,2024-11-13,0.0
2745,Tibagi Lagoa,2024-11-14,0.0
2745,Tibagi Lagoa,2024-11-15,3.0
2745,Tibagi Lagoa,2024-11-16,0.0
2745,Tibagi Lagoa,2024-11-17,4.4
2745,Tibagi Lagoa,2024-11-18,0.0
2745,Tibagi Lagoa,2024-11-19,0.0
2745,Tibagi Lagoa,2024-11-20,0.0
2745,Tibagi Lagoa,2024-11-21,4.0
2745,Tibagi Lagoa,2024-11-22,0.0
2745,Tibagi Lagoa,2024-11-23,0.0
2745,Tibagi Lagoa,2024-11-24,0.0
2745,Tibagi Lagoa,2024-11-25,0.0
2745,Tibagi Lagoa,2024-11-26,0.0
2745,Tibagi Lagoa,2024-11-27,0.0
2745,Tibagi Lagoa,2024-11-28,20.6
2745,Tibagi Lagoa,2024-11-29,0.4
2745,Tibagi Lagoa,2024-11-30,0.0
2745,Tibagi Lagoa,2024-12-01,0.0
2745,Tibagi Lagoa,2024-12-02,12.4
2745,Tibagi Lagoa,2024-12-03,1.0
2745,Tibagi Lagoa,2024-12-04,0.2
2745,Tibagi Lagoa,2024-12-05,0.0
2745,Tibagi Lagoa,2024-12-06,3.0
2745,Tibagi Lagoa,2024-12-07,116.0
2745,Tibagi Lagoa,2024-12-08,40.4
2745,Tibagi Lagoa,2024-12-09,63.8
2745,Tibagi Lagoa,2024-12-10,13.2
2745,Tibagi Lagoa,2024-12-11,0.0
2745,Tibagi Lagoa,2024-12-12,0.0
2745,Tibagi Lagoa,2024-12-13,0.6
2745,Tibagi Lagoa,2024-12-14,14.4
2745,Tibagi Lagoa,2024-12-15,0.0
2745,Tibagi Lagoa,2024-12-16,0.0
2745,Tibagi Lagoa,2024-12-17,0.0
2745,Tibagi Lagoa,2024-12-18,0.0
2745,Tibagi Lagoa,2024-12-19,9.0
2745,Tibagi Lagoa,2024-12-20,28.4
2745,Tibagi Lagoa,2024-12-21,6.2
2745,Tibagi Lagoa,2024-12-22,0.0
2745,Tibagi Lagoa,2024-12-23,0.0
2745,Tibagi Lagoa,2024-12-24,0.0
2745,Tibagi Lagoa,2024-12-25,0.0
2745,Tibagi Lagoa,2024-12-26,0.6
2745,Tibagi Lagoa,2024-12-27,0.0
2745,Tibagi Lagoa,2024-12-28,0.0
2745,Tibagi Lagoa,2024-12-29,4.8
2745,Tibagi Lagoa,2024-12-30,0.8
2745,Tibagi Lagoa,2024-12-31,0.8
2745,Tibagi Lagoa,2025-01-01,2.0
2745,Tibagi Lagoa,2025-01-02,9.0
2745,Tibagi Lagoa,2025-01-03,0.2
2745,Tibagi Lagoa,2025-01-04,0.0
2745,Tibagi Lagoa,2025-01-05,0.0
2745,Tibagi Lagoa,2025-01-06,0.0
2745,Tibagi Lagoa,2025-01-07,0.0
2745,Tibagi Lagoa,2025-01-08,11.8
2745,Tibagi Lagoa,2025-01-09,0.0
2745,Tibagi Lagoa,2025-01-10,0.0
2745,Tibagi Lagoa,2025-01-11,15.4
2745,Tibagi Lagoa,2025-01-12,0.2
2745,Tibagi Lagoa,2025-01-13,0.0
2745,Tibagi Lagoa,2025-01-14,0.0
2745,Tibagi Lagoa,2025-01-15,0.0
2745,Tibagi Lagoa,2025-01-16,0.8
2745,Tibagi Lagoa,2025-01-17,19.2
2745,Tibagi Lagoa,2025-01-18,0.6
2745,Tibagi Lagoa,2025-01-19,52.2
2745,Tibagi Lagoa,2025-01-20,26.4
2745,Tibagi Lagoa,2025-01-21,0.0
2745,Tibagi Lagoa,2025-01-22,10.8
2745,Tibagi Lagoa,2025-01-23,0.2
2745,Tibagi Lagoa,2025-01-24,9.0
2745,Tibagi Lagoa,2025-01-25,2.2
2745,Tibagi Lagoa,2025-01-26,0.2
2745,Tibagi Lagoa,2025-01-27,1.6
2745,Tibagi Lagoa,2025-01-28,22.0
2745,Tibagi Lagoa,2025-01-29,0.0
2745,Tibagi Lagoa,2025-01-30,1.0
2745,Tibagi Lagoa,2025-01-31,1.4
2745,Tibagi Lagoa,2025-08-31,0.0
2745,Tibagi Lagoa,2025-09-01,0.0
2745,Tibagi Lagoa,2025-09-02,0.0
2745,Tibagi Lagoa,2025-09-03,0.0
2745,Tibagi Lagoa,2025-09-04,0.0
2745,Tibagi Lagoa,2025-09-05,1.8
2745,Tibagi Lagoa,2025-09-06,0.2
2745,Tibagi Lagoa,2025-09-07,0.0
2745,Tibagi Lagoa,2025-09-08,0.0
2745,Tibagi Lagoa,2025-09-09,5.2
2745,Tibagi Lagoa,2025-09-10,0.0
2745,Tibagi Lagoa,2025-09-11,0.0
2745,Tibagi Lagoa,2025-09-12,0.0
2745,Tibagi Lagoa,2025-09-13,0.0
2745,Tibagi Lagoa,2025-09-14,0.0
2745,Tibagi Lagoa,2025-09-15,0.0
2745,Tibagi Lagoa,2025-09-16,4.0
2745,Tibagi Lagoa,2025-09-17,0.0
2745,Tibagi Lagoa,2025-09-18,0.0
2745,Tibagi Lagoa,2025-09-19,0.0
2745,Tibagi Lagoa,2025-09-20,0.0
2745,Tibagi Lagoa,2025-09-21,15.6
2745,Tibagi Lagoa,2025-09-22,43.4
2745,Tibagi Lagoa,2025-09-23,0.0
2745,Tibagi Lagoa,2025-09-24,0.0
2745,Tibagi Lagoa,2025-09-25,0.0
2745,Tibagi Lagoa,2025-09-26,0.0
2745,Tibagi Lagoa,2025-09-27,0.0
2745,Tibagi Lagoa,2025-09-28,0.0
2745,Tibagi Lagoa,2025-09-29,0.0
2745,Tibagi Lagoa,2025-09-30,0.4
2745,Tibagi Lagoa,2025-10-01,0.2
2745,Tibagi Lagoa,2025-10-02,0.2
2745,Tibagi Lagoa,2025-10-03,12.4
2745,Tibagi Lagoa,2025-10-04,0.0
2745,Tibagi Lagoa,2025-10-05,0.0
2745,Tibagi Lagoa,2025-10-06,0.0
2745,Tibagi Lagoa,2025-10-07,10.8
2745,Tibagi Lagoa,2025-10-08,29.8
2745,Tibagi Lagoa,2025-10-09,0.0
2745,Tibagi Lagoa,2025-10-10,0.0
2745,Tibagi Lagoa,2025-10-11,0.0
2745,Tibagi Lagoa,2025-10-12,54.0
2745,Tibagi Lagoa,2025-10-13,3.6
2745,Tibagi Lagoa,2025-10-14,0.4
2745,Tibagi Lagoa,2025-10-15,0.0
2745,Tibagi Lagoa,2025-10-16,1.4
2745,Tibagi Lagoa,2025-10-17,15.0
2745,Tibagi Lagoa,2025-10-18,20.4
2745,Tibagi Lagoa,2025-10-19,0.0
2745,Tibagi Lagoa,2025-10-20,0.0
2745,Tibagi Lagoa,2025-10-21,0.2
2745,Tibagi Lagoa,2025-10-22,0.2
2745,Tibagi Lagoa,2025-10-23,0.0
2745,Tibagi Lagoa,2025-10-24,0.0
2745,Tibagi Lagoa,2025-10-25,0.0
2745,Tibagi Lagoa,2025-10-26,1.8
2745,Tibagi Lagoa,2025-10-27,0.8
2745,Tibagi Lagoa,2025-10-28,14.4
2745,Tibagi Lagoa,2025-10-29,4.4
2745,Tibagi Lagoa,2025-10-30,0.0
2745,Tibagi Lagoa,2025-10-31,0.2
2745,Tibagi Lagoa,2025-10-31,0.2
2745,Tibagi Lagoa,2025-11-01,23.0
2745,Tibagi Lagoa,2025-11-02,41.2
2745,Tibagi Lagoa,2025-11-03,15.0
2745,Tibagi Lagoa,2025-11-04,0.6
2745,Tibagi Lagoa,2025-11-05,0.0
2745,Tibagi Lagoa,2025-11-06,0.2
2745,Tibagi Lagoa,2025-11-07,20.0
2745,Tibagi Lagoa,2025-11-08,2.8
2745,Tibagi Lagoa,2025-11-09,0.0
2745,Tibagi Lagoa,2025-11-10,0.0
2745,Tibagi Lagoa,2025-11-11,0.0
2745,Tibagi Lagoa,2025-11-12,18.8
2745,Tibagi Lagoa,2025-11-13,12.6
2745,Tibagi Lagoa,2025-11-14,0.0
2745,Tibagi Lagoa,2025-11-15,0.0
2745,Tibagi Lagoa,2025-11-16,0.2
2745,Tibagi Lagoa,2025-11-17,25.2
2745,Tibagi Lagoa,2025-11-18,11.8
2745,Tibagi Lagoa,2025-11-19,0.2
2745,Tibagi Lagoa,2025-11-20,0.0
2745,Tibagi Lagoa,2025-11-21,0.0
2745,Tibagi Lagoa,2025-11-22,0.0
2745,Tibagi Lagoa,2025-11-23,55.0
2745,Tibagi Lagoa,2025-11-24,2.0
2745,Tibagi Lagoa,2025-11-25,0.2
2745,Tibagi Lagoa,2025-11-26,0.0
2745,Tibagi Lagoa,2025-11-27,0.0
2745,Tibagi Lagoa,2025-11-28,0.0
2745,Tibagi Lagoa,2025-11-29,0.0
2745,Tibagi Lagoa,2025-11-30,0.0
2305,Tibagi Lavras,2019-06-25,0.0
2305,Tibagi Lavras,2019-06-26,8.0
2305,Tibagi Lavras,2019-06-27,0.0
2305,Tibagi Lavras,2019-06-28,0.2
2305,Tibagi Lavras,2019-06-29,0.0
2305,Tibagi Lavras,2019-06-30,0.4
2305,Tibagi Lavras,2020-12-01,0.4
2305,Tibagi Lavras,2020-12-02,0.0
2305,Tibagi Lavras,2020-12-03,20.4
2305,Tibagi Lavras,2020-12-04,2.0
2305,Tibagi Lavras,2020-12-05,17.6
2305,Tibagi Lavras,2020-12-06,0.4
2305,Tibagi Lavras,2020-12-07,0.0
2305,Tibagi Lavras,2020-12-08,0.4
2305,Tibagi Lavras,2020-12-09,0.0
2305,Tibagi Lavras,2020-12-10,0.0
2305,Tibagi Lavras,2020-12-11,0.0
2305,Tibagi Lavras,2020-12-12,0.0
2305,Tibagi Lavras,2020-12-13,15.2
2305,Tibagi Lavras,2020-12-14,13.2
2305,Tibagi Lavras,2020-12-15,1.8
2305,Tibagi Lavras,2020-12-16,17.4
2305,Tibagi Lavras,2020-12-17,23.0
2305,Tibagi Lavras,2020-12-18,0.4
2305,Tibagi Lavras,2020-12-19,7.8
2305,Tibagi Lavras,2020-12-20,7.8
2305,Tibagi Lavras,2020-12-21,0.8
2305,Tibagi Lavras,2020-12-22,3.8
2305,Tibagi Lavras,2020-12-23,0.0
2305,Tibagi Lavras,2020-12-24,0.0
2305,Tibagi Lavras,2020-12-25,0.0
2305,Tibagi Lavras,2020-12-26,0.0
2305,Tibagi Lavras,2020-12-27,0.0
2305,Tibagi Lavras,2020-12-28,18.4
2305,Tibagi Lavras,2020-12-29,44.4
2305,Tibagi Lavras,2020-12-30,0.4
2305,Tibagi Lavras,2020-12-31,16.4
2305,Tibagi Lavras,2021-01-01,19.6
2305,Tibagi Lavras,2021-01-02,0.0
2305,Tibagi Lavras,2021-01-03,3.6
2305,Tibagi Lavras,2021-01-04,0.0
2305,Tibagi Lavras,2021-01-05,17.4
2305,Tibagi Lavras,2021-01-06,3.07
2305,Tibagi Lavras,2021-01-07,0.0
2305,Tibagi Lavras,2021-01-08,27.0
2305,Tibagi Lavras,2021-01-09,1.6
2305,Tibagi Lavras,2021-01-10,0.0
2305,Tibagi Lavras,2021-01-11,0.0
2305,Tibagi Lavras,2021-01-12,34.2
2305,Tibagi Lavras,2021-01-13,0.0
2305,Tibagi Lavras,2021-01-14,0.0
2305,Tibagi Lavras,2021-01-15,0.0
2305,Tibagi Lavras,2021-01-16,3.8
2305,Tibagi Lavras,2021-01-17,50.6
2305,Tibagi Lavras,2021-01-18,53.4
2305,Tibagi Lavras,2021-01-19,65.2
2305,Tibagi Lavras,2021-01-20,6.0
2305,Tibagi Lavras,2021-01-21,5.6
2305,Tibagi Lavras,2021-01-22,4.4
2305,Tibagi Lavras,2021-01-23,3.4
2305,Tibagi Lavras,2021-01-24,1.0
2305,Tibagi Lavras,2021-01-25,79.6
2305,Tibagi Lavras,2021-01-26,1.2
2305,Tibagi Lavras,2021-01-27,3.6
2305,Tibagi Lavras,2021-01-28,8.4
2305,Tibagi Lavras,2021-01-29,5.0
2305,Tibagi Lavras,2021-01-30,27.2
2305,Tibagi Lavras,2021-01-31,10.0
2305,Tibagi Lavras,2022-05-01,0.2
2305,Tibagi Lavras,2022-05-02,2.0
2305,Tibagi Lavras,2022-05-03,19.0
2305,Tibagi Lavras,2022-05-04,0.6
2305,Tibagi Lavras,2022-05-05,0.0
2305,Tibagi Lavras,2022-05-06,0.2
2305,Tibagi Lavras,2022-05-07,0.4
2305,Tibagi Lavras,2022-05-08,0.2
2305,Tibagi Lavras,2022-05-09,0.4
2305,Tibagi Lavras,2022-05-10,10.2
2305,Tibagi Lavras,2022-05-11,1.0
2305,Tibagi Lavras,2022-05-12,0.4
2305,Tibagi Lavras,2022-05-13,0.6
2305,Tibagi Lavras,2022-05-14,1.0
2305,Tibagi Lavras,2022-05-15,0.6
2305,Tibagi Lavras,2022-05-16,0.2
2305,Tibagi Lavras,2022-05-17,0.2
2305,Tibagi Lavras,2022-05-18,0.0
2305,Tibagi Lavras,2022-05-19,0.2
2305,Tibagi Lavras,2022-05-20,0.4
2305,Tibagi Lavras,2022-05-21,0.4
2305,Tibagi Lavras,2022-05-22,0.2
2305,Tibagi Lavras,2022-05-23,0.2
2305,Tibagi Lavras,2022-05-24,0.2
2305,Tibagi Lavras,2022-05-25,0.2
2305,Tibagi Lavras,2022-05-26,0.0
2305,Tibagi Lavras,2022-05-27,0.0
2305,Tibagi Lavras,2022-05-28,0.2
2305,Tibagi Lavras,2022-05-29,22.0
2305,Tibagi Lavras,2022-05-30,58.8
2305,Tibagi Lavras,2022-05-31,26.8
2305,Tibagi Lavras,2022-05-31,26.8
2305,Tibagi Lavras,2022-06-01,12.6
2305,Tibagi Lavras,2022-06-02,3.8
2305,Tibagi Lavras,2022-06-03,0.0
2305,Tibagi Lavras,2022-06-04,0.2
2305,Tibagi Lavras,2022-06-05,0.2
2305,Tibagi Lavras,2022-06-06,0.4
2305,Tibagi Lavras,2022-06-07,21.0
2305,Tibagi Lavras,2022-06-08,0.0
2305,Tibagi Lavras,2022-06-09,61.8
2305,Tibagi Lavras,2022-06-10,0.2
2305,Tibagi Lavras,2022-06-11,0.2
2305,Tibagi Lavras,2022-06-12,0.4
2305,Tibagi Lavras,2022-06-13,0.2
2305,Tibagi Lavras,2022-06-14,0.4
2305,Tibagi Lavras,2022-06-15,0.2
2305,Tibagi Lavras,2022-06-16,0.4
2305,Tibagi Lavras,2022-06-17,24.2
2305,Tibagi Lavras,2022-06-18,0.2
2305,Tibagi Lavras,2022-06-19,0.2
2305,Tibagi Lavras,2022-06-20,0.6
2305,Tibagi Lavras,2022-06-21,0.4
2305,Tibagi Lavras,2022-06-22,0.4
2305,Tibagi Lavras,2022-06-23,0.4
2305,Tibagi Lavras,2022-06-24,0.2
2305,Tibagi Lavras,2022-06-25,0.4
2305,Tibagi Lavras,2022-06-26,0.0
2305,Tibagi Lavras,2022-06-27,0.2
2305,Tibagi Lavras,2022-06-28,0.6
2305,Tibagi Lavras,2022-06-29,0.2
2305,Tibagi Lavras,2022-06-30,0.6
2305,Tibagi Lavras,2022-08-31,0.2
2305,Tibagi Lavras,2022-09-01,0.2
2305,Tibagi Lavras,2022-09-02,0.6
2305,Tibagi Lavras,2022-09-03,11.2
2305,Tibagi Lavras,2022-09-04,0.0
2305,Tibagi Lavras,2022-09-05,3.0
2305,Tibagi Lavras,2022-09-06,9.8
2305,Tibagi Lavras,2022-09-07,3.0
2305,Tibagi Lavras,2022-09-08,0.2
2305,Tibagi Lavras,2022-09-09,0.0
2305,Tibagi Lavras,2022-09-10,0.0
2305,Tibagi Lavras,2022-09-11,0.0
2305,Tibagi Lavras,2022-09-12,3.4
2305,Tibagi Lavras,2022-09-13,18.4
2305,Tibagi Lavras,2022-09-14,34.6
2305,Tibagi Lavras,2022-09-15,4.8
2305,Tibagi Lavras,2022-09-16,0.0
2305,Tibagi Lavras,2022-09-17,0.0
2305,Tibagi Lavras,2022-09-18,0.0
2305,Tibagi Lavras,2022-09-19,15.4
2305,Tibagi Lavras,2022-09-20,0.2
2305,Tibagi Lavras,2022-09-21,54.8
2305,Tibagi Lavras,2022-09-22,1.6
2305,Tibagi Lavras,2022-09-23,0.2
2305,Tibagi Lavras,2022-09-24,0.0
2305,Tibagi Lavras,2022-09-25,8.0
2305,Tibagi Lavras,2022-09-26,41.4
2305,Tibagi Lavras,2022-09-27,18.4
2305,Tibagi Lavras,2022-09-28,2.0
2305,Tibagi Lavras,2022-09-29,0.0
2305,Tibagi Lavras,2022-09-30,0.8
2305,Tibagi Lavras,2022-10-01,0.0
2305,Tibagi Lavras,2022-10-02,0.4
2305,Tibagi Lavras,2022-10-03,3.4
2305,Tibagi Lavras,2022-10-04,0.0
2305,Tibagi Lavras,2022-10-05,4.4
2305,Tibagi Lavras,2022-10-06,59.0
2305,Tibagi Lavras,2022-10-07,2.6
2305,Tibagi Lavras,2022-10-08,0.4
2305,Tibagi Lavras,2022-10-09,10.4
2305,Tibagi Lavras,2022-10-10,0.0
2305,Tibagi Lavras,2022-10-11,11.0
2305,Tibagi Lavras,2022-10-12,11.6
2305,Tibagi Lavras,2022-10-13,5.4
2305,Tibagi Lavras,2022-10-14,2.4
2305,Tibagi Lavras,2022-10-15,6.0
2305,Tibagi Lavras,2022-10-16,7.4
2305,Tibagi Lavras,2022-10-17,0.2
2305,Tibagi Lavras,2022-10-18,12.2
2305,Tibagi Lavras,2022-10-19,0.0
2305,Tibagi Lavras,2022-10-20,56.2
2305,Tibagi Lavras,2022-10-21,8.4
2305,Tibagi Lavras,2022-10-22,0.4
2305,Tibagi Lavras,2022-10-23,0.0
2305,Tibagi Lavras,2022-10-24,0.2
2305,Tibagi Lavras,2022-10-25,0.0
2305,Tibagi Lavras,2022-10-26,0.0
2305,Tibagi Lavras,2022-10-27,0.0
2305,Tibagi Lavras,2022-10-28,0.0
2305,Tibagi Lavras,2022-10-29,24.6
2305,Tibagi Lavras,2022-10-30,35.8
2305,Tibagi Lavras,2022-10-31,70.2
2305,Tibagi Lavras,2022-10-31,70.2
2305,Tibagi Lavras,2022-11-01,12.4
2305,Tibagi Lavras,2022-11-02,0.0
2305,Tibagi Lavras,2022-11-03,0.0
2305,Tibagi Lavras,2022-11-04,0.0
2305,Tibagi Lavras,2022-11-05,0.0
2305,Tibagi Lavras,2022-11-06,0.0
2305,Tibagi Lavras,2022-11-07,0.0
2305,Tibagi Lavras,2022-11-08,0.0
2305,Tibagi Lavras,2022-11-09,0.0
2305,Tibagi Lavras,2022-11-10,0.0
2305,Tibagi Lavras,2022-11-11,17.8
2305,Tibagi Lavras,2022-11-12,0.0
2305,Tibagi Lavras,2022-11-13,25.0
2305,Tibagi Lavras,2022-11-14,7.0
2305,Tibagi Lavras,2022-11-15,0.4
2305,Tibagi Lavras,2022-11-16,0.0
2305,Tibagi Lavras,2022-11-17,0.0
2305,Tibagi Lavras,2022-11-18,0.0
2305,Tibagi Lavras,2022-11-19,0.0
2305,Tibagi Lavras,2022-11-20,0.0
2305,Tibagi Lavras,2022-11-21,0.0
2305,Tibagi Lavras,2022-11-22,13.0
2305,Tibagi Lavras,2022-11-23,0.2
2305,Tibagi Lavras,2022-11-24,0.0
2305,Tibagi Lavras,2022-11-25,0.0
2305,Tibagi Lavras,2022-11-26,1.4
2305,Tibagi Lavras,2022-11-27,0.0
2305,Tibagi Lavras,2022-11-28,0.0
2305,Tibagi Lavras,2022-11-29,31.0
2305,Tibagi Lavras,2022-11-30,7.4
2305,Tibagi Lavras,2023-08-31,0.2
2305,Tibagi Lavras,2023-09-01,0.0
2305,Tibagi Lavras,2023-09-02,68.8
2305,Tibagi Lavras,2023-09-03,11.0
2305,Tibagi Lavras,2023-09-04,14.6
2305,Tibagi Lavras,2023-09-05,0.4
2305,Tibagi Lavras,2023-09-06,0.0
2305,Tibagi Lavras,2023-09-07,0.0
2305,Tibagi Lavras,2023-09-08,0.8
2305,Tibagi Lavras,2023-09-09,8.2
2305,Tibagi Lavras,2023-09-10,0.2
2305,Tibagi Lavras,2023-09-11,0.4
2305,Tibagi Lavras,2023-09-12,0.2
2305,Tibagi Lavras,2023-09-13,3.6
2305,Tibagi Lavras,2023-09-14,0.0
2305,Tibagi Lavras,2023-09-15,0.4
2305,Tibagi Lavras,2023-09-16,0.2
2305,Tibagi Lavras,2023-09-17,0.0
2305,Tibagi Lavras,2023-09-18,1.4
2305,Tibagi Lavras,2023-09-19,43.4
2305,Tibagi Lavras,2023-09-20,0.6
2305,Tibagi Lavras,2023-09-21,0.0
2305,Tibagi Lavras,2023-09-22,0.0
2305,Tibagi Lavras,2023-09-23,0.0
2305,Tibagi Lavras,2023-09-24,0.0
2305,Tibagi Lavras,2023-09-25,24.6
2305,Tibagi Lavras,2023-09-26,0.0
2305,Tibagi Lavras,2023-09-27,0.2
2305,Tibagi Lavras,2023-09-28,0.0
2305,Tibagi Lavras,2023-09-29,6.4
2305,Tibagi Lavras,2023-09-30,23.4
2305,Tibagi Lavras,2023-10-01,0.0
2305,Tibagi Lavras,2023-10-02,0.0
2305,Tibagi Lavras,2023-10-03,0.0
2305,Tibagi Lavras,2023-10-04,32.2
2305,Tibagi Lavras,2023-10-05,6.8
2305,Tibagi Lavras,2023-10-06,0.0
2305,Tibagi Lavras,2023-10-07,39.6
2305,Tibagi Lavras,2023-10-08,72.6
2305,Tibagi Lavras,2023-10-09,0.2
2305,Tibagi Lavras,2023-10-10,0.2
2305,Tibagi Lavras,2023-10-11,0.2
2305,Tibagi Lavras,2023-10-12,18.4
2305,Tibagi Lavras,2023-10-13,4.6
2305,Tibagi Lavras,2023-10-14,0.0
2305,Tibagi Lavras,2023-10-15,0.0
2305,Tibagi Lavras,2023-10-16,1.2
2305,Tibagi Lavras,2023-10-17,55.6
2305,Tibagi Lavras,2023-10-18,0.4
2305,Tibagi Lavras,2023-10-19,2.6
2305,Tibagi Lavras,2023-10-20,1.2
2305,Tibagi Lavras,2023-10-21,0.2
2305,Tibagi Lavras,2023-10-22,0.2
2305,Tibagi Lavras,2023-10-23,0.2
2305,Tibagi Lavras,2023-10-24,6.0
2305,Tibagi Lavras,2023-10-25,0.0
2305,Tibagi Lavras,2023-10-26,1.4
2305,Tibagi Lavras,2023-10-27,47.6
2305,Tibagi Lavras,2023-10-28,77.6
2305,Tibagi Lavras,2023-10-29,86.2
2305,Tibagi Lavras,2023-10-30,24.8
2305,Tibagi Lavras,2023-10-31,30.4
2305,Tibagi Lavras,2023-10-31,30.4
2305,Tibagi Lavras,2023-11-01,46.8
2305,Tibagi Lavras,2023-11-02,0.0
2305,Tibagi Lavras,2023-11-03,77.4
2305,Tibagi Lavras,2023-11-04,0.0
2305,Tibagi Lavras,2023-11-05,0.2
2305,Tibagi Lavras,2023-11-06,0.0
2305,Tibagi Lavras,2023-11-07,0.0
2305,Tibagi Lavras,2023-11-08,0.0
2305,Tibagi Lavras,2023-11-09,0.8
2305,Tibagi Lavras,2023-11-10,0.0
2305,Tibagi Lavras,2023-11-11,0.0
2305,Tibagi Lavras,2023-11-12,0.0
2305,Tibagi Lavras,2023-11-13,2.6
2305,Tibagi Lavras,2023-11-14,6.0
2305,Tibagi Lavras,2023-11-15,0.0
2305,Tibagi Lavras,2023-11-16,0.0
2305,Tibagi Lavras,2023-11-17,0.0
2305,Tibagi Lavras,2023-11-18,2.8
2305,Tibagi Lavras,2023-11-19,5.6
2305,Tibagi Lavras,2023-11-20,0.0
2305,Tibagi Lavras,2023-11-21,0.0
2305,Tibagi Lavras,2023-11-22,35.6
2305,Tibagi Lavras,2023-11-23,13.2
2305,Tibagi Lavras,2023-11-24,9.2
2305,Tibagi Lavras,2023-11-25,26.6
2305,Tibagi Lavras,2023-11-26,0.2
2305,Tibagi Lavras,2023-11-27,2.2
2305,Tibagi Lavras,2023-11-28,39.4
2305,Tibagi Lavras,2023-11-29,5.4
2305,Tibagi Lavras,2023-11-30,0.2
2305,Tibagi Lavras,2024-10-31,0.0
2305,Tibagi Lavras,2024-11-01,0.0
2305,Tibagi Lavras,2024-11-02,11.4
2305,Tibagi Lavras,2024-11-03,18.2
2305,Tibagi Lavras,2024-11-04,53.0
2305,Tibagi Lavras,2024-11-05,0.0
2305,Tibagi Lavras,2024-11-06,0.4
2305,Tibagi Lavras,2024-11-07,53.6
2305,Tibagi Lavras,2024-11-08,5.4
2305,Tibagi Lavras,2024-11-09,0.0
2305,Tibagi Lavras,2024-11-10,0.0
2305,Tibagi Lavras,2024-11-11,0.0
2305,Tibagi Lavras,2024-11-12,2.2
2305,Tibagi Lavras,2024-11-13,0.0
2305,Tibagi Lavras,2024-11-14,0.0
2305,Tibagi Lavras,2024-11-15,0.0
2305,Tibagi Lavras,2024-11-16,0.4
2305,Tibagi Lavras,2024-11-17,0.2
2305,Tibagi Lavras,2024-11-18,4.2
2305,Tibagi Lavras,2024-11-19,1.4
2305,Tibagi Lavras,2024-11-20,0.0
2305,Tibagi Lavras,2024-11-21,6.8
2305,Tibagi Lavras,2024-11-22,0.0
2305,Tibagi Lavras,2024-11-23,0.0
2305,Tibagi Lavras,2024-11-24,0.0
2305,Tibagi Lavras,2024-11-25,0.0
2305,Tibagi Lavras,2024-11-26,0.0
2305,Tibagi Lavras,2024-11-27,0.0
2305,Tibagi Lavras,2024-11-28,36.2
2305,Tibagi Lavras,2024-11-29,1.2
2305,Tibagi Lavras,2024-11-30,0.0
2305,Tibagi Lavras,2024-12-01,0.0
2305,Tibagi Lavras,2024-12-02,40.6
2305,Tibagi Lavras,2024-12-03,7.2
2305,Tibagi Lavras,2024-12-04,2.0
2305,Tibagi Lavras,2024-12-05,0.0
2305,Tibagi Lavras,2024-12-06,1.6
2305,Tibagi Lavras,2024-12-07,133.8
2305,Tibagi Lavras,2024-12-08,51.0
2305,Tibagi Lavras,2024-12-09,66.4
2305,Tibagi Lavras,2024-12-10,11.8
2305,Tibagi Lavras,2024-12-11,0.0
2305,Tibagi Lavras,2024-12-12,0.0
2305,Tibagi Lavras,2024-12-13,1.2
2305,Tibagi Lavras,2024-12-14,20.8
2305,Tibagi Lavras,2024-12-15,0.2
2305,Tibagi Lavras,2024-12-16,0.2
2305,Tibagi Lavras,2024-12-17,0.2
2305,Tibagi Lavras,2024-12-18,0.0
2305,Tibagi Lavras,2024-12-19,4.8
2305,Tibagi Lavras,2024-12-20,75.2
2305,Tibagi Lavras,2024-12-21,2.6
2305,Tibagi Lavras,2024-12-22,0.2
2305,Tibagi Lavras,2024-12-23,0.0
2305,Tibagi Lavras,2024-12-24,0.0
2305,Tibagi Lavras,2024-12-25,0.6
2305,Tibagi Lavras,2024-12-26,0.8
2305,Tibagi Lavras,2024-12-27,0.0
2305,Tibagi Lavras,2024-12-28,0.0
2305,Tibagi Lavras,2024-12-29,18.8
2305,Tibagi Lavras,2024-12-30,0.2
2305,Tibagi Lavras,2024-12-31,0.0
2305,Tibagi Lavras,2025-01-01,17.4
2305,Tibagi Lavras,2025-01-02,46.2
2305,Tibagi Lavras,2025-01-03,0.4
2305,Tibagi Lavras,2025-01-04,0.0
2305,Tibagi Lavras,2025-01-05,0.2
2305,Tibagi Lavras,2025-01-06,0.2
2305,Tibagi Lavras,2025-01-07,0.0
2305,Tibagi Lavras,2025-01-08,22.6
2305,Tibagi Lavras,2025-01-09,0.4
2305,Tibagi Lavras,2025-01-10,0.6
2305,Tibagi Lavras,2025-01-11,9.4
2305,Tibagi Lavras,2025-01-12,0.0
2305,Tibagi Lavras,2025-01-13,0.0
2305,Tibagi Lavras,2025-01-14,0.0
2305,Tibagi Lavras,2025-01-15,0.0
2305,Tibagi Lavras,2025-01-16,0.0
2305,Tibagi Lavras,2025-01-17,58.4
2305,Tibagi Lavras,2025-01-18,38.8
2305,Tibagi Lavras,2025-01-19,21.4
2305,Tibagi Lavras,2025-01-20,7.2
2305,Tibagi Lavras,2025-01-21,0.4
2305,Tibagi Lavras,2025-01-22,7.8
2305,Tibagi Lavras,2025-01-23,0.0
2305,Tibagi Lavras,2025-01-24,0.0
2305,Tibagi Lavras,2025-01-25,0.0
2305,Tibagi Lavras,2025-01-26,0.0
2305,Tibagi Lavras,2025-01-27,0.0
2305,Tibagi Lavras,2025-01-28,0.0
2305,Tibagi Lavras,2025-01-29,0.0
2305,Tibagi Lavras,2025-01-30,0.0
2305,Tibagi Lavras,2025-01-31,0.0
2305,Tibagi Lavras,2025-08-31,0.2
2305,Tibagi Lavras,2025-09-01,0.0
2305,Tibagi Lavras,2025-09-02,0.0
2305,Tibagi Lavras,2025-09-03,0.2
2305,Tibagi Lavras,2025-09-04,0.0
2305,Tibagi Lavras,2025-09-05,0.0
2305,Tibagi Lavras,2025-09-06,1.6
2305,Tibagi Lavras,2025-09-07,0.0
2305,Tibagi Lavras,2025-09-08,0.0
2305,Tibagi Lavras,2025-09-09,5.2
2305,Tibagi Lavras,2025-09-10,0.2
2305,Tibagi Lavras,2025-09-11,0.2
2305,Tibagi Lavras,2025-09-12,0.0
2305,Tibagi Lavras,2025-09-13,0.0
2305,Tibagi Lavras,2025-09-14,0.0
2305,Tibagi Lavras,2025-09-15,0.0
2305,Tibagi Lavras,2025-09-16,0.0
2305,Tibagi Lavras,2025-09-17,0.2
2305,Tibagi Lavras,2025-09-18,0.0
2305,Tibagi Lavras,2025-09-19,0.0
2305,Tibagi Lavras,2025-09-20,0.0
2305,Tibagi Lavras,2025-09-21,43.4
2305,Tibagi Lavras,2025-09-22,45.0
2305,Tibagi Lavras,2025-09-23,0.2
2305,Tibagi Lavras,2025-09-24,0.2
2305,Tibagi Lavras,2025-09-25,0.0
2305,Tibagi Lavras,2025-09-26,0.0
2305,Tibagi Lavras,2025-09-27,0.0
2305,Tibagi Lavras,2025-09-28,0.0
2305,Tibagi Lavras,2025-09-29,0.0
2305,Tibagi Lavras,2025-09-30,1.2
2305,Tibagi Lavras,2025-10-01,0.4
2305,Tibagi Lavras,2025-10-02,0.8
2305,Tibagi Lavras,2025-10-03,17.0
2305,Tibagi Lavras,2025-10-04,0.0
2305,Tibagi Lavras,2025-10-05,0.0
2305,Tibagi Lavras,2025-10-06,0.0
2305,Tibagi Lavras,2025-10-07,13.0
2305,Tibagi Lavras,2025-10-08,30.4
2305,Tibagi Lavras,2025-10-09,0.0
2305,Tibagi Lavras,2025-10-10,0.0
2305,Tibagi Lavras,2025-10-11,0.0
2305,Tibagi Lavras,2025-10-12,55.0
2305,Tibagi Lavras,2025-10-13,1.4
2305,Tibagi Lavras,2025-10-14,0.2
2305,Tibagi Lavras,2025-10-15,0.0
2305,Tibagi Lavras,2025-10-16,10.2
2305,Tibagi Lavras,2025-10-17,27.0
2305,Tibagi Lavras,2025-10-18,40.4
2305,Tibagi Lavras,2025-10-19,0.2
2305,Tibagi Lavras,2025-10-20,0.0
2305,Tibagi Lavras,2025-10-21,0.0
2305,Tibagi Lavras,2025-10-22,0.0
2305,Tibagi Lavras,2025-10-23,0.0
2305,Tibagi Lavras,2025-10-24,0.0
2305,Tibagi Lavras,2025-10-25,0.0
2305,Tibagi Lavras,2025-10-26,3.0
2305,Tibagi Lavras,2025-10-27,0.4
2305,Tibagi Lavras,2025-10-28,4.2
2305,Tibagi Lavras,2025-10-29,2.4
2305,Tibagi Lavras,2025-10-30,0.6
2305,Tibagi Lavras,2025-10-31,0.2
2305,Tibagi Lavras,2025-10-31,0.2
2305,Tibagi Lavras,2025-11-01,51.2
2305,Tibagi Lavras,2025-11-02,45.6
2305,Tibagi Lavras,2025-11-03,10.0
2305,Tibagi Lavras,2025-11-04,0.2
2305,Tibagi Lavras,2025-11-05,0.2
2305,Tibagi Lavras,2025-11-06,0.4
2305,Tibagi Lavras,2025-11-07,12.6
2305,Tibagi Lavras,2025-11-08,5.6
2305,Tibagi Lavras,2025-11-09,0.0
2305,Tibagi Lavras,2025-11-10,0.0
2305,Tibagi Lavras,2025-11-11,18.2
2305,Tibagi Lavras,2025-11-12,48.8
2305,Tibagi Lavras,2025-11-13,7.02
2305,Tibagi Lavras,2025-11-14,36.8
2305,Tibagi Lavras,2025-11-15,47.0
2305,Tibagi Lavras,2025-11-16,1.0
2305,Tibagi Lavras,2025-11-17,21.6
2305,Tibagi Lavras,2025-11-18,51.9
2305,Tibagi Lavras,2025-11-19,25.0
2305,Tibagi Lavras,2025-11-20,0.2
2305,Tibagi Lavras,2025-11-21,6.0
2305,Tibagi Lavras,2025-11-22,14.8
2305,Tibagi Lavras,2025-11-23,30.6
2305,Tibagi Lavras,2025-11-24,13.6
2305,Tibagi Lavras,2025-11-25,102.4
2305,Tibagi Lavras,2025-11-26,34.8
2305,Tibagi Lavras,2025-11-27,114.0
2305,Tibagi Lavras,2025-11-28,52.6
2305,Tibagi Lavras,2025-11-29,0.0
2305,Tibagi Lavras,2025-11-30,0.0
1133,Tibagi Sao Bento,2015-08-31,0.0
1133,Tibagi Sao Bento,2015-09-01,0.0
1133,Tibagi Sao Bento,2015-09-02,0.0
1133,Tibagi Sao Bento,2015-09-03,1.0
1133,Tibagi Sao Bento,2015-09-04,6.2
1133,Tibagi Sao Bento,2015-09-05,0.0
1133,Tibagi Sao Bento,2015-09-06,0.0
1133,Tibagi Sao Bento,2015-09-07,17.2
1133,Tibagi Sao Bento,2015-09-08,85.8
1133,Tibagi Sao Bento,2015-09-09,1.0
1133,Tibagi Sao Bento,2015-09-10,23.4
1133,Tibagi Sao Bento,2015-09-11,0.2
1133,Tibagi Sao Bento,2015-09-12,0.0
1133,Tibagi Sao Bento,2015-09-13,0.2
1133,Tibagi Sao Bento,2015-09-14,0.2
1133,Tibagi Sao Bento,2015-09-15,0.0
1133,Tibagi Sao Bento,2015-09-16,6.4
1133,Tibagi Sao Bento,2015-09-17,2.0
1133,Tibagi Sao Bento,2015-09-18,0.0
1133,Tibagi Sao Bento,2015-09-19,0.0
1133,Tibagi Sao Bento,2015-09-20,0.2
1133,Tibagi Sao Bento,2015-09-21,0.0
1133,Tibagi Sao Bento,2015-09-22,0.0
1133,Tibagi Sao Bento,2015-09-23,0.0
1133,Tibagi Sao Bento,2015-09-24,0.0
1133,Tibagi Sao Bento,2015-09-25,11.2
1133,Tibagi Sao Bento,2015-09-26,16.4
1133,Tibagi Sao Bento,2015-09-27,37.2
1133,Tibagi Sao Bento,2015-09-28,0.2
1133,Tibagi Sao Bento,2015-09-29,0.0
1133,Tibagi Sao Bento,2015-09-30,2.8
1133,Tibagi Sao Bento,2015-10-01,0.2
1133,Tibagi Sao Bento,2015-10-02,6.2
1133,Tibagi Sao Bento,2015-10-03,8.0
1133,Tibagi Sao Bento,2015-10-04,0.0
1133,Tibagi Sao Bento,2015-10-05,0.0
1133,Tibagi Sao Bento,2015-10-06,0.0
1133,Tibagi Sao Bento,2015-10-07,0.0
1133,Tibagi Sao Bento,2015-10-08,6.0
1133,Tibagi Sao Bento,2015-10-09,30.0
1133,Tibagi Sao Bento,2015-10-10,5.6
1133,Tibagi Sao Bento,2015-10-11,55.4
1133,Tibagi Sao Bento,2015-10-12,13.8
1133,Tibagi Sao Bento,2015-10-13,0.6
1133,Tibagi Sao Bento,2015-10-14,0.0
1133,Tibagi Sao Bento,2015-10-15,0.0
1133,Tibagi Sao Bento,2015-10-16,0.0
1133,Tibagi Sao Bento,2015-10-17,3.2
1133,Tibagi Sao Bento,2015-10-18,0.2
1133,Tibagi Sao Bento,2015-10-19,0.0
1133,Tibagi Sao Bento,2015-10-20,0.0
1133,Tibagi Sao Bento,2015-10-21,0.2
1133,Tibagi Sao Bento,2015-10-22,22.8
1133,Tibagi Sao Bento,2015-10-23,2.8
1133,Tibagi Sao Bento,2015-10-24,0.0
1133,Tibagi Sao Bento,2015-10-25,6.8
1133,Tibagi Sao Bento,2015-10-26,0.4
1133,Tibagi Sao Bento,2015-10-27,1.2
1133,Tibagi Sao Bento,2015-10-28,0.2
1133,Tibagi Sao Bento,2015-10-29,0.0
1133,Tibagi Sao Bento,2015-10-30,0.0
1133,Tibagi Sao Bento,2015-10-31,10.8
1133,Tibagi Sao Bento,2017-05-01,0.0
1133,Tibagi Sao Bento,2017-05-02,0.0
1133,Tibagi Sao Bento,2017-05-03,2.4
1133,Tibagi Sao Bento,2017-05-04,7.2
1133,Tibagi Sao Bento,2017-05-05,19.2
1133,Tibagi Sao Bento,2017-05-06,0.2
1133,Tibagi Sao Bento,2017-05-07,0.0
1133,Tibagi Sao Bento,2017-05-08,0.0
1133,Tibagi Sao Bento,2017-05-09,0.0
1133,Tibagi Sao Bento,2017-05-10,9.6
1133,Tibagi Sao Bento,2017-05-11,1.0
1133,Tibagi Sao Bento,2017-05-12,0.0
1133,Tibagi Sao Bento,2017-05-13,0.0
1133,Tibagi Sao Bento,2017-05-14,9.6
1133,Tibagi Sao Bento,2017-05-15,0.0
1133,Tibagi Sao Bento,2017-05-16,0.0
1133,Tibagi Sao Bento,2017-05-17,0.0
1133,Tibagi Sao Bento,2017-05-18,63.4
1133,Tibagi Sao Bento,2017-05-19,35.8
1133,Tibagi Sao Bento,2017-05-20,0.6
1133,Tibagi Sao Bento,2017-05-21,19.0
1133,Tibagi Sao Bento,2017-05-22,0.4
1133,Tibagi Sao Bento,2017-05-23,3.0
1133,Tibagi Sao Bento,2017-05-24,0.0
1133,Tibagi Sao Bento,2017-05-25,0.0
1133,Tibagi Sao Bento,2017-05-26,0.0
1133,Tibagi Sao Bento,2017-05-27,0.8
1133,Tibagi Sao Bento,2017-05-28,0.0
1133,Tibagi Sao Bento,2017-05-29,0.2
1133,Tibagi Sao Bento,2017-05-30,0.0
1133,Tibagi Sao Bento,2017-05-31,26.4
1133,Tibagi Sao Bento,2017-05-31,26.4
1133,Tibagi Sao Bento,2017-06-01,3.4
1133,Tibagi Sao Bento,2017-06-02,0.0
1133,Tibagi Sao Bento,2017-06-03,0.2
1133,Tibagi Sao Bento,2017-06-04,0.0
1133,Tibagi Sao Bento,2017-06-05,102.6
1133,Tibagi Sao Bento,2017-06-06,21.0
1133,Tibagi Sao Bento,2017-06-07,15.2
1133,Tibagi Sao Bento,2017-06-08,21.0
1133,Tibagi Sao Bento,2017-06-09,2.2
1133,Tibagi Sao Bento,2017-06-10,0.0
1133,Tibagi Sao Bento,2017-06-11,0.0
1133,Tibagi Sao Bento,2017-06-12,0.0
1133,Tibagi Sao Bento,2017-06-13,5.2
1133,Tibagi Sao Bento,2017-06-14,0.0
1133,Tibagi Sao Bento,2017-06-15,0.0
1133,Tibagi Sao Bento,2017-06-16,0.0
1133,Tibagi Sao Bento,2017-06-17,0.0
1133,Tibagi Sao Bento,2017-06-18,0.0
1133,Tibagi Sao Bento,2017-06-19,2.6
1133,Tibagi Sao Bento,2017-06-20,3.8
1133,Tibagi Sao Bento,2017-06-21,0.2
1133,Tibagi Sao Bento,2017-06-22,0.2
1133,Tibagi Sao Bento,2017-06-23,0.0
1133,Tibagi Sao Bento,2017-06-24,0.0
1133,Tibagi Sao Bento,2017-06-25,0.0
1133,Tibagi Sao Bento,2017-06-26,0.0
1133,Tibagi Sao Bento,2017-06-27,0.0
1133,Tibagi Sao Bento,2017-06-28,0.0
1133,Tibagi Sao Bento,2017-06-29,0.0
1133,Tibagi Sao Bento,2017-06-30,0.0
1133,Tibagi Sao Bento,2019-03-31,0.0
1133,Tibagi Sao Bento,2019-04-01,0.0
1133,Tibagi Sao Bento,2019-04-02,0.0
1133,Tibagi Sao Bento,2019-04-03,0.0
1133,Tibagi Sao Bento,2019-04-04,0.0
1133,Tibagi Sao Bento,2019-04-05,5.0
1133,Tibagi Sao Bento,2019-04-06,12.8
1133,Tibagi Sao Bento,2019-04-07,13.4
1133,Tibagi Sao Bento,2019-04-08,0.6
1133,Tibagi Sao Bento,2019-04-09,0.6
1133,Tibagi Sao Bento,2019-04-10,0.0
1133,Tibagi Sao Bento,2019-04-11,0.0
1133,Tibagi Sao Bento,2019-04-12,0.0
1133,Tibagi Sao Bento,2019-04-13,0.0
1133,Tibagi Sao Bento,2019-04-14,0.0
1133,Tibagi Sao Bento,2019-04-15,0.0
1133,Tibagi Sao Bento,2019-04-16,0.0
1133,Tibagi Sao Bento,2019-04-17,0.2
1133,Tibagi Sao Bento,2019-04-18,0.0
1133,Tibagi Sao Bento,2019-04-19,0.0
1133,Tibagi Sao Bento,2019-04-20,0.0
1133,Tibagi Sao Bento,2019-04-21,10.8
1133,Tibagi Sao Bento,2019-04-22,0.0
1133,Tibagi Sao Bento,2019-04-23,0.0
1133,Tibagi Sao Bento,2019-04-24,0.0
1133,Tibagi Sao Bento,2019-04-25,0.0
1133,Tibagi Sao Bento,2019-04-26,0.2
1133,Tibagi Sao Bento,2019-04-27,13.6
1133,Tibagi Sao Bento,2019-04-28,23.2
1133,Tibagi Sao Bento,2019-04-29,0.2
1133,Tibagi Sao Bento,2019-04-30,0.2
1133,Tibagi Sao Bento,2019-05-01,0.0
1133,Tibagi Sao Bento,2019-05-02,0.0
1133,Tibagi Sao Bento,2019-05-03,0.2
1133,Tibagi Sao Bento,2019-05-04,0.0
1133,Tibagi Sao Bento,2019-05-05,0.0
1133,Tibagi Sao Bento,2019-05-06,6.6
1133,Tibagi Sao Bento,2019-05-07,0.0
1133,Tibagi Sao Bento,2019-05-08,0.0
1133,Tibagi Sao Bento,2019-05-09,0.0
1133,Tibagi Sao Bento,2019-05-10,0.0
1133,Tibagi Sao Bento,2019-05-11,7.2
1133,Tibagi Sao Bento,2019-05-12,1.6
1133,Tibagi Sao Bento,2019-05-13,0.6
1133,Tibagi Sao Bento,2019-05-14,0.2
1133,Tibagi Sao Bento,2019-05-15,0.0
1133,Tibagi Sao Bento,2019-05-16,0.0
1133,Tibagi Sao Bento,2019-05-17,1.0
1133,Tibagi Sao Bento,2019-05-18,2.2
1133,Tibagi Sao Bento,2019-05-19,0.0
1133,Tibagi Sao Bento,2019-05-20,0.2
1133,Tibagi Sao Bento,2019-05-21,0.4
1133,Tibagi Sao Bento,2019-05-22,0.0
1133,Tibagi Sao Bento,2019-05-23,38.8
1133,Tibagi Sao Bento,2019-05-24,13.0
1133,Tibagi Sao Bento,2019-05-25,0.0
1133,Tibagi Sao Bento,2019-05-26,0.2
1133,Tibagi Sao Bento,2019-05-27,0.0
1133,Tibagi Sao Bento,2019-05-28,73.6
1133,Tibagi Sao Bento,2019-05-29,1.0
1133,Tibagi Sao Bento,2019-05-30,15.8
1133,Tibagi Sao Bento,2019-05-31,30.4
1133,Tibagi Sao Bento,2019-05-31,30.4
1133,Tibagi Sao Bento,2019-06-01,31.4
1133,Tibagi Sao Bento,2019-06-02,26.0
1133,Tibagi Sao Bento,2019-06-03,7.4
1133,Tibagi Sao Bento,2019-06-04,0.4
1133,Tibagi Sao Bento,2019-06-05,0.0
1133,Tibagi Sao Bento,2019-06-06,0.0
1133,Tibagi Sao Bento,2019-06-07,0.2
1133,Tibagi Sao Bento,2019-06-08,0.0
1133,Tibagi Sao Bento,2019-06-09,0.0
1133,Tibagi Sao Bento,2019-06-10,0.0
1133,Tibagi Sao Bento,2019-06-11,0.0
1133,Tibagi Sao Bento,2019-06-12,0.0
1133,Tibagi Sao Bento,2019-06-13,0.0
1133,Tibagi Sao Bento,2019-06-14,0.0
1133,Tibagi Sao Bento,2019-06-15,0.0
1133,Tibagi Sao Bento,2019-06-16,0.0
1133,Tibagi Sao Bento,2019-06-17,0.0
1133,Tibagi Sao Bento,2019-06-18,0.2
1133,Tibagi Sao Bento,2019-06-19,0.0
1133,Tibagi Sao Bento,2019-06-20,0.0
1133,Tibagi Sao Bento,2019-06-21,0.0
1133,Tibagi Sao Bento,2019-06-22,0.6
1133,Tibagi Sao Bento,2019-06-23,0.0
1133,Tibagi Sao Bento,2019-06-24,0.0
1133,Tibagi Sao Bento,2019-06-25,0.0
1133,Tibagi Sao Bento,2019-06-26,0.0
1133,Tibagi Sao Bento,2019-06-27,0.0
1133,Tibagi Sao Bento,2019-06-28,0.0
1133,Tibagi Sao Bento,2019-06-29,0.0
1133,Tibagi Sao Bento,2019-06-30,0.0
1133,Tibagi Sao Bento,2020-12-01,1.2
1133,Tibagi Sao Bento,2020-12-02,0.0
1133,Tibagi Sao Bento,2020-12-03,10.8
1133,Tibagi Sao Bento,2020-12-04,11.4
1133,Tibagi Sao Bento,2020-12-05,22.4
1133,Tibagi Sao Bento,2020-12-06,0.0
1133,Tibagi Sao Bento,2020-12-07,8.8
1133,Tibagi Sao Bento,2020-12-08,0.2
1133,Tibagi Sao Bento,2020-12-09,0.0
1133,Tibagi Sao Bento,2020-12-10,0.0
1133,Tibagi Sao Bento,2020-12-11,2.4
1133,Tibagi Sao Bento,2020-12-12,0.0
1133,Tibagi Sao Bento,2020-12-13,0.2
1133,Tibagi Sao Bento,2020-12-14,3.6
1133,Tibagi Sao Bento,2020-12-15,4.0
1133,Tibagi Sao Bento,2020-12-16,10.4
1133,Tibagi Sao Bento,2020-12-17,18.2
1133,Tibagi Sao Bento,2020-12-18,5.2
1133,Tibagi Sao Bento,2020-12-19,13.0
1133,Tibagi Sao Bento,2020-12-20,5.4
1133,Tibagi Sao Bento,2020-12-21,0.0
1133,Tibagi Sao Bento,2020-12-22,4.2
1133,Tibagi Sao Bento,2020-12-23,0.0
1133,Tibagi Sao Bento,2020-12-24,0.0
1133,Tibagi Sao Bento,2020-12-25,0.0
1133,Tibagi Sao Bento,2020-12-26,0.0
1133,Tibagi Sao Bento,2020-12-27,0.0
1133,Tibagi Sao Bento,2020-12-28,0.4
1133,Tibagi Sao Bento,2020-12-29,0.6
1133,Tibagi Sao Bento,2020-12-30,0.0
1133,Tibagi Sao Bento,2020-12-31,6.4
1133,Tibagi Sao Bento,2021-01-01,20.0
1133,Tibagi Sao Bento,2021-01-02,0.0
1133,Tibagi Sao Bento,2021-01-03,4.0
1133,Tibagi Sao Bento,2021-01-04,0.2
1133,Tibagi Sao Bento,2021-01-05,10.6
1133,Tibagi Sao Bento,2021-01-06,2.2
1133,Tibagi Sao Bento,2021-01-07,0.0
1133,Tibagi Sao Bento,2021-01-08,10.4
1133,Tibagi Sao Bento,2021-01-09,1.2
1133,Tibagi Sao Bento,2021-01-10,0.0
1133,Tibagi Sao Bento,2021-01-11,0.0
1133,Tibagi Sao Bento,2021-01-12,19.2
1133,Tibagi Sao Bento,2021-01-13,0.2
1133,Tibagi Sao Bento,2021-01-14,0.0
1133,Tibagi Sao Bento,2021-01-15,39.8
1133,Tibagi Sao Bento,2021-01-16,3.0
1133,Tibagi Sao Bento,2021-01-17,24.2
1133,Tibagi Sao Bento,2021-01-18,9.4
1133,Tibagi Sao Bento,2021-01-19,21.6
1133,Tibagi Sao Bento,2021-01-20,38.8
1133,Tibagi Sao Bento,2021-01-21,0.0
1133,Tibagi Sao Bento,2021-01-22,15.4
1133,Tibagi Sao Bento,2021-01-23,4.2
1133,Tibagi Sao Bento,2021-01-24,0.4
1133,Tibagi Sao Bento,2021-01-25,7.6
1133,Tibagi Sao Bento,2021-01-26,1.6
1133,Tibagi Sao Bento,2021-01-27,26.8
1133,Tibagi Sao Bento,2021-01-28,6.6
1133,Tibagi Sao Bento,2021-01-29,6.2
1133,Tibagi Sao Bento,2021-01-30,9.4
1133,Tibagi Sao Bento,2021-01-31,10.4
1133,Tibagi Sao Bento,2022-05-01,7.8
1133,Tibagi Sao Bento,2022-05-02,0.0
1133,Tibagi Sao Bento,2022-05-03,16.6
1133,Tibagi Sao Bento,2022-05-04,3.0
1133,Tibagi Sao Bento,2022-05-05,0.2
1133,Tibagi Sao Bento,2022-05-06,0.2
1133,Tibagi Sao Bento,2022-05-07,0.0
1133,Tibagi Sao Bento,2022-05-08,0.0
1133,Tibagi Sao Bento,2022-05-09,0.0
1133,Tibagi Sao Bento,2022-05-10,5.8
1133,Tibagi Sao Bento,2022-05-11,1.0
1133,Tibagi Sao Bento,2022-05-12,0.0
1133,Tibagi Sao Bento,2022-05-13,0.2
1133,Tibagi Sao Bento,2022-05-14,0.2
1133,Tibagi Sao Bento,2022-05-15,0.6
1133,Tibagi Sao Bento,2022-05-16,0.0
1133,Tibagi Sao Bento,2022-05-17,0.0
1133,Tibagi Sao Bento,2022-05-18,0.0
1133,Tibagi Sao Bento,2022-05-19,0.0
1133,Tibagi Sao Bento,2022-05-20,0.0
1133,Tibagi Sao Bento,2022-05-21,0.0
1133,Tibagi Sao Bento,2022-05-22,0.0
1133,Tibagi Sao Bento,2022-05-23,0.0
1133,Tibagi Sao Bento,2022-05-24,0.0
1133,Tibagi Sao Bento,2022-05-25,0.0
1133,Tibagi Sao Bento,2022-05-26,0.0
1133,Tibagi Sao Bento,2022-05-27,0.0
1133,Tibagi Sao Bento,2022-05-28,0.0
1133,Tibagi Sao Bento,2022-05-29,16.2
1133,Tibagi Sao Bento,2022-05-30,25.6
1133,Tibagi Sao Bento,2022-05-31,10.2
1133,Tibagi Sao Bento,2022-05-31,10.2
1133,Tibagi Sao Bento,2022-06-01,13.6
1133,Tibagi Sao Bento,2022-06-02,22.2
1133,Tibagi Sao Bento,2022-06-03,0.2
1133,Tibagi Sao Bento,2022-06-04,0.0
1133,Tibagi Sao Bento,2022-06-05,0.0
1133,Tibagi Sao Bento,2022-06-06,0.0
1133,Tibagi Sao Bento,2022-06-07,30.8
1133,Tibagi Sao Bento,2022-06-08,0.2
1133,Tibagi Sao Bento,2022-06-09,45.6
1133,Tibagi Sao Bento,2022-06-10,0.0
1133,Tibagi Sao Bento,2022-06-11,0.2
1133,Tibagi Sao Bento,2022-06-12,0.0
1133,Tibagi Sao Bento,2022-06-13,0.0
1133,Tibagi Sao Bento,2022-06-14,0.0
1133,Tibagi Sao Bento,2022-06-15,0.0
1133,Tibagi Sao Bento,2022-06-16,0.0
1133,Tibagi Sao Bento,2022-06-17,15.8
1133,Tibagi Sao Bento,2022-06-18,0.2
1133,Tibagi Sao Bento,2022-06-19,0.2
1133,Tibagi Sao Bento,2022-06-20,0.2
1133,Tibagi Sao Bento,2022-06-21,0.2
1133,Tibagi Sao Bento,2022-06-22,0.0
1133,Tibagi Sao Bento,2022-06-23,0.0
1133,Tibagi Sao Bento,2022-06-24,0.0
1133,Tibagi Sao Bento,2022-06-25,0.0
1133,Tibagi Sao Bento,2022-06-26,0.0
1133,Tibagi Sao Bento,2022-06-27,0.0
1133,Tibagi Sao Bento,2022-06-28,0.2
1133,Tibagi Sao Bento,2022-06-29,0.0
1133,Tibagi Sao Bento,2022-06-30,0.2
1133,Tibagi Sao Bento,2022-08-31,0.0
1133,Tibagi Sao Bento,2022-09-01,0.0
1133,Tibagi Sao Bento,2022-09-02,3.0
1133,Tibagi Sao Bento,2022-09-03,14.0
1133,Tibagi Sao Bento,2022-09-04,0.0
1133,Tibagi Sao Bento,2022-09-05,5.4
1133,Tibagi Sao Bento,2022-09-06,14.2
1133,Tibagi Sao Bento,2022-09-07,4.4
1133,Tibagi Sao Bento,2022-09-08,0.0
1133,Tibagi Sao Bento,2022-09-09,0.2
1133,Tibagi Sao Bento,2022-09-10,0.2
1133,Tibagi Sao Bento,2022-09-11,0.0
1133,Tibagi Sao Bento,2022-09-12,3.2
1133,Tibagi Sao Bento,2022-09-13,10.6
1133,Tibagi Sao Bento,2022-09-14,24.8
1133,Tibagi Sao Bento,2022-09-15,2.0
1133,Tibagi Sao Bento,2022-09-16,0.0
1133,Tibagi Sao Bento,2022-09-17,0.0
1133,Tibagi Sao Bento,2022-09-18,0.0
1133,Tibagi Sao Bento,2022-09-19,20.2
1133,Tibagi Sao Bento,2022-09-20,0.2
1133,Tibagi Sao Bento,2022-09-21,38.0
1133,Tibagi Sao Bento,2022-09-22,0.8
1133,Tibagi Sao Bento,2022-09-23,0.0
1133,Tibagi Sao Bento,2022-09-24,0.0
1133,Tibagi Sao Bento,2022-09-25,7.4
1133,Tibagi Sao Bento,2022-09-26,41.8
1133,Tibagi Sao Bento,2022-09-27,6.0
1133,Tibagi Sao Bento,2022-09-28,1.8
1133,Tibagi Sao Bento,2022-09-29,0.0
1133,Tibagi Sao Bento,2022-09-30,0.0
1133,Tibagi Sao Bento,2022-10-01,0.4
1133,Tibagi Sao Bento,2022-10-02,0.2
1133,Tibagi Sao Bento,2022-10-03,6.2
1133,Tibagi Sao Bento,2022-10-04,0.0
1133,Tibagi Sao Bento,2022-10-05,2.8
1133,Tibagi Sao Bento,2022-10-06,38.2
1133,Tibagi Sao Bento,2022-10-07,1.2
1133,Tibagi Sao Bento,2022-10-08,0.0
1133,Tibagi Sao Bento,2022-10-09,0.4
1133,Tibagi Sao Bento,2022-10-10,0.2
1133,Tibagi Sao Bento,2022-10-11,5.8
1133,Tibagi Sao Bento,2022-10-12,7.4
1133,Tibagi Sao Bento,2022-10-13,2.4
1133,Tibagi Sao Bento,2022-10-14,4.4
1133,Tibagi Sao Bento,2022-10-15,3.8
1133,Tibagi Sao Bento,2022-10-16,2.0
1133,Tibagi Sao Bento,2022-10-17,0.2
1133,Tibagi Sao Bento,2022-10-18,6.8
1133,Tibagi Sao Bento,2022-10-19,0.0
1133,Tibagi Sao Bento,2022-10-20,39.8
1133,Tibagi Sao Bento,2022-10-21,5.6
1133,Tibagi Sao Bento,2022-10-22,0.2
1133,Tibagi Sao Bento,2022-10-23,0.0
1133,Tibagi Sao Bento,2022-10-24,0.0
1133,Tibagi Sao Bento,2022-10-25,0.0
1133,Tibagi Sao Bento,2022-10-26,0.0
1133,Tibagi Sao Bento,2022-10-27,0.0
1133,Tibagi Sao Bento,2022-10-28,0.0
1133,Tibagi Sao Bento,2022-10-29,30.6
1133,Tibagi Sao Bento,2022-10-30,14.6
1133,Tibagi Sao Bento,2022-10-31,32.8
1133,Tibagi Sao Bento,2022-10-31,32.8
1133,Tibagi Sao Bento,2022-11-01,6.6
1133,Tibagi Sao Bento,2022-11-02,0.0
1133,Tibagi Sao Bento,2022-11-03,0.0
1133,Tibagi Sao Bento,2022-11-04,0.0
1133,Tibagi Sao Bento,2022-11-05,0.0
1133,Tibagi Sao Bento,2022-11-06,0.0
1133,Tibagi Sao Bento,2022-11-07,0.0
1133,Tibagi Sao Bento,2022-11-08,0.0
1133,Tibagi Sao Bento,2022-11-09,0.0
1133,Tibagi Sao Bento,2022-11-10,0.0
1133,Tibagi Sao Bento,2022-11-11,16.2
1133,Tibagi Sao Bento,2022-11-12,0.2
1133,Tibagi Sao Bento,2022-11-13,10.8
1133,Tibagi Sao Bento,2022-11-14,13.2
1133,Tibagi Sao Bento,2022-11-15,0.0
1133,Tibagi Sao Bento,2022-11-16,0.0
1133,Tibagi Sao Bento,2022-11-17,0.0
1133,Tibagi Sao Bento,2022-11-18,0.0
1133,Tibagi Sao Bento,2022-11-19,0.0
1133,Tibagi Sao Bento,2022-11-20,1.8
1133,Tibagi Sao Bento,2022-11-21,0.0
1133,Tibagi Sao Bento,2022-11-22,6.8
1133,Tibagi Sao Bento,2022-11-23,7.6
1133,Tibagi Sao Bento,2022-11-24,0.0
1133,Tibagi Sao Bento,2022-11-25,0.0
1133,Tibagi Sao Bento,2022-11-26,1.0
1133,Tibagi Sao Bento,2022-11-27,11.2
1133,Tibagi Sao Bento,2022-11-28,0.0
1133,Tibagi Sao Bento,2022-11-29,0.4
1133,Tibagi Sao Bento,2022-11-30,6.4
1133,Tibagi Sao Bento,2023-08-31,0.0
1133,Tibagi Sao Bento,2023-09-01,0.0
1133,Tibagi Sao Bento,2023-09-02,58.2
1133,Tibagi Sao Bento,2023-09-03,7.0
1133,Tibagi Sao Bento,2023-09-04,11.4
1133,Tibagi Sao Bento,2023-09-05,0.2
1133,Tibagi Sao Bento,2023-09-06,0.0
1133,Tibagi Sao Bento,2023-09-07,0.0
1133,Tibagi Sao Bento,2023-09-08,0.6
1133,Tibagi Sao Bento,2023-09-09,6.6
1133,Tibagi Sao Bento,2023-09-10,0.0
1133,Tibagi Sao Bento,2023-09-11,0.0
1133,Tibagi Sao Bento,2023-09-12,0.0
1133,Tibagi Sao Bento,2023-09-13,1.8
1133,Tibagi Sao Bento,2023-09-14,1.0
1133,Tibagi Sao Bento,2023-09-15,0.0
1133,Tibagi Sao Bento,2023-09-16,0.0
1133,Tibagi Sao Bento,2023-09-17,0.0
1133,Tibagi Sao Bento,2023-09-18,8.0
1133,Tibagi Sao Bento,2023-09-19,4.6
1133,Tibagi Sao Bento,2023-09-20,0.2
1133,Tibagi Sao Bento,2023-09-21,0.0
1133,Tibagi Sao Bento,2023-09-22,0.0
1133,Tibagi Sao Bento,2023-09-23,0.0
1133,Tibagi Sao Bento,2023-09-24,0.0
1133,Tibagi Sao Bento,2023-09-25,0.8
1133,Tibagi Sao Bento,2023-09-26,0.0
1133,Tibagi Sao Bento,2023-09-27,0.0
1133,Tibagi Sao Bento,2023-09-28,0.4
1133,Tibagi Sao Bento,2023-09-29,0.0
1133,Tibagi Sao Bento,2023-09-30,19.2
1133,Tibagi Sao Bento,2023-10-01,6.8
1133,Tibagi Sao Bento,2023-10-02,0.0
1133,Tibagi Sao Bento,2023-10-03,0.0
1133,Tibagi Sao Bento,2023-10-04,32.2
1133,Tibagi Sao Bento,2023-10-05,8.4
1133,Tibagi Sao Bento,2023-10-06,0.0
1133,Tibagi Sao Bento,2023-10-07,17.0
1133,Tibagi Sao Bento,2023-10-08,66.0
1133,Tibagi Sao Bento,2023-10-09,0.2
1133,Tibagi Sao Bento,2023-10-10,0.0
1133,Tibagi Sao Bento,2023-10-11,0.0
1133,Tibagi Sao Bento,2023-10-12,20.6
1133,Tibagi Sao Bento,2023-10-13,4.2
1133,Tibagi Sao Bento,2023-10-14,0.2
1133,Tibagi Sao Bento,2023-10-15,0.0
1133,Tibagi Sao Bento,2023-10-16,6.0
1133,Tibagi Sao Bento,2023-10-17,42.2
1133,Tibagi Sao Bento,2023-10-18,0.2
1133,Tibagi Sao Bento,2023-10-19,1.0
1133,Tibagi Sao Bento,2023-10-20,1.8
1133,Tibagi Sao Bento,2023-10-21,0.0
1133,Tibagi Sao Bento,2023-10-22,0.0
1133,Tibagi Sao Bento,2023-10-23,0.2
1133,Tibagi Sao Bento,2023-10-24,6.2
1133,Tibagi Sao Bento,2023-10-25,0.0
1133,Tibagi Sao Bento,2023-10-26,16.2
1133,Tibagi Sao Bento,2023-10-27,25.6
1133,Tibagi Sao Bento,2023-10-28,43.6
1133,Tibagi Sao Bento,2023-10-29,82.2
1133,Tibagi Sao Bento,2023-10-30,23.0
1133,Tibagi Sao Bento,2023-10-31,12.4
1133,Tibagi Sao Bento,2023-10-31,12.4
1133,Tibagi Sao Bento,2023-11-01,0.0
1133,Tibagi Sao Bento,2023-11-02,0.0
1133,Tibagi Sao Bento,2023-11-03,47.8
1133,Tibagi Sao Bento,2023-11-04,0.0
1133,Tibagi Sao Bento,2023-11-05,0.0
1133,Tibagi Sao Bento,2023-11-06,0.0
1133,Tibagi Sao Bento,2023-11-07,0.0
1133,Tibagi Sao Bento,2023-11-08,0.0
1133,Tibagi Sao Bento,2023-11-09,13.0
1133,Tibagi Sao Bento,2023-11-10,0.2
1133,Tibagi Sao Bento,2023-11-11,0.0
1133,Tibagi Sao Bento,2023-11-12,0.0
1133,Tibagi Sao Bento,2023-11-13,1.4
1133,Tibagi Sao Bento,2023-11-14,6.6
1133,Tibagi Sao Bento,2023-11-15,0.0
1133,Tibagi Sao Bento,2023-11-16,0.0
1133,Tibagi Sao Bento,2023-11-17,1.2
1133,Tibagi Sao Bento,2023-11-18,0.0
1133,Tibagi Sao Bento,2023-11-19,0.6
1133,Tibagi Sao Bento,2023-11-20,0.0
1133,Tibagi Sao Bento,2023-11-21,0.0
1133,Tibagi Sao Bento,2023-11-22,26.6
1133,Tibagi Sao Bento,2023-11-23,34.6
1133,Tibagi Sao Bento,2023-11-24,2.4
1133,Tibagi Sao Bento,2023-11-25,6.2
1133,Tibagi Sao Bento,2023-11-26,0.4
1133,Tibagi Sao Bento,2023-11-27,2.0
1133,Tibagi Sao Bento,2023-11-28,20.0
1133,Tibagi Sao Bento,2023-11-29,1.0
1133,Tibagi Sao Bento,2023-11-30,0.2
1133,Tibagi Sao Bento,2024-10-31,0.0
1133,Tibagi Sao Bento,2024-11-01,0.0
1133,Tibagi Sao Bento,2024-11-02,9.0
1133,Tibagi Sao Bento,2024-11-03,5.0
1133,Tibagi Sao Bento,2024-11-04,3.8
1133,Tibagi Sao Bento,2024-11-05,3.8
1133,Tibagi Sao Bento,2024-11-06,3.4
1133,Tibagi Sao Bento,2024-11-07,7.6
1133,Tibagi Sao Bento,2024-11-08,2.4
1133,Tibagi Sao Bento,2024-11-09,0.0
1133,Tibagi Sao Bento,2024-11-10,0.0
1133,Tibagi Sao Bento,2024-11-11,0.0
1133,Tibagi Sao Bento,2024-11-12,0.0
1133,Tibagi Sao Bento,2024-11-13,0.0
1133,Tibagi Sao Bento,2024-11-14,0.0
1133,Tibagi Sao Bento,2024-11-15,0.4
1133,Tibagi Sao Bento,2024-11-16,0.0
1133,Tibagi Sao Bento,2024-11-17,0.0
1133,Tibagi Sao Bento,2024-11-18,0.0
1133,Tibagi Sao Bento,2024-11-19,0.4
1133,Tibagi Sao Bento,2024-11-20,0.0
1133,Tibagi Sao Bento,2024-11-21,0.8
1133,Tibagi Sao Bento,2024-11-22,0.0
1133,Tibagi Sao Bento,2024-11-23,0.0
1133,Tibagi Sao Bento,2024-11-24,0.0
1133,Tibagi Sao Bento,2024-11-25,0.0
1133,Tibagi Sao Bento,2024-11-26,0.0
1133,Tibagi Sao Bento,2024-11-27,0.0
1133,Tibagi Sao Bento,2024-11-28,14.2
1133,Tibagi Sao Bento,2024-11-29,0.0
1133,Tibagi Sao Bento,2024-11-30,0.0
1133,Tibagi Sao Bento,2024-12-01,0.0
1133,Tibagi Sao Bento,2024-12-02,12.2
1133,Tibagi Sao Bento,2024-12-03,1.6
1133,Tibagi Sao Bento,2024-12-04,0.4
1133,Tibagi Sao Bento,2024-12-05,0.0
1133,Tibagi Sao Bento,2024-12-06,0.4
1133,Tibagi Sao Bento,2024-12-07,110.8
1133,Tibagi Sao Bento,2024-12-08,40.6
1133,Tibagi Sao Bento,2024-12-09,44.6
1133,Tibagi Sao Bento,2024-12-10,14.4
1133,Tibagi Sao Bento,2024-12-11,0.0
1133,Tibagi Sao Bento,2024-12-12,0.0
1133,Tibagi Sao Bento,2024-12-13,0.8
1133,Tibagi Sao Bento,2024-12-14,13.2
1133,Tibagi Sao Bento,2024-12-15,0.2
1133,Tibagi Sao Bento,2024-12-16,0.0
1133,Tibagi Sao Bento,2024-12-17,0.0
1133,Tibagi Sao Bento,2024-12-18,0.0
1133,Tibagi Sao Bento,2024-12-19,11.2
1133,Tibagi Sao Bento,2024-12-20,1.0
1133,Tibagi Sao Bento,2024-12-21,0.4
1133,Tibagi Sao Bento,2024-12-22,0.2
1133,Tibagi Sao Bento,2024-12-23,0.0
1133,Tibagi Sao Bento,2024-12-24,0.0
1133,Tibagi Sao Bento,2024-12-25,0.6
1133,Tibagi Sao Bento,2024-12-26,0.6
1133,Tibagi Sao Bento,2024-12-27,0.2
1133,Tibagi Sao Bento,2024-12-28,0.0
1133,Tibagi Sao Bento,2024-12-29,7.2
1133,Tibagi Sao Bento,2024-12-30,0.8
1133,Tibagi Sao Bento,2024-12-31,0.0
1133,Tibagi Sao Bento,2025-01-01,0.0
1133,Tibagi Sao Bento,2025-01-02,2.0
1133,Tibagi Sao Bento,2025-01-03,0.0
1133,Tibagi Sao Bento,2025-01-04,0.0
1133,Tibagi Sao Bento,2025-01-05,0.0
1133,Tibagi Sao Bento,2025-01-06,0.0
1133,Tibagi Sao Bento,2025-01-07,0.0
1133,Tibagi Sao Bento,2025-01-08,2.2
1133,Tibagi Sao Bento,2025-01-09,0.0
1133,Tibagi Sao Bento,2025-01-10,0.0
1133,Tibagi Sao Bento,2025-01-11,4.4
1133,Tibagi Sao Bento,2025-01-12,0.0
1133,Tibagi Sao Bento,2025-01-13,0.0
1133,Tibagi Sao Bento,2025-01-14,0.0
1133,Tibagi Sao Bento,2025-01-15,0.0
1133,Tibagi Sao Bento,2025-01-16,2.6
1133,Tibagi Sao Bento,2025-01-17,12.4
1133,Tibagi Sao Bento,2025-01-18,11.4
1133,Tibagi Sao Bento,2025-01-19,49.8
1133,Tibagi Sao Bento,2025-01-20,13.2
1133,Tibagi Sao Bento,2025-01-21,0.2
1133,Tibagi Sao Bento,2025-01-22,10.2
1133,Tibagi Sao Bento,2025-01-23,0.2
1133,Tibagi Sao Bento,2025-01-24,3.8
1133,Tibagi Sao Bento,2025-01-25,0.4
1133,Tibagi Sao Bento,2025-01-26,0.0
1133,Tibagi Sao Bento,2025-01-27,3.0
1133,Tibagi Sao Bento,2025-01-28,5.6
1133,Tibagi Sao Bento,2025-01-29,0.0
1133,Tibagi Sao Bento,2025-01-30,20.8
1133,Tibagi Sao Bento,2025-01-31,0.6
1133,Tibagi Sao Bento,2025-08-31,0.0
1133,Tibagi Sao Bento,2025-09-01,0.0
1133,Tibagi Sao Bento,2025-09-02,0.0
1133,Tibagi Sao Bento,2025-09-03,0.0
1133,Tibagi Sao Bento,2025-09-04,0.0
1133,Tibagi Sao Bento,2025-09-05,1.6
1133,Tibagi Sao Bento,2025-09-06,0.2
1133,Tibagi Sao Bento,2025-09-07,0.0
1133,Tibagi Sao Bento,2025-09-08,0.0
1133,Tibagi Sao Bento,2025-09-09,5.6
1133,Tibagi Sao Bento,2025-09-10,0.0
1133,Tibagi Sao Bento,2025-09-11,0.0
1133,Tibagi Sao Bento,2025-09-12,0.0
1133,Tibagi Sao Bento,2025-09-13,0.0
1133,Tibagi Sao Bento,2025-09-14,0.0
1133,Tibagi Sao Bento,2025-09-15,0.0
1133,Tibagi Sao Bento,2025-09-16,3.0
1133,Tibagi Sao Bento,2025-09-17,0.0
1133,Tibagi Sao Bento,2025-09-18,0.0
1133,Tibagi Sao Bento,2025-09-19,0.0
1133,Tibagi Sao Bento,2025-09-20,0.0
1133,Tibagi Sao Bento,2025-09-21,7.4
1133,Tibagi Sao Bento,2025-09-22,45.6
1133,Tibagi Sao Bento,2025-09-23,0.0
1133,Tibagi Sao Bento,2025-09-24,0.0
1133,Tibagi Sao Bento,2025-09-25,0.4
1133,Tibagi Sao Bento,2025-09-26,0.0
1133,Tibagi Sao Bento,2025-09-27,0.0
1133,Tibagi Sao Bento,2025-09-28,0.0
1133,Tibagi Sao Bento,2025-09-29,0.0
1133,Tibagi Sao Bento,2025-09-30,1.6
1133,Tibagi Sao Bento,2025-10-01,0.4
1133,Tibagi Sao Bento,2025-10-02,0.4
1133,Tibagi Sao Bento,2025-10-03,15.0
1133,Tibagi Sao Bento,2025-10-04,0.0
1133,Tibagi Sao Bento,2025-10-05,0.0
1133,Tibagi Sao Bento,2025-10-06,0.0
1133,Tibagi Sao Bento,2025-10-07,6.4
1133,Tibagi Sao Bento,2025-10-08,28.0
1133,Tibagi Sao Bento,2025-10-09,0.0
1133,Tibagi Sao Bento,2025-10-10,0.0
1133,Tibagi Sao Bento,2025-10-11,0.0
1133,Tibagi Sao Bento,2025-10-12,61.8
1133,Tibagi Sao Bento,2025-10-13,2.0
1133,Tibagi Sao Bento,2025-10-14,0.2
1133,Tibagi Sao Bento,2025-10-15,0.0
1133,Tibagi Sao Bento,2025-10-16,1.4
1133,Tibagi Sao Bento,2025-10-17,15.0
1133,Tibagi Sao Bento,2025-10-18,20.4
1133,Tibagi Sao Bento,2025-10-19,0.0
1133,Tibagi Sao Bento,2025-10-20,0.0
1133,Tibagi Sao Bento,2025-10-21,0.2
1133,Tibagi Sao Bento,2025-10-22,0.2
1133,Tibagi Sao Bento,2025-10-23,0.0
1133,Tibagi Sao Bento,2025-10-24,0.0
1133,Tibagi Sao Bento,2025-10-25,0.0
1133,Tibagi Sao Bento,2025-10-26,1.8
1133,Tibagi Sao Bento,2025-10-27,0.6
1133,Tibagi Sao Bento,2025-10-28,14.4
1133,Tibagi Sao Bento,2025-10-29,4.4
1133,Tibagi Sao Bento,2025-10-30,0.0
1133,Tibagi Sao Bento,2025-10-31,0.2
1133,Tibagi Sao Bento,2025-10-31,0.2
1133,Tibagi Sao Bento,2025-11-01,16.4
1133,Tibagi Sao Bento,2025-11-02,38.0
1133,Tibagi Sao Bento,2025-11-03,7.6
1133,Tibagi Sao Bento,2025-11-04,1.8
1133,Tibagi Sao Bento,2025-11-05,0.0
1133,Tibagi Sao Bento,2025-11-06,0.0
1133,Tibagi Sao Bento,2025-11-07,8.6
1133,Tibagi Sao Bento,2025-11-08,3.2
1133,Tibagi Sao Bento,2025-11-09,0.0
1133,Tibagi Sao Bento,2025-11-10,0.0
1133,Tibagi Sao Bento,2025-11-11,0.0
1133,Tibagi Sao Bento,2025-11-12,27.6
1133,Tibagi Sao Bento,2025-11-13,8.4
1133,Tibagi Sao Bento,2025-11-14,0.0
1133,Tibagi Sao Bento,2025-11-15,0.0
1133,Tibagi Sao Bento,2025-11-16,0.2
1133,Tibagi Sao Bento,2025-11-17,25.6
1133,Tibagi Sao Bento,2025-11-18,10.6
1133,Tibagi Sao Bento,2025-11-19,0.0
1133,Tibagi Sao Bento,2025-11-20,0.0
1133,Tibagi Sao Bento,2025-11-21,0.0
1133,Tibagi Sao Bento,2025-11-22,0.0
1133,Tibagi Sao Bento,2025-11-23,0.0
1133,Tibagi Sao Bento,2025-11-24,0.0
1133,Tibagi Sao Bento,2025-11-25,0.0
1133,Tibagi Sao Bento,2025-11-26,0.8
1133,Tibagi Sao Bento,2025-11-27,1.0
2730,Teixeira Soares Limeira,2023-08-31,0.0
2730,Teixeira Soares Limeira,2023-09-01,0.0
2730,Teixeira Soares Limeira,2023-09-02,58.4
2730,Teixeira Soares Limeira,2023-09-03,0.4
2730,Teixeira Soares Limeira,2023-09-04,7.4
2730,Teixeira Soares Limeira,2023-09-05,0.0
2730,Teixeira Soares Limeira,2023-09-06,0.4
2730,Teixeira Soares Limeira,2023-09-07,0.0
2730,Teixeira Soares Limeira,2023-09-08,8.4
2730,Teixeira Soares Limeira,2023-09-09,5.0
2730,Teixeira Soares Limeira,2023-09-10,0.2
2730,Teixeira Soares Limeira,2023-09-11,0.0
2730,Teixeira Soares Limeira,2023-09-12,0.0
2730,Teixeira Soares Limeira,2023-09-13,4.4
2730,Teixeira Soares Limeira,2023-09-14,0.2
2730,Teixeira Soares Limeira,2023-09-15,0.0
2730,Teixeira Soares Limeira,2023-09-16,0.0
2730,Teixeira Soares Limeira,2023-09-17,0.0
2730,Teixeira Soares Limeira,2023-09-18,0.0
2730,Teixeira Soares Limeira,2023-09-19,22.4
2730,Teixeira Soares Limeira,2023-09-20,0.2
2730,Teixeira Soares Limeira,2023-09-21,0.0
2730,Teixeira Soares Limeira,2023-09-22,0.0
2730,Teixeira Soares Limeira,2023-09-23,0.2
2730,Teixeira Soares Limeira,2023-09-24,0.0
2730,Teixeira Soares Limeira,2023-09-25,9.8
2730,Teixeira Soares Limeira,2023-09-26,0.0
2730,Teixeira Soares Limeira,2023-09-27,0.2
2730,Teixeira Soares Limeira,2023-09-28,0.0
2730,Teixeira Soares Limeira,2023-09-29,0.0
2730,Teixeira Soares Limeira,2023-09-30,1.4
2730,Teixeira Soares Limeira,2023-10-01,5.8
2730,Teixeira Soares Limeira,2023-10-02,0.0
2730,Teixeira Soares Limeira,2023-10-03,0.0
2730,Teixeira Soares Limeira,2023-10-04,56.6
2730,Teixeira Soares Limeira,2023-10-05,20.8
2730,Teixeira Soares Limeira,2023-10-06,0.0
2730,Teixeira Soares Limeira,2023-10-07,5.0
2730,Teixeira Soares Limeira,2023-10-08,64.6
2730,Teixeira Soares Limeira,2023-10-09,0.0
2730,Teixeira Soares Limeira,2023-10-10,0.0
2730,Teixeira Soares Limeira,2023-10-11,0.0
2730,Teixeira Soares Limeira,2023-10-12,75.2
2730,Teixeira Soares Limeira,2023-10-13,16.2
2730,Teixeira Soares Limeira,2023-10-14,0.0
2730,Teixeira Soares Limeira,2023-10-15,0.0
2730,Teixeira Soares Limeira,2023-10-16,16.4
2730,Teixeira Soares Limeira,2023-10-17,28.4
2730,Teixeira Soares Limeira,2023-10-18,2.6
2730,Teixeira Soares Limeira,2023-10-19,2.2
2730,Teixeira Soares Limeira,2023-10-20,0.2
2730,Teixeira Soares Limeira,2023-10-21,0.0
2730,Teixeira Soares Limeira,2023-10-22,0.0
2730,Teixeira Soares Limeira,2023-10-23,0.0
2730,Teixeira Soares Limeira,2023-10-24,0.6
2730,Teixeira Soares Limeira,2023-10-25,6.2
2730,Teixeira Soares Limeira,2023-10-26,3.2
2730,Teixeira Soares Limeira,2023-10-27,58.0
2730,Teixeira Soares Limeira,2023-10-28,68.8
2730,Teixeira Soares Limeira,2023-10-29,119.8
2730,Teixeira Soares Limeira,2023-10-30,33.6
2730,Teixeira Soares Limeira,2023-10-31,15.8
2730,Teixeira Soares Limeira,2023-10-31,15.8
2730,Teixeira Soares Limeira,2023-11-01,0.0
2730,Teixeira Soares Limeira,2023-11-02,0.4
2730,Teixeira Soares Limeira,2023-11-03,61.8
2730,Teixeira Soares Limeira,2023-11-04,0.0
2730,Teixeira Soares Limeira,2023-11-05,0.0
2730,Teixeira Soares Limeira,2023-11-06,0.0
2730,Teixeira Soares Limeira,2023-11-07,0.0
2730,Teixeira Soares Limeira,2023-11-08,0.0
2730,Teixeira Soares Limeira,2023-11-09,0.4
2730,Teixeira Soares Limeira,2023-11-10,6.4
2730,Teixeira Soares Limeira,2023-11-11,0.0
2730,Teixeira Soares Limeira,2023-11-12,0.0
2730,Teixeira Soares Limeira,2023-11-13,1.6
2730,Teixeira Soares Limeira,2023-11-14,28.2
2730,Teixeira Soares Limeira,2023-11-15,0.8
2730,Teixeira Soares Limeira,2023-11-16,0.0
2730,Teixeira Soares Limeira,2023-11-17,0.0
2730,Teixeira Soares Limeira,2023-11-18,22.4
2730,Teixeira Soares Limeira,2023-11-19,11.0
2730,Teixeira Soares Limeira,2023-11-20,0.0
2730,Teixeira Soares Limeira,2023-11-21,0.0
2730,Teixeira Soares Limeira,2023-11-22,30.8
2730,Teixeira Soares Limeira,2023-11-23,1.8
2730,Teixeira Soares Limeira,2023-11-24,6.4
2730,Teixeira Soares Limeira,2023-11-25,0.0
2730,Teixeira Soares Limeira,2023-11-26,0.0
2730,Teixeira Soares Limeira,2023-11-27,6.6
2730,Teixeira Soares Limeira,2023-11-28,19.8
2730,Teixeira Soares Limeira,2023-11-29,26.2
2730,Teixeira Soares Limeira,2023-11-30,0.2
2730,Teixeira Soares Limeira,2024-10-31,0.0
2730,Teixeira Soares Limeira,2024-11-01,0.0
2730,Teixeira Soares Limeira,2024-11-02,22.4
2730,Teixeira Soares Limeira,2024-11-03,77.6
2730,Teixeira Soares Limeira,2024-11-04,0.0
2730,Teixeira Soares Limeira,2024-11-05,9.8
2730,Teixeira Soares Limeira,2024-11-06,2.0
2730,Teixeira Soares Limeira,2024-11-07,33.4
2730,Teixeira Soares Limeira,2024-11-08,0.2
2730,Teixeira Soares Limeira,2024-11-09,0.0
2730,Teixeira Soares Limeira,2024-11-10,0.0
2730,Teixeira Soares Limeira,2024-11-11,0.0
2730,Teixeira Soares Limeira,2024-11-12,1.8
2730,Teixeira Soares Limeira,2024-11-13,0.0
2730,Teixeira Soares Limeira,2024-11-14,0.0
2730,Teixeira Soares Limeira,2024-11-15,0.0
2730,Teixeira Soares Limeira,2024-11-16,0.2
2730,Teixeira Soares Limeira,2024-11-17,0.0
2730,Teixeira Soares Limeira,2024-11-18,0.0
2730,Teixeira Soares Limeira,2024-11-19,0.6
2730,Teixeira Soares Limeira,2024-11-20,1.0
2730,Teixeira Soares Limeira,2024-11-21,9.8
2730,Teixeira Soares Limeira,2024-11-22,0.0
2730,Teixeira Soares Limeira,2024-11-23,0.0
2730,Teixeira Soares Limeira,2024-11-24,0.0
2730,Teixeira Soares Limeira,2024-11-25,0.0
2730,Teixeira Soares Limeira,2024-11-26,0.0
2730,Teixeira Soares Limeira,2024-11-27,0.0
2730,Teixeira Soares Limeira,2024-11-28,11.8
2730,Teixeira Soares Limeira,2024-11-29,0.8
2730,Teixeira Soares Limeira,2024-11-30,0.0
2730,Teixeira Soares Limeira,2024-12-01,0.0
2730,Teixeira Soares Limeira,2024-12-02,69.8
2730,Teixeira Soares Limeira,2024-12-03,0.0
2730,Teixeira Soares Limeira,2024-12-04,0.2
2730,Teixeira Soares Limeira,2024-12-05,0.0
2730,Teixeira Soares Limeira,2024-12-06,2.2
2730,Teixeira Soares Limeira,2024-12-07,94.4
2730,Teixeira Soares Limeira,2024-12-08,14.0
2730,Teixeira Soares Limeira,2024-12-09,130.6
2730,Teixeira Soares Limeira,2024-12-10,7.4
2730,Teixeira Soares Limeira,2024-12-11,0.0
2730,Teixeira Soares Limeira,2024-12-12,0.2
2730,Teixeira Soares Limeira,2024-12-13,0.8
2730,Teixeira Soares Limeira,2024-12-14,18.6
2730,Teixeira Soares Limeira,2024-12-15,0.2
2730,Teixeira Soares Limeira,2024-12-16,0.0
2730,Teixeira Soares Limeira,2024-12-17,0.0
2730,Teixeira Soares Limeira,2024-12-18,0.0
2730,Teixeira Soares Limeira,2024-12-19,7.8
2730,Teixeira Soares Limeira,2024-12-20,3.2
2730,Teixeira Soares Limeira,2024-12-21,0.4
2730,Teixeira Soares Limeira,2024-12-22,25.2
2730,Teixeira Soares Limeira,2024-12-23,0.0
2730,Teixeira Soares Limeira,2024-12-24,0.0
2730,Teixeira Soares Limeira,2024-12-25,0.2
2730,Teixeira Soares Limeira,2024-12-26,0.4
2730,Teixeira Soares Limeira,2024-12-27,0.0
2730,Teixeira Soares Limeira,2024-12-28,22.4
2730,Teixeira Soares Limeira,2024-12-29,12.8
2730,Teixeira Soares Limeira,2024-12-30,0.0
2730,Teixeira Soares Limeira,2024-12-31,0.0
2730,Teixeira Soares Limeira,2025-01-01,16.8
2730,Teixeira Soares Limeira,2025-01-02,0.2
2730,Teixeira Soares Limeira,2025-01-03,0.0
2730,Teixeira Soares Limeira,2025-01-04,0.0
2730,Teixeira Soares Limeira,2025-01-05,0.0
2730,Teixeira Soares Limeira,2025-01-06,0.0
2730,Teixeira Soares Limeira,2025-01-07,0.0
2730,Teixeira Soares Limeira,2025-01-08,8.8
2730,Teixeira Soares Limeira,2025-01-09,0.0
2730,Teixeira Soares Limeira,2025-01-10,3.2
2730,Teixeira Soares Limeira,2025-01-11,7.6
2730,Teixeira Soares Limeira,2025-01-12,0.2
2730,Teixeira Soares Limeira,2025-01-13,0.0
2730,Teixeira Soares Limeira,2025-01-14,0.0
2730,Teixeira Soares Limeira,2025-01-15,0.0
2730,Teixeira Soares Limeira,2025-01-16,3.0
2730,Teixeira Soares Limeira,2025-01-17,2.0
2730,Teixeira Soares Limeira,2025-01-18,9.2
2730,Teixeira Soares Limeira,2025-01-19,18.4
2730,Teixeira Soares Limeira,2025-01-20,11.0
2730,Teixeira Soares Limeira,2025-01-21,0.4
2730,Teixeira Soares Limeira,2025-01-22,10.2
2730,Teixeira Soares Limeira,2025-01-23,0.2
2730,Teixeira Soares Limeira,2025-01-24,0.2
2730,Teixeira Soares Limeira,2025-01-25,7.2
2730,Teixeira Soares Limeira,2025-01-26,0.2
2730,Teixeira Soares Limeira,2025-01-27,0.0
2730,Teixeira Soares Limeira,2025-01-28,0.8
2730,Teixeira Soares Limeira,2025-01-29,0.0
2730,Teixeira Soares Limeira,2025-01-30,0.0
2730,Teixeira Soares Limeira,2025-01-31,0.2
2730,Teixeira Soares Limeira,2025-08-31,0.0
2730,Teixeira Soares Limeira,2025-09-01,0.0
2730,Teixeira Soares Limeira,2025-09-02,0.0
2730,Teixeira Soares Limeira,2025-09-03,0.0
2730,Teixeira Soares Limeira,2025-09-04,0.0
2730,Teixeira Soares Limeira,2025-09-05,2.2
2730,Teixeira Soares Limeira,2025-09-06,0.6
2730,Teixeira Soares Limeira,2025-09-07,1.0
2730,Teixeira Soares Limeira,2025-09-08,0.0
2730,Teixeira Soares Limeira,2025-09-09,13.0
2730,Teixeira Soares Limeira,2025-09-10,0.2
2730,Teixeira Soares Limeira,2025-09-11,0.0
2730,Teixeira Soares Limeira,2025-09-12,0.0
2730,Teixeira Soares Limeira,2025-09-13,0.0
2730,Teixeira Soares Limeira,2025-09-14,0.0
2730,Teixeira Soares Limeira,2025-09-15,0.0
2730,Teixeira Soares Limeira,2025-09-16,3.8
2730,Teixeira Soares Limeira,2025-09-17,0.0
2730,Teixeira Soares Limeira,2025-09-18,0.0
2730,Teixeira Soares Limeira,2025-09-19,0.0
2730,Teixeira Soares Limeira,2025-09-20,0.0
2730,Teixeira Soares Limeira,2025-09-21,8.2
2730,Teixeira Soares Limeira,2025-09-22,54.6
2730,Teixeira Soares Limeira,2025-09-23,0.2
2730,Teixeira Soares Limeira,2025-09-24,0.0
2730,Teixeira Soares Limeira,2025-09-25,0.0
2730,Teixeira Soares Limeira,2025-09-26,0.0
2730,Teixeira Soares Limeira,2025-09-27,0.0
2730,Teixeira Soares Limeira,2025-09-28,2.0
2730,Teixeira Soares Limeira,2025-09-29,0.0
2730,Teixeira Soares Limeira,2025-09-30,31.4
2730,Teixeira Soares Limeira,2025-10-01,0.0
2730,Teixeira Soares Limeira,2025-10-02,1.2
2730,Teixeira Soares Limeira,2025-10-03,27.0
2730,Teixeira Soares Limeira,2025-10-04,0.2
2730,Teixeira Soares Limeira,2025-10-05,0.0
2730,Teixeira Soares Limeira,2025-10-06,0.2
2730,Teixeira Soares Limeira,2025-10-07,3.2
2730,Teixeira Soares Limeira,2025-10-08,25.2
2730,Teixeira Soares Limeira,2025-10-09,1.4
2730,Teixeira Soares Limeira,2025-10-10,1.8
2730,Teixeira Soares Limeira,2025-10-11,0.0
2730,Teixeira Soares Limeira,2025-10-12,21.8
2730,Teixeira Soares Limeira,2025-10-13,2.6
2730,Teixeira Soares Limeira,2025-10-14,0.0
2730,Teixeira Soares Limeira,2025-10-15,0.0
2730,Teixeira Soares Limeira,2025-10-16,19.6
2730,Teixeira Soares Limeira,2025-10-17,31.2
2730,Teixeira Soares Limeira,2025-10-18,0.0
2730,Teixeira Soares Limeira,2025-10-19,0.0
2730,Teixeira Soares Limeira,2025-10-20,0.0
2730,Teixeira Soares Limeira,2025-10-21,0.0
2730,Teixeira Soares Limeira,2025-10-22,0.0
2730,Teixeira Soares Limeira,2025-10-23,0.0
2730,Teixeira Soares Limeira,2025-10-24,0.0
2730,Teixeira Soares Limeira,2025-10-25,0.0
2730,Teixeira Soares Limeira,2025-10-26,1.4
2730,Teixeira Soares Limeira,2025-10-27,1.0
2730,Teixeira Soares Limeira,2025-10-28,50.0
2730,Teixeira Soares Limeira,2025-10-29,1.6
2730,Teixeira Soares Limeira,2025-10-30,0.0
2730,Teixeira Soares Limeira,2025-10-31,2.0
2730,Teixeira Soares Limeira,2025-10-31,2.0
2730,Teixeira Soares Limeira,2025-11-01,9.2
2730,Teixeira Soares Limeira,2025-11-02,19.6
2730,Teixeira Soares Limeira,2025-11-03,0.4
2730,Teixeira Soares Limeira,2025-11-04,1.8
2730,Teixeira Soares Limeira,2025-11-05,0.0
2730,Teixeira Soares Limeira,2025-11-06,0.0
2730,Teixeira Soares Limeira,2025-11-07,33.8
2730,Teixeira Soares Limeira,2025-11-08,0.6
2730,Teixeira Soares Limeira,2025-11-09,0.0
2730,Teixeira Soares Limeira,2025-11-10,0.0
2730,Teixeira Soares Limeira,2025-11-11,0.0
2730,Teixeira Soares Limeira,2025-11-12,14.4
2730,Teixeira Soares Limeira,2025-11-13,1.6
2730,Teixeira Soares Limeira,2025-11-14,0.0
2730,Teixeira Soares Limeira,2025-11-15,0.0
2730,Teixeira Soares Limeira,2025-11-16,0.0
2730,Teixeira Soares Limeira,2025-11-17,34.6
2730,Teixeira Soares Limeira,2025-11-18,15.8
2730,Teixeira Soares Limeira,2025-11-19,0.0
2730,Teixeira Soares Limeira,2025-11-20,0.0
2730,Teixeira Soares Limeira,2025-11-21,0.0
2730,Teixeira Soares Limeira,2025-11-22,0.0
2730,Teixeira Soares Limeira,2025-11-23,6.6
2730,Teixeira Soares Limeira,2025-11-24,2.8
2730,Teixeira Soares Limeira,2025-11-25,0.0
2730,Teixeira Soares Limeira,2025-11-26,0.6
2730,Teixeira Soares Limeira,2025-11-27,0.0
2730,Teixeira Soares Limeira,2025-11-28,0.0
2730,Teixeira Soares Limeira,2025-11-29,0.0
2730,Teixeira Soares Limeira,2025-11-30,0.0
2733,Fernandes Pinheiro Bituva,2023-08-31,0.0
2733,Fernandes Pinheiro Bituva,2023-09-01,0.2
2733,Fernandes Pinheiro Bituva,2023-09-02,40.4
2733,Fernandes Pinheiro Bituva,2023-09-03,0.2
2733,Fernandes Pinheiro Bituva,2023-09-04,31.8
2733,Fernandes Pinheiro Bituva,2023-09-05,0.0
2733,Fernandes Pinheiro Bituva,2023-09-06,0.0
2733,Fernandes Pinheiro Bituva,2023-09-07,0.0
2733,Fernandes Pinheiro Bituva,2023-09-08,11.8
2733,Fernandes Pinheiro Bituva,2023-09-09,3.0
2733,Fernandes Pinheiro Bituva,2023-09-10,0.2
2733,Fernandes Pinheiro Bituva,2023-09-11,0.0
2733,Fernandes Pinheiro Bituva,2023-09-12,0.2
2733,Fernandes Pinheiro Bituva,2023-09-13,3.0
2733,Fernandes Pinheiro Bituva,2023-09-14,0.2
2733,Fernandes Pinheiro Bituva,2023-09-15,0.0
2733,Fernandes Pinheiro Bituva,2023-09-16,0.0
2733,Fernandes Pinheiro Bituva,2023-09-17,0.0
2733,Fernandes Pinheiro Bituva,2023-09-18,0.0
2733,Fernandes Pinheiro Bituva,2023-09-19,5.8
2733,Fernandes Pinheiro Bituva,2023-09-20,0.0
2733,Fernandes Pinheiro Bituva,2023-09-21,0.0
2733,Fernandes Pinheiro Bituva,2023-09-22,1.6
2733,Fernandes Pinheiro Bituva,2023-09-23,6.2
2733,Fernandes Pinheiro Bituva,2023-09-24,0.6
2733,Fernandes Pinheiro Bituva,2023-09-25,10.8
2733,Fernandes Pinheiro Bituva,2023-09-26,0.6
2733,Fernandes Pinheiro Bituva,2023-09-27,6.2
2733,Fernandes Pinheiro Bituva,2023-09-28,0.0
2733,Fernandes Pinheiro Bituva,2023-09-29,0.0
2733,Fernandes Pinheiro Bituva,2023-09-30,8.6
2733,Fernandes Pinheiro Bituva,2023-10-01,6.4
2733,Fernandes Pinheiro Bituva,2023-10-02,0.0
2733,Fernandes Pinheiro Bituva,2023-10-03,0.0
2733,Fernandes Pinheiro Bituva,2023-10-04,48.9
2733,Fernandes Pinheiro Bituva,2023-10-05,17.6
2733,Fernandes Pinheiro Bituva,2023-10-06,0.0
2733,Fernandes Pinheiro Bituva,2023-10-07,16.4
2733,Fernandes Pinheiro Bituva,2023-10-08,77.0
2733,Fernandes Pinheiro Bituva,2023-10-09,0.0
2733,Fernandes Pinheiro Bituva,2023-10-10,0.0
2733,Fernandes Pinheiro Bituva,2023-10-11,0.8
2733,Fernandes Pinheiro Bituva,2023-10-12,81.6
2733,Fernandes Pinheiro Bituva,2023-10-13,2.0
2733,Fernandes Pinheiro Bituva,2023-10-14,0.2
2733,Fernandes Pinheiro Bituva,2023-10-15,0.0
2733,Fernandes Pinheiro Bituva,2023-10-16,4.4
2733,Fernandes Pinheiro Bituva,2023-10-17,19.6
2733,Fernandes Pinheiro Bituva,2023-10-18,0.4
2733,Fernandes Pinheiro Bituva,2023-10-19,6.2
2733,Fernandes Pinheiro Bituva,2023-10-20,0.2
2733,Fernandes Pinheiro Bituva,2023-10-21,0.0
2733,Fernandes Pinheiro Bituva,2023-10-22,0.0
2733,Fernandes Pinheiro Bituva,2023-10-23,0.0
2733,Fernandes Pinheiro Bituva,2023-10-24,0.4
2733,Fernandes Pinheiro Bituva,2023-10-25,5.8
2733,Fernandes Pinheiro Bituva,2023-10-26,1.0
2733,Fernandes Pinheiro Bituva,2023-10-27,28.8
2733,Fernandes Pinheiro Bituva,2023-10-28,54.2
2733,Fernandes Pinheiro Bituva,2023-10-29,65.8
2733,Fernandes Pinheiro Bituva,2023-10-30,27.2
2733,Fernandes Pinheiro Bituva,2023-10-31,12.6
2733,Fernandes Pinheiro Bituva,2023-10-31,12.6
2733,Fernandes Pinheiro Bituva,2023-11-01,0.2
2733,Fernandes Pinheiro Bituva,2023-11-02,2.8
2733,Fernandes Pinheiro Bituva,2023-11-03,54.2
2733,Fernandes Pinheiro Bituva,2023-11-04,0.0
2733,Fernandes Pinheiro Bituva,2023-11-05,0.0
2733,Fernandes Pinheiro Bituva,2023-11-06,0.0
2733,Fernandes Pinheiro Bituva,2023-11-07,0.4
2733,Fernandes Pinheiro Bituva,2023-11-08,0.0
2733,Fernandes Pinheiro Bituva,2023-11-09,0.6
2733,Fernandes Pinheiro Bituva,2023-11-10,1.4
2733,Fernandes Pinheiro Bituva,2023-11-11,0.0
2733,Fernandes Pinheiro Bituva,2023-11-12,0.0
2733,Fernandes Pinheiro Bituva,2023-11-13,2.6
2733,Fernandes Pinheiro Bituva,2023-11-14,13.8
2733,Fernandes Pinheiro Bituva,2023-11-15,1.6
2733,Fernandes Pinheiro Bituva,2023-11-16,5.6
2733,Fernandes Pinheiro Bituva,2023-11-17,0.2
2733,Fernandes Pinheiro Bituva,2023-11-18,6.8
2733,Fernandes Pinheiro Bituva,2023-11-19,2.4
2733,Fernandes Pinheiro Bituva,2023-11-20,0.0
2733,Fernandes Pinheiro Bituva,2023-11-21,0.0
2733,Fernandes Pinheiro Bituva,2023-11-22,21.0
2733,Fernandes Pinheiro Bituva,2023-11-23,6.0
2733,Fernandes Pinheiro Bituva,2023-11-24,0.6
2733,Fernandes Pinheiro Bituva,2023-11-25,0.0
2733,Fernandes Pinheiro Bituva,2023-11-26,0.0
2733,Fernandes Pinheiro Bituva,2023-11-27,5.6
2733,Fernandes Pinheiro Bituva,2023-11-28,10.6
2733,Fernandes Pinheiro Bituva,2023-11-29,2.2
2733,Fernandes Pinheiro Bituva,2023-11-30,0.4
2733,Fernandes Pinheiro Bituva,2024-10-31,0.0
2733,Fernandes Pinheiro Bituva,2024-11-01,5.6
2733,Fernandes Pinheiro Bituva,2024-11-02,12.8
2733,Fernandes Pinheiro Bituva,2024-11-03,73.6
2733,Fernandes Pinheiro Bituva,2024-11-04,0.0
2733,Fernandes Pinheiro Bituva,2024-11-05,0.2
2733,Fernandes Pinheiro Bituva,2024-11-06,0.4
2733,Fernandes Pinheiro Bituva,2024-11-07,49.0
2733,Fernandes Pinheiro Bituva,2024-11-08,16.8
2733,Fernandes Pinheiro Bituva,2024-11-09,0.0
2733,Fernandes Pinheiro Bituva,2024-11-10,0.0
2733,Fernandes Pinheiro Bituva,2024-11-11,0.0
2733,Fernandes Pinheiro Bituva,2024-11-12,0.4
2733,Fernandes Pinheiro Bituva,2024-11-13,0.2
2733,Fernandes Pinheiro Bituva,2024-11-14,0.0
2733,Fernandes Pinheiro Bituva,2024-11-15,0.0
2733,Fernandes Pinheiro Bituva,2024-11-16,0.0
2733,Fernandes Pinheiro Bituva,2024-11-17,0.0
2733,Fernandes Pinheiro Bituva,2024-11-18,0.0
2733,Fernandes Pinheiro Bituva,2024-11-19,0.6
2733,Fernandes Pinheiro Bituva,2024-11-20,3.4
2733,Fernandes Pinheiro Bituva,2024-11-21,8.0
2733,Fernandes Pinheiro Bituva,2024-11-22,0.2
2733,Fernandes Pinheiro Bituva,2024-11-23,0.0
2733,Fernandes Pinheiro Bituva,2024-11-24,0.0
2733,Fernandes Pinheiro Bituva,2024-11-25,0.0
2733,Fernandes Pinheiro Bituva,2024-11-26,0.0
2733,Fernandes Pinheiro Bituva,2024-11-27,0.6
2733,Fernandes Pinheiro Bituva,2024-11-28,9.4
2733,Fernandes Pinheiro Bituva,2024-11-29,0.2
2733,Fernandes Pinheiro Bituva,2024-11-30,0.0
2733,Fernandes Pinheiro Bituva,2024-12-01,0.0
2733,Fernandes Pinheiro Bituva,2024-12-02,15.6
2733,Fernandes Pinheiro Bituva,2024-12-03,23.4
2733,Fernandes Pinheiro Bituva,2024-12-04,1.8
2733,Fernandes Pinheiro Bituva,2024-12-05,0.0
2733,Fernandes Pinheiro Bituva,2024-12-06,0.2
2733,Fernandes Pinheiro Bituva,2024-12-07,95.8
2733,Fernandes Pinheiro Bituva,2024-12-08,14.8
2733,Fernandes Pinheiro Bituva,2024-12-09,69.8
2733,Fernandes Pinheiro Bituva,2024-12-10,7.4
2733,Fernandes Pinheiro Bituva,2024-12-11,0.0
2733,Fernandes Pinheiro Bituva,2024-12-12,0.0
2733,Fernandes Pinheiro Bituva,2024-12-13,0.0
2733,Fernandes Pinheiro Bituva,2024-12-14,24.4
2733,Fernandes Pinheiro Bituva,2024-12-15,0.2
2733,Fernandes Pinheiro Bituva,2024-12-16,0.0
2733,Fernandes Pinheiro Bituva,2024-12-17,0.0
2733,Fernandes Pinheiro Bituva,2024-12-18,0.0
2733,Fernandes Pinheiro Bituva,2024-12-19,8.0
2733,Fernandes Pinheiro Bituva,2024-12-20,3.6
2733,Fernandes Pinheiro Bituva,2024-12-21,0.2
2733,Fernandes Pinheiro Bituva,2024-12-22,54.6
2733,Fernandes Pinheiro Bituva,2024-12-23,0.0
2733,Fernandes Pinheiro Bituva,2024-12-24,0.0
2733,Fernandes Pinheiro Bituva,2024-12-25,24.8
2733,Fernandes Pinheiro Bituva,2024-12-26,0.2
2733,Fernandes Pinheiro Bituva,2024-12-27,0.0
2733,Fernandes Pinheiro Bituva,2024-12-28,0.0
2733,Fernandes Pinheiro Bituva,2024-12-29,9.2
2733,Fernandes Pinheiro Bituva,2024-12-30,0.0
2733,Fernandes Pinheiro Bituva,2024-12-31,0.0
2733,Fernandes Pinheiro Bituva,2025-01-01,4.4
2733,Fernandes Pinheiro Bituva,2025-01-02,5.2
2733,Fernandes Pinheiro Bituva,2025-01-03,2.8
2733,Fernandes Pinheiro Bituva,2025-01-04,0.2
2733,Fernandes Pinheiro Bituva,2025-01-05,0.0
2733,Fernandes Pinheiro Bituva,2025-01-06,0.0
2733,Fernandes Pinheiro Bituva,2025-01-07,0.0
2733,Fernandes Pinheiro Bituva,2025-01-08,4.4
2733,Fernandes Pinheiro Bituva,2025-01-09,0.0
2733,Fernandes Pinheiro Bituva,2025-01-10,0.6
2733,Fernandes Pinheiro Bituva,2025-01-11,0.4
2733,Fernandes Pinheiro Bituva,2025-01-12,0.4
2733,Fernandes Pinheiro Bituva,2025-01-13,0.0
2733,Fernandes Pinheiro Bituva,2025-01-14,0.2
2733,Fernandes Pinheiro Bituva,2025-01-15,0.0
2733,Fernandes Pinheiro Bituva,2025-01-16,0.0
2733,Fernandes Pinheiro Bituva,2025-01-17,2.0
2733,Fernandes Pinheiro Bituva,2025-01-18,1.4
2733,Fernandes Pinheiro Bituva,2025-01-19,3.0
2733,Fernandes Pinheiro Bituva,2025-01-20,23.2
2733,Fernandes Pinheiro Bituva,2025-01-21,5.6
2733,Fernandes Pinheiro Bituva,2025-01-22,1.0
2733,Fernandes Pinheiro Bituva,2025-01-23,0.2
2733,Fernandes Pinheiro Bituva,2025-01-24,9.2
2733,Fernandes Pinheiro Bituva,2025-01-25,19.2
2733,Fernandes Pinheiro Bituva,2025-01-26,0.4
2733,Fernandes Pinheiro Bituva,2025-01-27,0.0
2733,Fernandes Pinheiro Bituva,2025-01-28,2.8
2733,Fernandes Pinheiro Bituva,2025-01-29,0.4
2733,Fernandes Pinheiro Bituva,2025-01-30,19.6
2733,Fernandes Pinheiro Bituva,2025-01-31,0.0
2733,Fernandes Pinheiro Bituva,2025-08-31,0.0
2733,Fernandes Pinheiro Bituva,2025-09-01,0.0
2733,Fernandes Pinheiro Bituva,2025-09-02,0.0
2733,Fernandes Pinheiro Bituva,2025-09-03,0.0
2733,Fernandes Pinheiro Bituva,2025-09-04,0.0
2733,Fernandes Pinheiro Bituva,2025-09-05,3.2
2733,Fernandes Pinheiro Bituva,2025-09-06,0.4
2733,Fernandes Pinheiro Bituva,2025-09-07,0.0
2733,Fernandes Pinheiro Bituva,2025-09-08,0.0
2733,Fernandes Pinheiro Bituva,2025-09-09,11.6
2733,Fernandes Pinheiro Bituva,2025-09-10,0.2
2733,Fernandes Pinheiro Bituva,2025-09-11,0.0
2733,Fernandes Pinheiro Bituva,2025-09-12,0.0
2733,Fernandes Pinheiro Bituva,2025-09-13,0.0
2733,Fernandes Pinheiro Bituva,2025-09-14,0.0
2733,Fernandes Pinheiro Bituva,2025-09-15,0.0
2733,Fernandes Pinheiro Bituva,2025-09-16,7.0
2733,Fernandes Pinheiro Bituva,2025-09-17,0.0
2733,Fernandes Pinheiro Bituva,2025-09-18,0.0
2733,Fernandes Pinheiro Bituva,2025-09-19,0.0
2733,Fernandes Pinheiro Bituva,2025-09-20,0.0
2733,Fernandes Pinheiro Bituva,2025-09-21,9.8
2733,Fernandes Pinheiro Bituva,2025-09-22,50.2
2733,Fernandes Pinheiro Bituva,2025-09-23,0.2
2733,Fernandes Pinheiro Bituva,2025-09-24,0.2
2733,Fernandes Pinheiro Bituva,2025-09-25,0.0
2733,Fernandes Pinheiro Bituva,2025-09-26,0.0
2733,Fernandes Pinheiro Bituva,2025-09-27,0.0
2733,Fernandes Pinheiro Bituva,2025-09-28,1.8
2733,Fernandes Pinheiro Bituva,2025-09-29,0.2
2733,Fernandes Pinheiro Bituva,2025-09-30,17.6
2733,Fernandes Pinheiro Bituva,2025-10-01,2.4
2733,Fernandes Pinheiro Bituva,2025-10-02,0.2
2733,Fernandes Pinheiro Bituva,2025-10-03,0.6
2733,Fernandes Pinheiro Bituva,2025-10-04,18.6
2733,Fernandes Pinheiro Bituva,2025-10-05,0.8
2733,Fernandes Pinheiro Bituva,2025-10-06,0.4
2733,Fernandes Pinheiro Bituva,2025-10-07,0.2
2733,Fernandes Pinheiro Bituva,2025-10-08,0.6
2733,Fernandes Pinheiro Bituva,2025-10-09,5.0
2733,Fernandes Pinheiro Bituva,2025-10-10,10.0
2733,Fernandes Pinheiro Bituva,2025-10-11,3.4
2733,Fernandes Pinheiro Bituva,2025-10-12,0.4
2733,Fernandes Pinheiro Bituva,2025-10-13,0.2
2733,Fernandes Pinheiro Bituva,2025-10-14,0.6
2733,Fernandes Pinheiro Bituva,2025-10-15,0.0
2733,Fernandes Pinheiro Bituva,2025-10-16,0.2
2733,Fernandes Pinheiro Bituva,2025-10-17,0.2
2733,Fernandes Pinheiro Bituva,2025-10-18,0.2
2733,Fernandes Pinheiro Bituva,2025-10-19,0.0
2733,Fernandes Pinheiro Bituva,2025-10-20,0.0
2733,Fernandes Pinheiro Bituva,2025-10-21,0.0
2733,Fernandes Pinheiro Bituva,2025-10-22,0.0
2733,Fernandes Pinheiro Bituva,2025-10-23,0.0
2733,Fernandes Pinheiro Bituva,2025-10-24,0.0
2733,Fernandes Pinheiro Bituva,2025-10-25,0.0
2733,Fernandes Pinheiro Bituva,2025-10-26,1.2
2733,Fernandes Pinheiro Bituva,2025-10-27,0.0
2733,Fernandes Pinheiro Bituva,2025-10-28,27.4
2733,Fernandes Pinheiro Bituva,2025-10-29,0.6
2733,Fernandes Pinheiro Bituva,2025-10-30,0.0
2733,Fernandes Pinheiro Bituva,2025-10-31,0.2
2733,Fernandes Pinheiro Bituva,2025-10-31,0.2
2733,Fernandes Pinheiro Bituva,2025-11-01,9.0
2733,Fernandes Pinheiro Bituva,2025-11-02,17.4
2733,Fernandes Pinheiro Bituva,2025-11-03,4.2
2733,Fernandes Pinheiro Bituva,2025-11-04,20.4
2733,Fernandes Pinheiro Bituva,2025-11-05,0.0
2733,Fernandes Pinheiro Bituva,2025-11-06,0.2
2733,Fernandes Pinheiro Bituva,2025-11-07,21.6
2733,Fernandes Pinheiro Bituva,2025-11-08,0.4
2733,Fernandes Pinheiro Bituva,2025-11-09,0.0
2733,Fernandes Pinheiro Bituva,2025-11-10,0.0
2733,Fernandes Pinheiro Bituva,2025-11-11,0.2
2733,Fernandes Pinheiro Bituva,2025-11-12,10.4
2733,Fernandes Pinheiro Bituva,2025-11-13,0.2
2733,Fernandes Pinheiro Bituva,2025-11-14,0.0
2733,Fernandes Pinheiro Bituva,2025-11-15,0.0
2733,Fernandes Pinheiro Bituva,2025-11-16,0.0
2733,Fernandes Pinheiro Bituva,2025-11-17,18.6
2733,Fernandes Pinheiro Bituva,2025-11-18,1.6
2733,Fernandes Pinheiro Bituva,2025-11-19,0.2
2733,Fernandes Pinheiro Bituva,2025-11-20,0.0
2733,Fernandes Pinheiro Bituva,2025-11-21,0.0
2733,Fernandes Pinheiro Bituva,2025-11-22,0.0
2733,Fernandes Pinheiro Bituva,2025-11-23,4.2
2733,Fernandes Pinheiro Bituva,2025-11-24,8.8
2733,Fernandes Pinheiro Bituva,2025-11-25,0.0
2733,Fernandes Pinheiro Bituva,2025-11-26,0.0
2733,Fernandes Pinheiro Bituva,2025-11-27,0.0
2733,Fernandes Pinheiro Bituva,2025-11-28,0.0
2733,Fernandes Pinheiro Bituva,2025-11-29,0.0
2733,Fernandes Pinheiro Bituva,2025-11-30,19.6
1224,Castro CDE,2019-03-31,0.0
1224,Castro CDE,2019-04-01,0.0
1224,Castro CDE,2019-04-02,0.0
1224,Castro CDE,2019-04-03,0.0
1224,Castro CDE,2019-04-04,0.0
1224,Castro CDE,2019-04-05,0.8
1224,Castro CDE,2019-04-06,41.4
1224,Castro CDE,2019-04-07,18.2
1224,Castro CDE,2019-04-08,37.0
1224,Castro CDE,2019-04-09,0.0
1224,Castro CDE,2019-04-10,0.0
1224,Castro CDE,2019-04-11,0.2
1224,Castro CDE,2019-04-12,0.2
1224,Castro CDE,2019-04-13,0.0
1224,Castro CDE,2019-04-14,0.0
1224,Castro CDE,2019-04-15,0.0
1224,Castro CDE,2019-04-16,0.0
1224,Castro CDE,2019-04-17,0.2
1224,Castro CDE,2019-04-18,0.2
1224,Castro CDE,2019-04-19,0.2
1224,Castro CDE,2019-04-20,0.0
1224,Castro CDE,2019-04-21,22.8
1224,Castro CDE,2019-04-22,1.6
1224,Castro CDE,2019-04-23,0.0
1224,Castro CDE,2019-04-24,0.0
1224,Castro CDE,2019-04-25,9.6
1224,Castro CDE,2019-04-26,0.6
1224,Castro CDE,2019-04-27,20.8
1224,Castro CDE,2019-04-28,28.0
1224,Castro CDE,2019-04-29,0.2
1224,Castro CDE,2019-04-30,0.0
1224,Castro CDE,2019-05-01,0.0
1224,Castro CDE,2019-05-02,0.2
1224,Castro CDE,2019-05-03,0.2
1224,Castro CDE,2019-05-04,1.8
1224,Castro CDE,2019-05-05,0.2
1224,Castro CDE,2019-05-06,7.8
1224,Castro CDE,2019-05-07,0.0
1224,Castro CDE,2019-05-08,0.0
1224,Castro CDE,2019-05-09,0.0
1224,Castro CDE,2019-05-10,0.0
1224,Castro CDE,2019-05-11,5.2
1224,Castro CDE,2019-05-12,1.4
1224,Castro CDE,2019-05-13,0.6
1224,Castro CDE,2019-05-14,0.24
1224,Castro CDE,2019-05-15,0.21
1224,Castro CDE,2019-05-16,0.2
1224,Castro CDE,2019-05-17,1.6
1224,Castro CDE,2019-05-18,1.0
1224,Castro CDE,2019-05-19,0.0
1224,Castro CDE,2019-05-20,0.08
1224,Castro CDE,2019-05-21,1.17
1224,Castro CDE,2019-05-22,0.2
1224,Castro CDE,2019-05-23,29.4
1224,Castro CDE,2019-05-24,15.2
1224,Castro CDE,2019-05-25,0.0
1224,Castro CDE,2019-05-26,0.2
1224,Castro CDE,2019-05-27,0.2
1224,Castro CDE,2019-05-28,76.2
1224,Castro CDE,2019-05-29,1.0
1224,Castro CDE,2019-05-30,20.8
1224,Castro CDE,2019-05-31,57.0
1224,Castro CDE,2019-05-31,57.0
1224,Castro CDE,2019-06-01,27.6
1224,Castro CDE,2019-06-02,20.2
1224,Castro CDE,2019-06-03,11.8
1224,Castro CDE,2019-06-04,0.4
1224,Castro CDE,2019-06-05,0.4
1224,Castro CDE,2019-06-06,0.0
1224,Castro CDE,2019-06-07,0.2
1224,Castro CDE,2019-06-08,0.2
1224,Castro CDE,2019-06-09,0.2
1224,Castro CDE,2019-06-10,0.0
1224,Castro CDE,2019-06-11,0.2
1224,Castro CDE,2019-06-12,0.4
1224,Castro CDE,2019-06-13,0.2
1224,Castro CDE,2019-06-14,0.2
1224,Castro CDE,2019-06-15,0.0
1224,Castro CDE,2019-06-16,0.2
1224,Castro CDE,2019-06-17,0.2
1224,Castro CDE,2019-06-18,0.0
1224,Castro CDE,2019-06-19,0.2
1224,Castro CDE,2019-06-20,0.0
1224,Castro CDE,2019-06-21,0.0
1224,Castro CDE,2019-06-22,0.2
1224,Castro CDE,2019-06-23,0.2
1224,Castro CDE,2019-06-24,0.2
1224,Castro CDE,2019-06-25,0.2
1224,Castro CDE,2019-06-26,3.6
1224,Castro CDE,2019-06-27,0.2
1224,Castro CDE,2019-06-28,0.0
1224,Castro CDE,2019-06-29,0.2
1224,Castro CDE,2019-06-30,0.0
1224,Castro CDE,2020-12-01,11.2
1224,Castro CDE,2020-12-02,7.6
1224,Castro CDE,2020-12-03,15.8
1224,Castro CDE,2020-12-04,7.8
1224,Castro CDE,2020-12-05,13.2
1224,Castro CDE,2020-12-06,2.0
1224,Castro CDE,2020-12-07,0.2
1224,Castro CDE,2020-12-08,0.0
1224,Castro CDE,2020-12-09,0.8
1224,Castro CDE,2020-12-10,10.0
1224,Castro CDE,2020-12-11,14.0
1224,Castro CDE,2020-12-12,0.0
1224,Castro CDE,2020-12-13,1.6
1224,Castro CDE,2020-12-14,0.8
1224,Castro CDE,2020-12-15,1.8
1224,Castro CDE,2020-12-16,11.2
1224,Castro CDE,2020-12-17,6.2
1224,Castro CDE,2020-12-18,0.4
1224,Castro CDE,2020-12-19,3.6
1224,Castro CDE,2020-12-20,0.4
1224,Castro CDE,2020-12-21,0.2
1224,Castro CDE,2020-12-22,0.0
1224,Castro CDE,2020-12-23,0.0
1224,Castro CDE,2020-12-24,0.0
1224,Castro CDE,2020-12-25,0.0
1224,Castro CDE,2020-12-26,7.6
1224,Castro CDE,2020-12-27,9.6
1224,Castro CDE,2020-12-28,6.0
1224,Castro CDE,2020-12-29,0.0
1224,Castro CDE,2020-12-30,0.0
1224,Castro CDE,2020-12-31,7.6
1224,Castro CDE,2021-01-01,0.2
1224,Castro CDE,2021-01-02,0.0
1224,Castro CDE,2021-01-03,3.0
1224,Castro CDE,2021-01-04,6.2
1224,Castro CDE,2021-01-05,1.0
1224,Castro CDE,2021-01-06,0.4
1224,Castro CDE,2021-01-07,7.0
1224,Castro CDE,2021-01-08,4.85
1224,Castro CDE,2021-01-09,2.19
1224,Castro CDE,2021-01-10,0.24
1224,Castro CDE,2021-01-11,0.0
1224,Castro CDE,2021-01-12,0.89
1224,Castro CDE,2021-01-13,1.0
1224,Castro CDE,2021-01-14,0.6
1224,Castro CDE,2021-01-15,9.4
1224,Castro CDE,2021-01-16,1.8
1224,Castro CDE,2021-01-17,30.0
1224,Castro CDE,2021-01-18,16.4
1224,Castro CDE,2021-01-19,9.8
1224,Castro CDE,2021-01-20,9.2
1224,Castro CDE,2021-01-21,6.4
1224,Castro CDE,2021-01-22,3.6
1224,Castro CDE,2021-01-23,5.0
1224,Castro CDE,2021-01-24,2.8
1224,Castro CDE,2021-01-25,17.6
1224,Castro CDE,2021-01-26,1.4
1224,Castro CDE,2021-01-27,1.0
1224,Castro CDE,2021-01-28,1.4
1224,Castro CDE,2021-01-29,8.6
1224,Castro CDE,2021-01-30,18.8
1224,Castro CDE,2021-01-31,1.0
1224,Castro CDE,2022-05-01,0.0
1224,Castro CDE,2022-05-02,0.4
1224,Castro CDE,2022-05-03,8.8
1224,Castro CDE,2022-05-04,0.8
1224,Castro CDE,2022-05-05,0.0
1224,Castro CDE,2022-05-06,0.0
1224,Castro CDE,2022-05-07,0.0
1224,Castro CDE,2022-05-08,0.0
1224,Castro CDE,2022-05-09,0.0
1224,Castro CDE,2022-05-10,11.62
1224,Castro CDE,2022-05-11,1.12
1224,Castro CDE,2022-05-14,1.4
1224,Castro CDE,2022-05-15,0.0
1224,Castro CDE,2022-05-16,5.35
1224,Castro CDE,2022-05-17,0.0
1224,Castro CDE,2022-05-18,0.0
1224,Castro CDE,2022-05-19,0.0
1224,Castro CDE,2022-05-20,0.2
1224,Castro CDE,2022-05-21,0.2
1224,Castro CDE,2022-05-22,0.2
1224,Castro CDE,2022-05-23,0.0
1224,Castro CDE,2022-05-24,0.2
1224,Castro CDE,2022-05-25,0.2
1224,Castro CDE,2022-05-26,0.0
1224,Castro CDE,2022-05-27,0.0
1224,Castro CDE,2022-05-28,0.0
1224,Castro CDE,2022-05-29,13.8
1224,Castro CDE,2022-05-30,32.6
1224,Castro CDE,2022-05-31,9.0
1224,Castro CDE,2022-05-31,9.0
1224,Castro CDE,2022-06-01,11.6
1224,Castro CDE,2022-06-02,21.0
1224,Castro CDE,2022-06-03,0.2
1224,Castro CDE,2022-06-04,0.0
1224,Castro CDE,2022-06-05,0.0
1224,Castro CDE,2022-06-06,0.2
1224,Castro CDE,2022-06-07,26.8
1224,Castro CDE,2022-06-08,0.0
1224,Castro CDE,2022-06-09,26.6
1224,Castro CDE,2022-06-10,1.2
1224,Castro CDE,2022-06-11,0.0
1224,Castro CDE,2022-06-12,0.0
1224,Castro CDE,2022-06-13,0.2
1224,Castro CDE,2022-06-14,0.0
1224,Castro CDE,2022-06-15,0.0
1224,Castro CDE,2022-06-16,0.0
1224,Castro CDE,2022-06-17,13.2
1224,Castro CDE,2022-06-18,0.0
1224,Castro CDE,2022-06-19,0.0
1224,Castro CDE,2022-06-20,0.0
1224,Castro CDE,2022-06-21,0.0
1224,Castro CDE,2022-06-22,0.0
1224,Castro CDE,2022-06-23,0.0
1224,Castro CDE,2022-06-25,0.0
1224,Castro CDE,2022-06-27,0.0
1224,Castro CDE,2022-06-28,0.0
1224,Castro CDE,2022-06-29,0.0
1224,Castro CDE,2022-06-30,0.2
1224,Castro CDE,2022-08-31,0.0
1224,Castro CDE,2022-09-01,0.0
1224,Castro CDE,2022-09-02,0.8
1224,Castro CDE,2022-09-03,23.2
1224,Castro CDE,2022-09-04,0.0
1224,Castro CDE,2022-09-05,3.2
1224,Castro CDE,2022-09-06,14.0
1224,Castro CDE,2022-09-07,5.7
1224,Castro CDE,2022-09-08,0.0
1224,Castro CDE,2022-09-09,0.0
1224,Castro CDE,2022-09-10,0.0
1224,Castro CDE,2022-09-11,0.0
1224,Castro CDE,2022-09-12,0.6
1224,Castro CDE,2022-09-13,16.6
1224,Castro CDE,2022-09-14,23.8
1224,Castro CDE,2022-09-15,6.5
1224,Castro CDE,2022-09-16,0.2
1224,Castro CDE,2022-09-17,1.0
1224,Castro CDE,2022-09-18,0.0
1224,Castro CDE,2022-09-19,9.4
1224,Castro CDE,2022-09-20,1.8
1224,Castro CDE,2022-09-21,29.6
1224,Castro CDE,2022-09-22,1.6
1224,Castro CDE,2022-09-23,0.0
1224,Castro CDE,2022-09-24,0.2
1224,Castro CDE,2022-09-25,8.2
1224,Castro CDE,2022-09-26,37.4
1224,Castro CDE,2022-09-27,4.4
1224,Castro CDE,2022-09-28,8.2
1224,Castro CDE,2022-09-29,2.2
1224,Castro CDE,2022-09-30,0.4
1224,Castro CDE,2022-10-01,1.0
1224,Castro CDE,2022-10-02,0.2
1224,Castro CDE,2022-10-03,3.4
1224,Castro CDE,2022-10-04,0.0
1224,Castro CDE,2022-10-05,0.0
1224,Castro CDE,2022-10-06,32.4
1224,Castro CDE,2022-10-07,0.8
1224,Castro CDE,2022-10-08,0.0
1224,Castro CDE,2022-10-09,0.0
1224,Castro CDE,2022-10-10,1.0
1224,Castro CDE,2022-10-11,15.4
1224,Castro CDE,2022-10-12,4.6
1224,Castro CDE,2022-10-13,10.6
1224,Castro CDE,2022-10-14,16.6
1224,Castro CDE,2022-10-15,6.4
1224,Castro CDE,2022-10-16,4.6
1224,Castro CDE,2022-10-17,0.6
1224,Castro CDE,2022-10-18,9.0
1224,Castro CDE,2022-10-19,1.0
1224,Castro CDE,2022-10-20,38.13
1224,Castro CDE,2022-10-21,3.2
1224,Castro CDE,2022-10-22,0.0
1224,Castro CDE,2022-10-23,0.0
1224,Castro CDE,2022-10-24,0.0
1224,Castro CDE,2022-10-25,0.0
1224,Castro CDE,2022-10-26,0.0
1224,Castro CDE,2022-10-27,0.0
1224,Castro CDE,2022-10-28,0.0
1224,Castro CDE,2022-10-29,13.4
1224,Castro CDE,2022-10-30,29.6
1224,Castro CDE,2022-10-31,22.4
1224,Castro CDE,2022-10-31,22.4
1224,Castro CDE,2022-11-01,9.6
1224,Castro CDE,2022-11-02,2.0
1224,Castro CDE,2022-11-03,0.2
1224,Castro CDE,2022-11-04,0.0
1224,Castro CDE,2022-11-05,0.0
1224,Castro CDE,2022-11-06,0.0
1224,Castro CDE,2022-11-07,0.0
1224,Castro CDE,2022-11-08,0.0
1224,Castro CDE,2022-11-09,0.0
1224,Castro CDE,2022-11-10,0.0
1224,Castro CDE,2022-11-11,22.6
1224,Castro CDE,2022-11-12,0.0
1224,Castro CDE,2022-11-13,11.2
1224,Castro CDE,2022-11-14,15.2
1224,Castro CDE,2022-11-15,0.0
1224,Castro CDE,2022-11-16,0.0
1224,Castro CDE,2022-11-17,0.0
1224,Castro CDE,2022-11-18,0.0
1224,Castro CDE,2022-11-19,0.0
1224,Castro CDE,2022-11-20,0.0
1224,Castro CDE,2022-11-21,0.0
1224,Castro CDE,2022-11-22,8.6
1224,Castro CDE,2022-11-23,0.0
1224,Castro CDE,2022-11-24,0.0
1224,Castro CDE,2022-11-25,0.0
1224,Castro CDE,2022-11-26,0.8
1224,Castro CDE,2022-11-27,2.4
1224,Castro CDE,2022-11-28,1.4
1224,Castro CDE,2022-11-29,2.0
1224,Castro CDE,2022-11-30,0.0
1224,Castro CDE,2023-08-31,0.0
1224,Castro CDE,2023-09-01,0.2
1224,Castro CDE,2023-09-02,73.4
1224,Castro CDE,2023-09-03,4.2
1224,Castro CDE,2023-09-04,10.0
1224,Castro CDE,2023-09-05,0.0
1224,Castro CDE,2023-09-06,0.0
1224,Castro CDE,2023-09-07,0.0
1224,Castro CDE,2023-09-08,1.6
1224,Castro CDE,2023-09-09,3.6
1224,Castro CDE,2023-09-10,0.2
1224,Castro CDE,2023-09-11,0.0
1224,Castro CDE,2023-09-12,0.2
1224,Castro CDE,2023-09-13,0.6
1224,Castro CDE,2023-09-14,1.0
1224,Castro CDE,2023-09-15,0.0
1224,Castro CDE,2023-09-16,0.0
1224,Castro CDE,2023-09-17,0.0
1224,Castro CDE,2023-09-18,3.0
1224,Castro CDE,2023-09-19,12.8
1224,Castro CDE,2023-09-20,3.6
1224,Castro CDE,2023-09-21,0.0
1224,Castro CDE,2023-09-22,2.2
1224,Castro CDE,2023-09-23,0.0
1224,Castro CDE,2023-09-24,0.2
1224,Castro CDE,2023-09-25,9.8
1224,Castro CDE,2023-09-26,0.0
1224,Castro CDE,2023-09-27,0.0
1224,Castro CDE,2023-09-28,1.2
1224,Castro CDE,2023-09-29,0.0
1224,Castro CDE,2023-09-30,11.8
1224,Castro CDE,2023-10-01,6.2
1224,Castro CDE,2023-10-02,0.0
1224,Castro CDE,2023-10-03,0.0
1224,Castro CDE,2023-10-04,39.2
1224,Castro CDE,2023-10-05,7.0
1224,Castro CDE,2023-10-06,0.0
1224,Castro CDE,2023-10-07,47.2
1224,Castro CDE,2023-10-08,59.0
1224,Castro CDE,2023-10-09,0.0
1224,Castro CDE,2023-10-10,0.0
1224,Castro CDE,2023-10-11,0.0
1224,Castro CDE,2023-10-12,42.8
1224,Castro CDE,2023-10-13,3.4
1224,Castro CDE,2023-10-14,0.4
1224,Castro CDE,2023-10-15,0.0
1224,Castro CDE,2023-10-16,18.0
1224,Castro CDE,2023-10-17,38.4
1224,Castro CDE,2023-10-18,0.2
1224,Castro CDE,2023-10-19,1.6
1224,Castro CDE,2023-10-20,1.0
1224,Castro CDE,2023-10-21,0.0
1224,Castro CDE,2023-10-22,0.0
1224,Castro CDE,2023-10-23,0.2
1224,Castro CDE,2023-10-24,12.0
1224,Castro CDE,2023-10-25,0.6
1224,Castro CDE,2023-10-26,11.2
1224,Castro CDE,2023-10-27,17.0
1224,Castro CDE,2023-10-28,27.2
1224,Castro CDE,2023-10-29,84.8
1224,Castro CDE,2023-10-30,10.4
1224,Castro CDE,2023-10-31,10.4
1224,Castro CDE,2023-10-31,10.4
1224,Castro CDE,2023-11-01,0.2
1224,Castro CDE,2023-11-02,0.0
1224,Castro CDE,2023-11-03,47.2
1224,Castro CDE,2023-11-04,0.0
1224,Castro CDE,2023-11-05,1.4
1224,Castro CDE,2023-11-06,0.0
1224,Castro CDE,2023-11-07,0.0
1224,Castro CDE,2023-11-08,0.0
1224,Castro CDE,2023-11-09,0.2
1224,Castro CDE,2023-11-10,5.8
1224,Castro CDE,2023-11-11,0.0
1224,Castro CDE,2023-11-12,0.0
1224,Castro CDE,2023-11-13,0.0
1224,Castro CDE,2023-11-14,12.2
1224,Castro CDE,2023-11-15,0.2
1224,Castro CDE,2023-11-16,6.4
1224,Castro CDE,2023-11-17,0.0
1224,Castro CDE,2023-11-18,1.0
1224,Castro CDE,2023-11-19,0.8
1224,Castro CDE,2023-11-20,0.0
1224,Castro CDE,2023-11-21,0.0
1224,Castro CDE,2023-11-22,5.4
1224,Castro CDE,2023-11-23,50.6
1224,Castro CDE,2023-11-24,10.6
1224,Castro CDE,2023-11-25,5.0
1224,Castro CDE,2023-11-26,0.0
1224,Castro CDE,2023-11-27,1.2
1224,Castro CDE,2023-11-28,20.4
1224,Castro CDE,2023-11-29,1.2
1224,Castro CDE,2023-11-30,0.0
1224,Castro CDE,2024-10-31,0.0
1224,Castro CDE,2024-11-01,0.6
1224,Castro CDE,2024-11-02,12.2
1224,Castro CDE,2024-11-03,12.6
1224,Castro CDE,2024-11-04,0.2
1224,Castro CDE,2024-11-05,5.0
1224,Castro CDE,2024-11-06,7.4
1224,Castro CDE,2024-11-07,23.8
1224,Castro CDE,2024-11-08,3.6
1224,Castro CDE,2024-11-09,0.2
1224,Castro CDE,2024-11-10,0.0
1224,Castro CDE,2024-11-11,0.0
1224,Castro CDE,2024-11-12,4.8
1224,Castro CDE,2024-11-13,0.0
1224,Castro CDE,2024-11-14,0.0
1224,Castro CDE,2024-11-15,0.0
1224,Castro CDE,2024-11-16,0.0
1224,Castro CDE,2024-11-17,0.0
1224,Castro CDE,2024-11-18,0.2
1224,Castro CDE,2024-11-19,4.8
1224,Castro CDE,2024-11-20,0.0
1224,Castro CDE,2024-11-21,10.4
1224,Castro CDE,2024-11-22,1.0
1224,Castro CDE,2024-11-23,0.0
1224,Castro CDE,2024-11-24,0.0
1224,Castro CDE,2024-11-25,0.0
1224,Castro CDE,2024-11-26,0.0
1224,Castro CDE,2024-11-27,0.0
1224,Castro CDE,2024-11-28,6.0
1224,Castro CDE,2024-11-29,3.2
1224,Castro CDE,2024-11-30,0.2
1224,Castro CDE,2024-12-01,0.4
1224,Castro CDE,2024-12-02,28.8
1224,Castro CDE,2024-12-03,3.8
1224,Castro CDE,2024-12-04,0.6
1224,Castro CDE,2024-12-05,0.0
1224,Castro CDE,2024-12-06,0.2
1224,Castro CDE,2024-12-07,103.4
1224,Castro CDE,2024-12-08,34.2
1224,Castro CDE,2024-12-09,82.2
1224,Castro CDE,2024-12-10,18.4
1224,Castro CDE,2024-12-11,0.2
1224,Castro CDE,2024-12-12,0.6
1224,Castro CDE,2024-12-13,0.0
1224,Castro CDE,2024-12-14,13.6
1224,Castro CDE,2024-12-15,0.0
1224,Castro CDE,2024-12-16,0.0
1224,Castro CDE,2024-12-17,1.5
1224,Castro CDE,2024-12-18,0.2
1224,Castro CDE,2024-12-19,8.6
1224,Castro CDE,2024-12-20,24.0
1224,Castro CDE,2024-12-21,0.2
1224,Castro CDE,2024-12-22,2.4
1224,Castro CDE,2024-12-23,0.2
1224,Castro CDE,2024-12-24,0.2
1224,Castro CDE,2024-12-25,3.4
1224,Castro CDE,2024-12-26,10.4
1224,Castro CDE,2024-12-27,0.4
1224,Castro CDE,2024-12-28,0.0
1224,Castro CDE,2024-12-29,5.2
1224,Castro CDE,2024-12-30,0.0
1224,Castro CDE,2024-12-31,3.8
1224,Castro CDE,2025-01-01,16.4
1224,Castro CDE,2025-01-02,3.6
1224,Castro CDE,2025-01-03,0.0
1224,Castro CDE,2025-01-04,0.0
1224,Castro CDE,2025-01-05,0.0
1224,Castro CDE,2025-01-06,0.0
1224,Castro CDE,2025-01-07,23.0
1224,Castro CDE,2025-01-08,29.6
1224,Castro CDE,2025-01-09,0.0
1224,Castro CDE,2025-01-10,0.0
1224,Castro CDE,2025-01-11,17.0
1224,Castro CDE,2025-01-12,0.2
1224,Castro CDE,2025-01-13,0.0
1224,Castro CDE,2025-01-14,0.0
1224,Castro CDE,2025-01-15,0.0
1224,Castro CDE,2025-01-16,5.0
1224,Castro CDE,2025-01-17,45.0
1224,Castro CDE,2025-01-18,6.6
1224,Castro CDE,2025-01-19,17.6
1224,Castro CDE,2025-01-20,4.4
1224,Castro CDE,2025-01-21,16.2
1224,Castro CDE,2025-01-22,4.0
1224,Castro CDE,2025-01-23,12.8
1224,Castro CDE,2025-01-24,10.6
1224,Castro CDE,2025-01-25,0.8
1224,Castro CDE,2025-01-26,0.4
1224,Castro CDE,2025-01-27,1.8
1224,Castro CDE,2025-01-28,41.6
1224,Castro CDE,2025-01-29,20.4
1224,Castro CDE,2025-01-30,16.2
1224,Castro CDE,2025-01-31,19.4
1224,Castro CDE,2025-08-31,0.0
1224,Castro CDE,2025-09-01,0.0
1224,Castro CDE,2025-09-02,0.0
1224,Castro CDE,2025-09-03,0.0
1224,Castro CDE,2025-09-04,0.0
1224,Castro CDE,2025-09-05,0.4
1224,Castro CDE,2025-09-06,0.4
1224,Castro CDE,2025-09-07,0.0
1224,Castro CDE,2025-09-08,0.0
1224,Castro CDE,2025-09-09,5.2
1224,Castro CDE,2025-09-10,0.6
1224,Castro CDE,2025-09-11,0.0
1224,Castro CDE,2025-09-12,0.0
1224,Castro CDE,2025-09-13,0.0
1224,Castro CDE,2025-09-14,0.0
1224,Castro CDE,2025-09-15,0.0
1224,Castro CDE,2025-09-16,0.0
1224,Castro CDE,2025-09-17,0.0
1224,Castro CDE,2025-09-18,0.0
1224,Castro CDE,2025-09-19,0.0
1224,Castro CDE,2025-09-20,0.0
1224,Castro CDE,2025-09-21,6.2
1224,Castro CDE,2025-09-22,36.9
1224,Castro CDE,2025-09-23,0.2
1224,Castro CDE,2025-09-24,0.0
1224,Castro CDE,2025-09-25,0.0
1224,Castro CDE,2025-09-26,0.0
1224,Castro CDE,2025-09-27,0.0
1224,Castro CDE,2025-09-28,0.0
1224,Castro CDE,2025-09-29,0.2
1224,Castro CDE,2025-09-30,4.4
1224,Castro CDE,2025-10-01,1.0
1224,Castro CDE,2025-10-02,2.4
1224,Castro CDE,2025-10-03,15.4
1224,Castro CDE,2025-10-04,0.2
1224,Castro CDE,2025-10-05,0.0
1224,Castro CDE,2025-10-06,0.0
1224,Castro CDE,2025-10-07,13.9
1224,Castro CDE,2025-10-08,27.4
1224,Castro CDE,2025-10-09,0.2
1224,Castro CDE,2025-10-10,10.2
1224,Castro CDE,2025-10-11,0.0
1224,Castro CDE,2025-10-12,16.6
1224,Castro CDE,2025-10-13,0.8
1224,Castro CDE,2025-10-14,0.4
1224,Castro CDE,2025-10-15,0.0
1224,Castro CDE,2025-10-16,2.8
1224,Castro CDE,2025-10-17,11.6
1224,Castro CDE,2025-10-18,7.8
1224,Castro CDE,2025-10-19,0.0
1224,Castro CDE,2025-10-20,0.0
1224,Castro CDE,2025-10-21,0.0
1224,Castro CDE,2025-10-22,0.0
1224,Castro CDE,2025-10-23,0.0
1224,Castro CDE,2025-10-24,0.0
1224,Castro CDE,2025-10-25,0.0
1224,Castro CDE,2025-10-26,0.6
1224,Castro CDE,2025-10-27,1.2
1224,Castro CDE,2025-10-28,1.8
1224,Castro CDE,2025-10-29,6.2
1224,Castro CDE,2025-10-30,0.6
1224,Castro CDE,2025-10-31,0.4
1224,Castro CDE,2025-10-31,0.4
1224,Castro CDE,2025-11-01,13.4
1224,Castro CDE,2025-11-02,28.5
1224,Castro CDE,2025-11-03,3.4
1224,Castro CDE,2025-11-04,0.0
1224,Castro CDE,2025-11-05,0.2
1224,Castro CDE,2025-11-06,0.2
1224,Castro CDE,2025-11-07,5.2
1224,Castro CDE,2025-11-08,11.8
1224,Castro CDE,2025-11-09,0.2
1224,Castro CDE,2025-11-10,0.0
1224,Castro CDE,2025-11-11,0.2
1224,Castro CDE,2025-11-12,5.8
1224,Castro CDE,2025-11-13,6.2
1224,Castro CDE,2025-11-14,0.0
1224,Castro CDE,2025-11-15,0.0
1224,Castro CDE,2025-11-16,1.8
1224,Castro CDE,2025-11-17,17.6
1224,Castro CDE,2025-11-18,2.6
1224,Castro CDE,2025-11-19,0.0
1224,Castro CDE,2025-11-20,0.0
1224,Castro CDE,2025-11-21,0.0
1224,Castro CDE,2025-11-22,0.0
1224,Castro CDE,2025-11-23,30.0
1224,Castro CDE,2025-11-24,11.8
1224,Castro CDE,2025-11-25,0.0
1224,Castro CDE,2025-11-26,0.0
1224,Castro CDE,2025-11-27,0.0
1224,Castro CDE,2025-11-28,4.6
1224,Castro CDE,2025-11-29,0.2
1224,Castro CDE,2025-11-30,0.0
819,Castro-PR,2015-08-31,0.0
819,Castro-PR,2015-09-01,0.0
819,Castro-PR,2015-09-02,0.0
819,Castro-PR,2015-09-03,1.2
819,Castro-PR,2015-09-04,7.4
819,Castro-PR,2015-09-05,0.2
819,Castro-PR,2015-09-06,0.0
819,Castro-PR,2015-09-07,8.4
819,Castro-PR,2015-09-08,80.0
819,Castro-PR,2015-09-09,0.2
819,Castro-PR,2015-09-10,14.2
819,Castro-PR,2015-09-11,0.2
819,Castro-PR,2015-09-12,0.0
819,Castro-PR,2015-09-13,0.0
819,Castro-PR,2015-09-14,0.0
819,Castro-PR,2015-09-15,0.0
819,Castro-PR,2015-09-16,1.4
819,Castro-PR,2015-09-17,0.6
819,Castro-PR,2015-09-18,0.0
819,Castro-PR,2015-09-19,0.0
819,Castro-PR,2015-09-20,0.0
819,Castro-PR,2015-09-21,0.0
819,Castro-PR,2015-09-22,0.0
819,Castro-PR,2015-09-23,0.0
819,Castro-PR,2015-09-24,0.0
819,Castro-PR,2015-09-25,5.6
819,Castro-PR,2015-09-26,15.4
819,Castro-PR,2015-09-27,16.8
819,Castro-PR,2015-09-28,0.2
819,Castro-PR,2015-09-29,0.0
819,Castro-PR,2015-09-30,4.8
819,Castro-PR,2015-10-01,0.0
819,Castro-PR,2015-10-02,2.2
819,Castro-PR,2015-10-03,5.0
819,Castro-PR,2015-10-04,0.0
819,Castro-PR,2015-10-05,0.0
819,Castro-PR,2015-10-06,0.0
819,Castro-PR,2015-10-07,0.0
819,Castro-PR,2015-10-08,6.6
819,Castro-PR,2015-10-09,25.0
819,Castro-PR,2015-10-10,8.0
819,Castro-PR,2015-10-11,39.4
819,Castro-PR,2015-10-12,22.8
819,Castro-PR,2015-10-13,0.2
819,Castro-PR,2015-10-14,0.0
819,Castro-PR,2015-10-15,0.2
819,Castro-PR,2015-10-16,0.0
819,Castro-PR,2015-10-17,0.0
819,Castro-PR,2015-10-18,0.0
819,Castro-PR,2015-10-19,0.0
819,Castro-PR,2015-10-20,0.2
819,Castro-PR,2015-10-21,0.0
819,Castro-PR,2015-10-22,0.0
819,Castro-PR,2015-10-23,0.0
819,Castro-PR,2015-10-24,0.0
819,Castro-PR,2015-10-25,0.2
819,Castro-PR,2015-10-26,0.0
819,Castro-PR,2015-10-27,0.0
819,Castro-PR,2015-10-28,0.2
819,Castro-PR,2015-10-29,0.0
819,Castro-PR,2015-10-30,0.0
819,Castro-PR,2015-10-31,0.2
819,Castro-PR,2017-05-01,0.0
819,Castro-PR,2017-05-02,0.0
819,Castro-PR,2017-05-03,0.0
819,Castro-PR,2017-05-04,4.4
819,Castro-PR,2017-05-05,12.8
819,Castro-PR,2017-05-06,0.0
819,Castro-PR,2017-05-07,0.0
819,Castro-PR,2017-05-08,0.0
819,Castro-PR,2017-05-09,0.0
819,Castro-PR,2017-05-10,7.2
819,Castro-PR,2017-05-11,1.2
819,Castro-PR,2017-05-12,0.0
819,Castro-PR,2017-05-13,0.0
819,Castro-PR,2017-05-14,5.0
819,Castro-PR,2017-05-15,0.0
819,Castro-PR,2017-05-16,0.2
819,Castro-PR,2017-05-17,0.2
819,Castro-PR,2017-05-18,60.4
819,Castro-PR,2017-05-19,35.8
819,Castro-PR,2017-05-20,0.8
819,Castro-PR,2017-05-21,26.0
819,Castro-PR,2017-05-22,0.2
819,Castro-PR,2017-05-23,0.0
819,Castro-PR,2017-05-24,0.4
819,Castro-PR,2017-05-25,0.0
819,Castro-PR,2017-05-26,0.0
819,Castro-PR,2017-05-27,0.0
819,Castro-PR,2017-05-28,0.0
819,Castro-PR,2017-05-29,0.0
819,Castro-PR,2017-05-30,0.0
819,Castro-PR,2017-05-31,34.0
819,Castro-PR,2017-05-31,34.0
819,Castro-PR,2017-06-01,0.8
819,Castro-PR,2017-06-02,0.0
819,Castro-PR,2017-06-03,0.0
819,Castro-PR,2017-06-04,0.0
819,Castro-PR,2017-06-05,112.4
819,Castro-PR,2017-06-06,45.8
819,Castro-PR,2017-06-07,6.8
819,Castro-PR,2017-06-08,6.6
819,Castro-PR,2017-06-09,2.2
819,Castro-PR,2017-06-10,0.0
819,Castro-PR,2017-06-11,0.0
819,Castro-PR,2017-06-12,0.0
819,Castro-PR,2017-06-13,3.8
819,Castro-PR,2017-06-14,0.0
819,Castro-PR,2017-06-15,0.2
819,Castro-PR,2017-06-16,0.0
819,Castro-PR,2017-06-17,0.0
819,Castro-PR,2017-06-18,0.0
819,Castro-PR,2017-06-19,6.8
819,Castro-PR,2017-06-20,14.4
819,Castro-PR,2017-06-21,0.2
819,Castro-PR,2017-06-22,0.2
819,Castro-PR,2017-06-23,0.0
819,Castro-PR,2017-06-24,0.0
819,Castro-PR,2017-06-25,0.0
819,Castro-PR,2017-06-26,0.0
819,Castro-PR,2017-06-27,0.0
819,Castro-PR,2017-06-28,0.0
819,Castro-PR,2017-06-29,0.0
819,Castro-PR,2017-06-30,0.0
819,Castro-PR,2019-03-31,0.0
819,Castro-PR,2019-04-01,0.0
819,Castro-PR,2019-04-02,0.0
819,Castro-PR,2019-04-03,0.0
819,Castro-PR,2019-04-04,0.0
819,Castro-PR,2019-04-05,0.6
819,Castro-PR,2019-04-06,37.0
819,Castro-PR,2019-04-07,18.0
819,Castro-PR,2019-04-08,10.0
819,Castro-PR,2019-04-09,0.2
819,Castro-PR,2019-04-10,0.0
819,Castro-PR,2019-04-11,0.0
819,Castro-PR,2019-04-12,0.0
819,Castro-PR,2019-04-13,0.0
819,Castro-PR,2019-04-14,0.0
819,Castro-PR,2019-04-15,0.0
819,Castro-PR,2019-04-16,0.0
819,Castro-PR,2019-04-17,0.0
819,Castro-PR,2019-04-18,0.0
819,Castro-PR,2019-04-19,0.0
819,Castro-PR,2019-04-20,0.0
819,Castro-PR,2019-04-21,8.6
819,Castro-PR,2019-04-22,3.0
819,Castro-PR,2019-04-23,0.0
819,Castro-PR,2019-04-24,0.2
819,Castro-PR,2019-04-25,3.6
819,Castro-PR,2019-04-26,8.4
819,Castro-PR,2019-04-27,22.0
819,Castro-PR,2019-04-28,31.8
819,Castro-PR,2019-04-29,0.2
819,Castro-PR,2019-04-30,0.0
819,Castro-PR,2019-05-01,0.0
819,Castro-PR,2019-05-02,0.0
819,Castro-PR,2019-05-03,0.0
819,Castro-PR,2019-05-04,9.4
819,Castro-PR,2019-05-05,0.6
819,Castro-PR,2019-05-06,6.0
819,Castro-PR,2019-05-07,0.2
819,Castro-PR,2019-05-08,0.2
819,Castro-PR,2019-05-09,0.0
819,Castro-PR,2019-05-10,0.0
819,Castro-PR,2019-05-11,4.8
819,Castro-PR,2019-05-12,1.2
819,Castro-PR,2019-05-13,0.2
819,Castro-PR,2019-05-14,0.6
819,Castro-PR,2019-05-15,0.6
819,Castro-PR,2019-05-16,0.0
819,Castro-PR,2019-05-17,1.2
819,Castro-PR,2019-05-18,0.8
819,Castro-PR,2019-05-19,0.0
819,Castro-PR,2019-05-20,0.0
819,Castro-PR,2019-05-21,0.0
819,Castro-PR,2019-05-22,0.0
819,Castro-PR,2019-05-23,32.8
819,Castro-PR,2019-05-24,18.0
819,Castro-PR,2019-05-25,0.0
819,Castro-PR,2019-05-26,0.0
819,Castro-PR,2019-05-27,0.0
819,Castro-PR,2019-05-28,74.2
819,Castro-PR,2019-05-29,0.8
819,Castro-PR,2019-05-30,23.0
819,Castro-PR,2019-05-31,60.2
819,Castro-PR,2019-05-31,60.2
819,Castro-PR,2019-06-01,38.2
819,Castro-PR,2019-06-02,20.8
819,Castro-PR,2019-06-03,12.4
819,Castro-PR,2019-06-04,1.4
819,Castro-PR,2019-06-05,0.4
819,Castro-PR,2019-06-06,0.0
819,Castro-PR,2019-06-07,0.0
819,Castro-PR,2019-06-08,0.0
819,Castro-PR,2019-06-09,0.0
819,Castro-PR,2019-06-10,0.0
819,Castro-PR,2019-06-11,0.0
819,Castro-PR,2019-06-12,0.2
819,Castro-PR,2019-06-13,0.2
819,Castro-PR,2019-06-14,0.0
819,Castro-PR,2019-06-15,0.0
819,Castro-PR,2019-06-16,0.0
819,Castro-PR,2019-06-17,0.0
819,Castro-PR,2019-06-18,0.0
819,Castro-PR,2019-06-19,0.0
819,Castro-PR,2019-06-20,0.0
819,Castro-PR,2019-06-21,0.0
819,Castro-PR,2019-06-22,0.0
819,Castro-PR,2019-06-23,0.2
819,Castro-PR,2019-06-24,0.0
819,Castro-PR,2019-06-25,0.0
819,Castro-PR,2019-06-26,6.4
819,Castro-PR,2019-06-27,0.2
819,Castro-PR,2019-06-28,0.0
819,Castro-PR,2019-06-29,0.0
819,Castro-PR,2019-06-30,0.0
819,Castro-PR,2020-12-01,7.4
819,Castro-PR,2020-12-02,9.2
819,Castro-PR,2020-12-03,17.8
819,Castro-PR,2020-12-04,18.4
819,Castro-PR,2020-12-05,21.4
819,Castro-PR,2020-12-06,3.2
819,Castro-PR,2020-12-07,0.2
819,Castro-PR,2020-12-08,0.0
819,Castro-PR,2020-12-09,0.2
819,Castro-PR,2020-12-10,6.6
819,Castro-PR,2020-12-11,13.8
819,Castro-PR,2020-12-12,0.2
819,Castro-PR,2020-12-13,6.2
819,Castro-PR,2020-12-14,2.2
819,Castro-PR,2020-12-15,3.0
819,Castro-PR,2020-12-16,4.0
819,Castro-PR,2020-12-17,10.0
819,Castro-PR,2020-12-18,0.2
819,Castro-PR,2020-12-19,3.0
819,Castro-PR,2020-12-20,5.2
819,Castro-PR,2020-12-21,0.2
819,Castro-PR,2020-12-22,0.0
819,Castro-PR,2020-12-23,0.0
819,Castro-PR,2020-12-24,0.0
819,Castro-PR,2020-12-25,0.0
819,Castro-PR,2020-12-26,16.8
819,Castro-PR,2020-12-27,1.8
819,Castro-PR,2020-12-28,0.0
819,Castro-PR,2020-12-29,0.0
819,Castro-PR,2020-12-30,0.0
819,Castro-PR,2020-12-31,5.8
819,Castro-PR,2021-01-01,0.6
819,Castro-PR,2021-01-02,0.0
819,Castro-PR,2021-01-03,0.4
819,Castro-PR,2021-01-04,27.2
819,Castro-PR,2021-01-05,1.4
819,Castro-PR,2021-01-06,0.4
819,Castro-PR,2021-01-07,1.0
819,Castro-PR,2021-01-08,6.2
819,Castro-PR,2021-01-09,0.4
819,Castro-PR,2021-01-10,0.0
819,Castro-PR,2021-01-11,0.0
819,Castro-PR,2021-01-12,0.0
819,Castro-PR,2021-01-13,0.0
819,Castro-PR,2021-01-14,0.2
819,Castro-PR,2021-01-15,14.8
819,Castro-PR,2021-01-16,1.8
819,Castro-PR,2021-01-17,26.4
819,Castro-PR,2021-01-18,35.4
819,Castro-PR,2021-01-19,20.6
819,Castro-PR,2021-01-20,25.8
819,Castro-PR,2021-01-21,3.4
819,Castro-PR,2021-01-22,6.0
819,Castro-PR,2021-01-23,7.2
819,Castro-PR,2021-01-24,0.8
819,Castro-PR,2021-01-25,8.6
819,Castro-PR,2021-01-26,0.2
819,Castro-PR,2021-01-27,3.4
819,Castro-PR,2021-01-28,1.8
819,Castro-PR,2021-01-29,1.0
819,Castro-PR,2021-01-30,4.0
819,Castro-PR,2021-01-31,0.0
2411,Palmeira Ursula,2022-09-22,0.0
2411,Palmeira Ursula,2022-09-23,0.0
2411,Palmeira Ursula,2022-09-24,0.0
2411,Palmeira Ursula,2022-09-25,9.0
2411,Palmeira Ursula,2022-09-26,17.2
2411,Palmeira Ursula,2022-09-27,0.6
2411,Palmeira Ursula,2022-09-28,0.4
2411,Palmeira Ursula,2022-09-29,0.2
2411,Palmeira Ursula,2022-09-30,0.2
2411,Palmeira Ursula,2022-10-01,0.4
2411,Palmeira Ursula,2022-10-02,0.0
2411,Palmeira Ursula,2022-10-03,0.0
2411,Palmeira Ursula,2022-10-04,0.0
2411,Palmeira Ursula,2022-10-05,0.0
2411,Palmeira Ursula,2022-10-06,9.6
2411,Palmeira Ursula,2022-10-07,1.0
2411,Palmeira Ursula,2022-10-08,0.0
2411,Palmeira Ursula,2022-10-09,0.0
2411,Palmeira Ursula,2022-10-10,0.0
2411,Palmeira Ursula,2022-10-11,4.8
2411,Palmeira Ursula,2022-10-12,1.4
2411,Palmeira Ursula,2022-10-13,2.4
2411,Palmeira Ursula,2022-10-14,9.2
2411,Palmeira Ursula,2022-10-15,0.6
2411,Palmeira Ursula,2022-10-16,6.0
2411,Palmeira Ursula,2022-10-17,0.0
2411,Palmeira Ursula,2022-10-18,1.8
2411,Palmeira Ursula,2022-10-19,0.0
2411,Palmeira Ursula,2022-10-20,29.4
2411,Palmeira Ursula,2022-10-21,2.8
2411,Palmeira Ursula,2022-10-22,0.0
2411,Palmeira Ursula,2022-10-23,0.0
2411,Palmeira Ursula,2022-10-24,0.2
2411,Palmeira Ursula,2022-10-25,0.0
2411,Palmeira Ursula,2022-10-26,0.0
2411,Palmeira Ursula,2022-10-27,0.0
2411,Palmeira Ursula,2022-10-28,0.0
2411,Palmeira Ursula,2022-10-29,29.4
2411,Palmeira Ursula,2022-10-30,8.2
2411,Palmeira Ursula,2022-10-31,5.6
2411,Palmeira Ursula,2022-10-31,5.6
2411,Palmeira Ursula,2022-11-01,1.8
2411,Palmeira Ursula,2022-11-02,0.4
2411,Palmeira Ursula,2022-11-03,0.0
2411,Palmeira Ursula,2022-11-04,0.0
2411,Palmeira Ursula,2022-11-05,0.0
2411,Palmeira Ursula,2022-11-06,0.0
2411,Palmeira Ursula,2022-11-07,0.0
2411,Palmeira Ursula,2022-11-08,0.2
2411,Palmeira Ursula,2022-11-09,0.2
2411,Palmeira Ursula,2022-11-10,0.0
2411,Palmeira Ursula,2022-11-11,12.2
2411,Palmeira Ursula,2022-11-12,0.4
2411,Palmeira Ursula,2022-11-13,12.2
2411,Palmeira Ursula,2022-11-14,9.2
2411,Palmeira Ursula,2022-11-15,0.0
2411,Palmeira Ursula,2022-11-16,0.0
2411,Palmeira Ursula,2022-11-17,0.0
2411,Palmeira Ursula,2022-11-18,0.0
2411,Palmeira Ursula,2022-11-19,0.0
2411,Palmeira Ursula,2022-11-20,0.0
2411,Palmeira Ursula,2022-11-21,0.0
2411,Palmeira Ursula,2022-11-22,2.6
2411,Palmeira Ursula,2022-11-23,4.2
2411,Palmeira Ursula,2022-11-24,0.0
2411,Palmeira Ursula,2022-11-25,0.0
2411,Palmeira Ursula,2022-11-26,4.4
2411,Palmeira Ursula,2022-11-27,1.2
2411,Palmeira Ursula,2022-11-28,21.0
2411,Palmeira Ursula,2022-11-29,13.0
2411,Palmeira Ursula,2022-11-30,6.4
2411,Palmeira Ursula,2023-08-31,0.0
2411,Palmeira Ursula,2023-09-01,0.0
2411,Palmeira Ursula,2023-09-02,46.2
2411,Palmeira Ursula,2023-09-03,0.0
2411,Palmeira Ursula,2023-09-04,10.0
2411,Palmeira Ursula,2023-09-05,0.0
2411,Palmeira Ursula,2023-09-06,0.0
2411,Palmeira Ursula,2023-09-07,0.0
2411,Palmeira Ursula,2023-09-08,0.4
2411,Palmeira Ursula,2023-09-09,7.2
2411,Palmeira Ursula,2023-09-10,0.2
2411,Palmeira Ursula,2023-09-11,0.0
2411,Palmeira Ursula,2023-09-12,0.0
2411,Palmeira Ursula,2023-09-13,10.6
2411,Palmeira Ursula,2023-09-14,1.0
2411,Palmeira Ursula,2023-09-15,0.0
2411,Palmeira Ursula,2023-09-16,0.0
2411,Palmeira Ursula,2023-09-17,0.0
2411,Palmeira Ursula,2023-09-18,0.0
2411,Palmeira Ursula,2023-09-19,12.6
2411,Palmeira Ursula,2023-09-20,0.0
2411,Palmeira Ursula,2023-09-21,0.0
2411,Palmeira Ursula,2023-09-22,9.6
2411,Palmeira Ursula,2023-09-23,0.2
2411,Palmeira Ursula,2023-09-24,0.0
2411,Palmeira Ursula,2023-09-25,19.6
2411,Palmeira Ursula,2023-09-26,6.2
2411,Palmeira Ursula,2023-09-27,3.0
2411,Palmeira Ursula,2023-09-28,0.0
2411,Palmeira Ursula,2023-09-29,0.0
2411,Palmeira Ursula,2023-09-30,6.2
2411,Palmeira Ursula,2023-10-01,7.0
2411,Palmeira Ursula,2023-10-02,0.0
2411,Palmeira Ursula,2023-10-03,0.0
2411,Palmeira Ursula,2023-10-04,80.8
2411,Palmeira Ursula,2023-10-05,28.2
2411,Palmeira Ursula,2023-10-06,0.0
2411,Palmeira Ursula,2023-10-07,33.8
2411,Palmeira Ursula,2023-10-08,47.6
2411,Palmeira Ursula,2023-10-09,0.0
2411,Palmeira Ursula,2023-10-10,0.0
2411,Palmeira Ursula,2023-10-11,0.0
2411,Palmeira Ursula,2023-10-12,0.2
2411,Palmeira Ursula,2023-10-13,0.0
2411,Palmeira Ursula,2023-10-14,0.0
2411,Palmeira Ursula,2023-10-15,0.0
2411,Palmeira Ursula,2023-10-16,0.0
2411,Palmeira Ursula,2023-10-17,5.2
2411,Palmeira Ursula,2023-10-18,0.6
2411,Palmeira Ursula,2023-10-19,2.8
2411,Palmeira Ursula,2023-10-20,0.2
2411,Palmeira Ursula,2023-10-21,0.0
2411,Palmeira Ursula,2023-10-22,0.0
2411,Palmeira Ursula,2023-10-23,0.0
2411,Palmeira Ursula,2023-10-24,0.0
2411,Palmeira Ursula,2023-10-25,41.4
2411,Palmeira Ursula,2023-10-26,30.2
2411,Palmeira Ursula,2023-10-27,50.0
2411,Palmeira Ursula,2023-10-28,33.8
2411,Palmeira Ursula,2023-10-29,75.4
2411,Palmeira Ursula,2023-10-30,21.8
2411,Palmeira Ursula,2023-10-31,9.8
2411,Palmeira Ursula,2023-10-31,9.8
2411,Palmeira Ursula,2023-11-01,0.0
2411,Palmeira Ursula,2023-11-02,0.0
2411,Palmeira Ursula,2023-11-03,50.2
2411,Palmeira Ursula,2023-11-04,0.0
2411,Palmeira Ursula,2023-11-05,0.0
2411,Palmeira Ursula,2023-11-06,0.0
2411,Palmeira Ursula,2023-11-07,0.0
2411,Palmeira Ursula,2023-11-08,0.0
2411,Palmeira Ursula,2023-11-09,0.0
2411,Palmeira Ursula,2023-11-10,0.4
2411,Palmeira Ursula,2023-11-11,0.0
2411,Palmeira Ursula,2023-11-12,0.0
2411,Palmeira Ursula,2023-11-13,4.8
2411,Palmeira Ursula,2023-11-14,2.0
2411,Palmeira Ursula,2023-11-15,0.2
2411,Palmeira Ursula,2023-11-16,0.0
2411,Palmeira Ursula,2023-11-17,5.8
2411,Palmeira Ursula,2023-11-18,4.2
2411,Palmeira Ursula,2023-11-19,16.4
2411,Palmeira Ursula,2023-11-20,0.0
2411,Palmeira Ursula,2023-11-21,0.0
2411,Palmeira Ursula,2023-11-22,33.6
2411,Palmeira Ursula,2023-11-23,38.0
2411,Palmeira Ursula,2023-11-24,4.2
2411,Palmeira Ursula,2023-11-25,0.0
2411,Palmeira Ursula,2023-11-26,0.2
2411,Palmeira Ursula,2023-11-27,4.0
2411,Palmeira Ursula,2023-11-28,18.8
2411,Palmeira Ursula,2023-11-29,4.6
2411,Palmeira Ursula,2023-11-30,0.0
2411,Palmeira Ursula,2024-10-31,0.0
2411,Palmeira Ursula,2024-11-01,0.0
2411,Palmeira Ursula,2024-11-02,11.2
2411,Palmeira Ursula,2024-11-03,8.8
2411,Palmeira Ursula,2024-11-04,3.6
2411,Palmeira Ursula,2024-11-05,0.4
2411,Palmeira Ursula,2024-11-06,0.4
2411,Palmeira Ursula,2024-11-07,14.6
2411,Palmeira Ursula,2024-11-08,0.0
2411,Palmeira Ursula,2024-11-09,0.0
2411,Palmeira Ursula,2024-11-10,0.0
2411,Palmeira Ursula,2024-11-11,0.0
2411,Palmeira Ursula,2024-11-12,0.0
2411,Palmeira Ursula,2024-11-13,13.6
2411,Palmeira Ursula,2024-11-14,0.0
2411,Palmeira Ursula,2024-11-15,0.0
2411,Palmeira Ursula,2024-11-16,0.0
2411,Palmeira Ursula,2024-11-17,0.0
2411,Palmeira Ursula,2024-11-18,0.0
2411,Palmeira Ursula,2024-11-19,0.0
2411,Palmeira Ursula,2024-11-20,0.0
2411,Palmeira Ursula,2024-11-21,24.8
2411,Palmeira Ursula,2024-11-22,0.0
2411,Palmeira Ursula,2024-11-23,0.2
2411,Palmeira Ursula,2024-11-24,0.0
2411,Palmeira Ursula,2024-11-25,0.0
2411,Palmeira Ursula,2024-11-26,0.0
2411,Palmeira Ursula,2024-11-27,9.0
2411,Palmeira Ursula,2024-11-28,16.4
2411,Palmeira Ursula,2024-11-29,1.6
2411,Palmeira Ursula,2024-11-30,0.0
2411,Palmeira Ursula,2024-12-01,0.0
2411,Palmeira Ursula,2024-12-02,30.6
2411,Palmeira Ursula,2024-12-03,2.2
2411,Palmeira Ursula,2024-12-04,0.2
2411,Palmeira Ursula,2024-12-05,0.0
2411,Palmeira Ursula,2024-12-06,7.8
2411,Palmeira Ursula,2024-12-07,107.0
2411,Palmeira Ursula,2024-12-08,10.0
2411,Palmeira Ursula,2024-12-09,76.8
2411,Palmeira Ursula,2024-12-10,5.8
2411,Palmeira Ursula,2024-12-11,0.0
2411,Palmeira Ursula,2024-12-12,0.0
2411,Palmeira Ursula,2024-12-13,0.0
2411,Palmeira Ursula,2024-12-14,16.4
2411,Palmeira Ursula,2024-12-15,0.0
2411,Palmeira Ursula,2024-12-16,0.0
2411,Palmeira Ursula,2024-12-17,0.0
2411,Palmeira Ursula,2024-12-18,0.0
2411,Palmeira Ursula,2024-12-19,12.8
2411,Palmeira Ursula,2024-12-20,1.2
2411,Palmeira Ursula,2024-12-21,0.2
2411,Palmeira Ursula,2024-12-22,11.4
2411,Palmeira Ursula,2024-12-23,0.0
2411,Palmeira Ursula,2024-12-24,0.0
2411,Palmeira Ursula,2024-12-25,0.0
2411,Palmeira Ursula,2024-12-26,2.6
2411,Palmeira Ursula,2024-12-27,0.0
2411,Palmeira Ursula,2024-12-28,0.0
2411,Palmeira Ursula,2024-12-29,8.2
2411,Palmeira Ursula,2024-12-30,0.0
2411,Palmeira Ursula,2024-12-31,0.4
2411,Palmeira Ursula,2025-01-01,0.0
2411,Palmeira Ursula,2025-01-02,4.8
2411,Palmeira Ursula,2025-01-03,0.0
2411,Palmeira Ursula,2025-01-04,0.0
2411,Palmeira Ursula,2025-01-05,0.0
2411,Palmeira Ursula,2025-01-06,0.0
2411,Palmeira Ursula,2025-01-07,0.2
2411,Palmeira Ursula,2025-01-08,7.0
2411,Palmeira Ursula,2025-01-09,0.0
2411,Palmeira Ursula,2025-01-10,0.0
2411,Palmeira Ursula,2025-01-11,14.6
2411,Palmeira Ursula,2025-01-12,0.0
2411,Palmeira Ursula,2025-01-13,0.0
2411,Palmeira Ursula,2025-01-14,0.0
2411,Palmeira Ursula,2025-01-15,0.2
2411,Palmeira Ursula,2025-01-16,0.0
2411,Palmeira Ursula,2025-01-17,0.6
2411,Palmeira Ursula,2025-01-18,13.8
2411,Palmeira Ursula,2025-01-19,46.8
2411,Palmeira Ursula,2025-01-20,22.8
2411,Palmeira Ursula,2025-01-21,0.2
2411,Palmeira Ursula,2025-01-22,4.0
2411,Palmeira Ursula,2025-01-23,0.2
2411,Palmeira Ursula,2025-01-24,5.0
2411,Palmeira Ursula,2025-01-25,27.8
2411,Palmeira Ursula,2025-01-26,0.0
2411,Palmeira Ursula,2025-01-27,4.8
2411,Palmeira Ursula,2025-01-28,15.8
2411,Palmeira Ursula,2025-01-29,11.0
2411,Palmeira Ursula,2025-01-30,3.6
2411,Palmeira Ursula,2025-01-31,5.4
2411,Palmeira Ursula,2025-08-31,0.0
2411,Palmeira Ursula,2025-09-01,0.0
2411,Palmeira Ursula,2025-09-02,0.0
2411,Palmeira Ursula,2025-09-03,0.0
2411,Palmeira Ursula,2025-09-04,0.0
2411,Palmeira Ursula,2025-09-05,1.8
2411,Palmeira Ursula,2025-09-06,0.0
2411,Palmeira Ursula,2025-09-07,0.0
2411,Palmeira Ursula,2025-09-08,0.2
2411,Palmeira Ursula,2025-09-09,10.8
2411,Palmeira Ursula,2025-09-10,0.0
2411,Palmeira Ursula,2025-09-11,0.0
2411,Palmeira Ursula,2025-09-12,0.0
2411,Palmeira Ursula,2025-09-13,0.0
2411,Palmeira Ursula,2025-09-14,0.0
2411,Palmeira Ursula,2025-09-15,0.0
2411,Palmeira Ursula,2025-09-16,3.6
2411,Palmeira Ursula,2025-09-17,0.2
2411,Palmeira Ursula,2025-09-18,0.0
2411,Palmeira Ursula,2025-09-19,0.0
2411,Palmeira Ursula,2025-09-20,0.0
2411,Palmeira Ursula,2025-09-21,29.2
2411,Palmeira Ursula,2025-09-22,48.2
2411,Palmeira Ursula,2025-09-23,0.0
2411,Palmeira Ursula,2025-09-24,0.0
2411,Palmeira Ursula,2025-09-25,0.0
2411,Palmeira Ursula,2025-09-26,0.2
2411,Palmeira Ursula,2025-09-27,0.0
2411,Palmeira Ursula,2025-09-28,1.0
2411,Palmeira Ursula,2025-09-29,0.0
2411,Palmeira Ursula,2025-09-30,19.0
2411,Palmeira Ursula,2025-10-01,0.0
2411,Palmeira Ursula,2025-10-02,2.4
2411,Palmeira Ursula,2025-10-03,23.0
2411,Palmeira Ursula,2025-10-04,1.2
2411,Palmeira Ursula,2025-10-05,0.0
2411,Palmeira Ursula,2025-10-06,0.0
2411,Palmeira Ursula,2025-10-07,4.6
2411,Palmeira Ursula,2025-10-08,22.6
2411,Palmeira Ursula,2025-10-09,2.0
2411,Palmeira Ursula,2025-10-10,11.4
2411,Palmeira Ursula,2025-10-11,0.0
2411,Palmeira Ursula,2025-10-12,6.4
2411,Palmeira Ursula,2025-10-13,3.0
2411,Palmeira Ursula,2025-10-14,0.2
2411,Palmeira Ursula,2025-10-15,0.0
2411,Palmeira Ursula,2025-10-16,1.8
2411,Palmeira Ursula,2025-10-17,16.0
2411,Palmeira Ursula,2025-10-18,0.4
2411,Palmeira Ursula,2025-10-19,0.0
2411,Palmeira Ursula,2025-10-20,0.0
2411,Palmeira Ursula,2025-10-21,0.0
2411,Palmeira Ursula,2025-10-22,0.0
2411,Palmeira Ursula,2025-10-23,0.0
2411,Palmeira Ursula,2025-10-24,0.0
2411,Palmeira Ursula,2025-10-25,0.0
2411,Palmeira Ursula,2025-10-26,0.0
2411,Palmeira Ursula,2025-10-27,0.6
2411,Palmeira Ursula,2025-10-28,22.0
2411,Palmeira Ursula,2025-10-29,14.2
2411,Palmeira Ursula,2025-10-30,0.0
2411,Palmeira Ursula,2025-10-31,0.4
2411,Palmeira Ursula,2025-10-31,0.4
2411,Palmeira Ursula,2025-11-01,3.8
2411,Palmeira Ursula,2025-11-02,20.6
2411,Palmeira Ursula,2025-11-03,3.8
2411,Palmeira Ursula,2025-11-04,0.2
2411,Palmeira Ursula,2025-11-05,0.0
2411,Palmeira Ursula,2025-11-06,0.0
2411,Palmeira Ursula,2025-11-07,26.4
2411,Palmeira Ursula,2025-11-08,4.4
2411,Palmeira Ursula,2025-11-09,0.0
2411,Palmeira Ursula,2025-11-10,0.0
2411,Palmeira Ursula,2025-11-11,0.0
2411,Palmeira Ursula,2025-11-12,16.6
2411,Palmeira Ursula,2025-11-13,8.8
2411,Palmeira Ursula,2025-11-14,0.0
2411,Palmeira Ursula,2025-11-15,0.0
2411,Palmeira Ursula,2025-11-16,1.0
2411,Palmeira Ursula,2025-11-17,24.2
2411,Palmeira Ursula,2025-11-18,35.2
2411,Palmeira Ursula,2025-11-19,0.2
2411,Palmeira Ursula,2025-11-20,0.0
2411,Palmeira Ursula,2025-11-21,0.0
2411,Palmeira Ursula,2025-11-22,0.0
2411,Palmeira Ursula,2025-11-23,3.8
2411,Palmeira Ursula,2025-11-24,11.4
2411,Palmeira Ursula,2025-11-25,0.0
2411,Palmeira Ursula,2025-11-26,0.0
2411,Palmeira Ursula,2025-11-27,0.0
2411,Palmeira Ursula,2025-11-28,0.0
2411,Palmeira Ursula,2025-11-29,0.0
2411,Palmeira Ursula,2025-11-30,0.0
